osm_id;osm_type;district;name;amenity;tourism;cuisine;opening_hours;website;lat;lon
76514684;node;Innere Stadt;Pizza Bizi;restaurant;;pizza;Mo-Su,PH 11:00-24:00;https://www.pizzabizi.at/;48.2096466;16.3736843
76515393;node;Innere Stadt;Korb;cafe;;;Mo-Sa 08:00-24:00;;;
76518712;node;Innere Stadt;Palmenhaus;restaurant;;breakfast;;;;
119371746;node;Innere Stadt;Salm Bräu;restaurant;;regional;;;;
249711654;node;Innere Stadt;Wiener Wiaz'haus;restaurant;;austrian;Mo-Fr 17:00-22:00;;;
249711655;node;Innere Stadt;TU Wien Mensa Freihaus;restaurant;;;Mo-Fr 08:00-14:00;https://www.mensen.at/standort/mensa-tu-wien/;48.198936;16.3674833
250601788;node;Innere Stadt;McDonald's;fast_food;;burger;Mo-Th 06:00-01:30, Fr 06:00-05:00, Sa 07:00-05:00, Su 07:00-01:30;;;
251361717;node;Innere Stadt;zum Kaiser Würstlstand;fast_food;;;Mo-Th 10:00-02:00;;;
267244783;node;Innere Stadt;Sing Your Song Karaoke;pub;;;Mo-Th 20:00-02:00;;;
267275362;node;Innere Stadt;Jazzclub ZWE;pub;;regional;;https://www.zwe.cc/;48.2162906;16.3748262
269208762;node;Innere Stadt;Restaurant SURA;restaurant;;korean;;;;
269208764;node;Innere Stadt;Cheng Chinese Cuisine;restaurant;;chinese;Mo-Fr 11:30-21:00;http://www.cheng.restaurant/;48.2071903;16.3741585
269208773;node;Innere Stadt;McDonald's;fast_food;;burger;Su-Th,PH 07:00-02:00, Fr,Sa 07:00-04:00;https://www.mcdonalds.at/1010-singerstrasse-4;48.207716;16.372115
269209053;node;Innere Stadt;Akakiko;fast_food;;japanese;Mo-Su 11:00-22:30;https://akakiko.at/;48.2076731;16.3723403
269209054;node;Innere Stadt;Aida;cafe;;coffee_shop;;;;
270066222;node;Innere Stadt;Vestibül;restaurant;;;;https://www.vestibuel.at/;48.2098341;16.3612146
277843035;node;Innere Stadt;Cafè Schrödinger;restaurant;;;Mo-Fr 09:00-16:00;;;
298347612;node;Innere Stadt;Kebap-Haus;restaurant;;turkish;;;48.1984179;16.3660632
298713610;node;Innere Stadt;Gösser Bierklinik;restaurant;;regional;Mo-Su 12:00-23:00;https://www.goesser-bierklinik.at/;48.2105229;16.3696039
306095249;node;Innere Stadt;Pointers;restaurant;;burger;;;;
309293364;node;Innere Stadt;Schikaneder;bar;;;Mo-We 17:00-01:00, Fr,Sa 17:00-04:00, Th 17:00-02:00, Su 17:00-24:00;https://www.schikaneder.at/;48.196612;16.3651253
310649397;node;Innere Stadt;Four Bells;pub;;irish;Mo-Su 16:00-24:00;https://www.fourbells.at/;48.1965758;16.3668127
316012422;node;Innere Stadt;Tachles;pub;;;Mo-We 16:00-23:00;;;
317767352;node;Innere Stadt;Cafe Stein;cafe;;;Mo-We 08:00-00:00;;;
317815743;node;Innere Stadt;Café Sperl;cafe;;coffee_shop;;;;
319734659;node;Innere Stadt;Café Central;cafe;attraction;german;Mo-Sa 08:00-21:00;;;
319735103;node;Innere Stadt;Café Hawelka;cafe;;;;https://www.hawelka.at/;48.2079556;16.3698053
321595780;node;Innere Stadt;Flanagans;pub;;;Su-Th 10:00-02:00;;;
323060577;node;Innere Stadt;Zum Friedensrichter;restaurant;;regional;Mo-Fr 15:00-23:00;;;
323060590;node;Innere Stadt;Zum Sieg;restaurant;;regional;Mo,Tu,Th,Fr 11:00-23:00;;;
329464821;node;Innere Stadt;Billardcafe Köö;cafe;;;Mo-Th 10:00-02:00;;;
333672130;node;Innere Stadt;Meierei im Stadtpark;restaurant;;breakfast;;;;
334390933;node;Innere Stadt;Bockshorn Irish Pub;pub;;;;https://www.bockshorn.at;48.2098841;16.3677
334634698;node;Innere Stadt;Toni's Café-Restaurant;restaurant;;regional;Mo-Su 08:00-24:00;http://toni-s.at;48.2130932;16.3726243
334634963;node;Innere Stadt;Fladerei Salzgries;restaurant;;fladen;;;;
334636027;node;Innere Stadt;Noa;restaurant;;;;https://www.noa.wien;48.2132357;16.3732171
334641013;node;Innere Stadt;Pickwicks;pub;;;Mo-Th 11:00-24:00;;;
335448900;node;Innere Stadt;Subway;fast_food;;sandwich;Mo-Fr 08:45-23:00;;;
335933214;node;Innere Stadt;Eatalico;restaurant;;italian;;;;
335937019;node;Innere Stadt;Contor;restaurant;;spanish;Mo-Su,PH 17:00-24:00;;48.2168765;16.3777554
338470657;node;Innere Stadt;Das GEHSTEIG;pub;;;Mo-Th 17:00-01:00;;;
338470662;node;Innere Stadt;Schank zum Reichsapfel;restaurant;;heuriger;PH off;;;
338470667;node;Innere Stadt;Bahur Tov;restaurant;;israeli;Mo-Th 16:00-22:00;;;
338470672;node;Innere Stadt;Zimmer 37;restaurant;;5-Elemente;Tu-Th 10:30-18:00;;;
338470676;node;Innere Stadt;6er Haus;pub;;;Mo-Sa 09:00-23:00;;;
338470684;node;Innere Stadt;Café Einfahrt;cafe;;;Mo-Fr 10:00-25:00;;;
338470686;node;Innere Stadt;Fliegender Holländer;restaurant;;;Mo-Fr 12:00-24:00;;48.215232;16.3766403
338470689;node;Innere Stadt;Naschkätzchen;cafe;;;;;48.217096;16.3806455
338473232;node;Innere Stadt;Brendl;pub;;;Su-Th 17:00-01:00, Fr,Sa 17:00-02:00;;48.2160352;16.3784001
339908188;node;Innere Stadt;Opern Schnitzel;fast_food;;kebab;;;;
339910920;node;Innere Stadt;Café Landtmann;cafe;;coffee_shop;;;;
340069340;node;Innere Stadt;Quick Yammy;restaurant;;asian;Su-Fr 11:00-20:30, Sa off;;48.1989782;16.3680702
343320228;node;Innere Stadt;Ma Creperie;restaurant;;french;Mo-Fr 17:00-23:30;;;
343347085;node;Innere Stadt;Der Wiener Deewan;restaurant;;indian;;;;
344666078;node;Innere Stadt;Kurkonditorei Oberlaa;cafe;;cake;;;;
345289488;node;Innere Stadt;Eleyx;bar;;;;https://www.eleyx.com/;48.2127239;16.3702618
345298530;node;Innere Stadt;Castelletto;cafe;;italian;Mo-Sa 07:00-24:00;;;
351628384;node;Innere Stadt;phil;cafe;;;Mo 15:00-23:00;;;
356746043;node;Innere Stadt;Dick Mack's;pub;;;Mo-Su 20:00-04:00;;48.2124198;16.3734523
359238262;node;Innere Stadt;Aera;restaurant;;regional;Mo-Sa 10:00-01:00;;;
359238264;node;Innere Stadt;Le Wei;restaurant;;asian;Mo-Fr 11:30-14:30, 18:00-22:00;;;
365859732;node;Innere Stadt;Gasthaus Reinthaler;restaurant;;regional;;;48.2055529;16.3689909
365865111;node;Innere Stadt;Cafe-Restaurant Ronacher;restaurant;;regional;Mo-Fr 11:30-15:00;https://www.caferonacher.com/;48.2055994;16.3750866
365865114;node;Innere Stadt;Momoya Fusion;restaurant;;asian;Mo-Su,PH 11:00-23:00;https://momoyafusion.at/;48.2054661;16.374915
367390337;node;Innere Stadt;Buxbaum Restaurant;restaurant;;regional;Mo-Sa 10:00-23:00;;48.2098925;16.3764341
367850770;node;Innere Stadt;Frühstücksraum von Hotel Post;cafe;;breakfast;Mo-Su 06:30-11:30;;48.2101521;16.3780993
370931029;node;Innere Stadt;Johnny's Pub;pub;;;Su,Mo 17:00-02:00, Tu-Sa 17:00-04:00;https://johnnys-pub.at/;48.1970101;16.3653882
370931244;node;Innere Stadt;Molly Darcy's;pub;;;Mo-Th 11:00-02:00;;;
373550671;node;Innere Stadt;Cafe Drechsler;cafe;;austrian;Mo-Fr 08:00-16:00;;;
374572860;node;Innere Stadt;Le Bistrot;restaurant;;french;Mo-Fr 09:00-15:00;;;
385285783;node;Innere Stadt;Ruby Lissi;bar;;;;;48.2109469;16.3785463
394053172;node;Innere Stadt;Cafe Mozart;cafe;;;Mo-Su 08:00-00:00;https://www.cafe-mozart.at/;48.2042359;16.3694106
394941622;node;Innere Stadt;Caffè Delia's;cafe;;;Mo-Sa 08:00-24:00, Su 10:00-24:00;;48.2100861;16.3704114
394941625;node;Innere Stadt;Kurkonditorei Oberlaa;cafe;;;Mo-Su 08:00-20:00;https://oberlaa-wien.at/standorte/standort-neuer-markt/;48.2067216;16.3707002
394941626;node;Innere Stadt;Le Bol;restaurant;;french;Mo-Sa 08:00-18:00+;;;
406361098;node;Innere Stadt;Bếp Việt;restaurant;;vietnamese;Mo-Fr,Su,PH 10:30-22:30;;48.1962325;16.3677282
409168057;node;Innere Stadt;Mani im Vierten;cafe;;;Mo-We 08:00-24:00, Th,Fr 08:00-02:00, Sa 09:00-02:00, Su 09:00-24:00;https://www.mani.wien/;48.1967604;16.3656897
409188537;node;Innere Stadt;Ra'Mien;restaurant;;asian;Tu-Su 11:00-24:00;https://www.ramien.at/;48.2001867;16.3615001
409188538;node;Innere Stadt;Weimarck;cafe;;regional;Mo-Sa 11:30-24:00;;48.198445;16.3639735
409188539;node;Innere Stadt;Café Anzengruber;restaurant;;regional;Tu-Sa 16:00-01:00;https://anzengruber.cafe;48.1977814;16.3644998
411757173;node;Innere Stadt;Beim Czaak;restaurant;;;Mo-Sa 17:00-22:00;;48.2098322;16.3787632
412345248;node;Innere Stadt;Ostmeer;restaurant;;chinese;Tu-Fr 11:30-14:30, Sa,Su 12:00-22:00, Tu-Fr 17:00-22:00;;;
412345268;node;Innere Stadt;Schwarzberg;bar;;;Mo-Sa 16:00-02:00;;;
412862778;node;Innere Stadt;Jonathan und Sieglinde;restaurant;;;Mo,Tu 09:00-15:00;;;
413128344;node;Innere Stadt;Gasthaus Stopfer;restaurant;;austrian;Mo-Fr 11:00-23:00;;;
415889061;node;Innere Stadt;Mei Wei;restaurant;;asian;;;;
415889385;node;Innere Stadt;Kostas;restaurant;;greek;Tu-Sa 11:30-22:30;;48.2013436;16.3678268
418134093;node;Innere Stadt;Griechenbeisl;restaurant;;regional;Mo-Su 12:00-23:00;https://www.griechenbeisl.at/;48.2107463;16.3772648
418164969;node;Innere Stadt;McDonald's;fast_food;;burger;Mo-Th 07:00-01:00, Fr,Sa 07:00-05:00, Su,PH 08:00-01:00;;48.2011836;16.3740532
418164970;node;Innere Stadt;Falco's Vienna;restaurant;;;Mo-Th 08:30-24:00;;;
419240555;node;Innere Stadt;Kaffee Alt Wien;cafe;;regional;Mo-Su, PH 09:00-02:00, Dec 24 off;https://www.kaffeealtwien.at/;48.2091716;16.3761236
423005412;node;Innere Stadt;Gugg;cafe;;toasts;Tu,We,Fr 19:00-24:00, Th 17:30-22:00;https://www.hosiwien.at/gugg/;48.1962274;16.3617915
423005424;node;Innere Stadt;Ubl;restaurant;;regional;;;48.1964398;16.3624168
423005429;node;Innere Stadt;Schlawiener;restaurant;;austrian;Tu-Sa 17:00-23:00+;https://www.schlawiener.wtf/;48.1964916;16.3621238
425448602;node;Innere Stadt;Crêpe & Waffles paradise;cafe;;;Mo-Su 12:00-19:00;;48.2033727;16.363197
437164262;node;Innere Stadt;GO!Wien;restaurant;;;Mo-Su 11:30-23:15;https://www.hackl-gastro.at/gowien/;48.2113888;16.3745687
437164275;node;Innere Stadt;En Wok;restaurant;;asian;Mo-Sa 11:00-21:00;https://www.enwok.at/;48.2103608;16.3776797
440396315;node;Innere Stadt;Cafe Diglas im Schottenstift;cafe;;;Mo-Fr 08:30-22:00;;;
443503611;node;Innere Stadt;Zattl;restaurant;;austrian;11:00+;https://www.zattl.at/;48.2123301;16.3641447
443503613;node;Innere Stadt;Fat Monk;restaurant;;;Mo-Fr 11:00-20:00;;;
443503615;node;Innere Stadt;Zum Leupold / Kupferdachl;restaurant;;regional;;https://www.leupold.at/;48.2129632;16.3630307
444247110;node;Innere Stadt;Badeschiff Wien;pub;;;Mo-Su 08:00-01:00;https://www.badeschiff.at;48.2117842;16.3816056
470324872;node;Innere Stadt;Da Capo;restaurant;;italian;Mo-Su 11:30-21:30;https://www.dacapo.co.at/;48.2078282;16.3763432
471037178;node;Innere Stadt;Pfudl;restaurant;;local;10:00-24:00;;48.2082376;16.3782763
471045128;node;Innere Stadt;Café Engländer;cafe;;;Mo-Sa 08:00-01:00;;;
478814056;node;Innere Stadt;Bristol Restaurant;restaurant;;regional;;;48.2028735;16.370326
478814058;node;Innere Stadt;Ristorante San Carlo;restaurant;;italian;;https://www.san-carlo.at/;48.2029897;16.3707734
478814062;node;Innere Stadt;Bodega El Gusto;restaurant;;spanish;;;48.2028356;16.3714695
478814073;node;Innere Stadt;Ko:on;fast_food;;korean;;;48.203309;16.37113
478887917;node;Innere Stadt;L'Osteria del Collio;restaurant;;italian_pizza;;;;
478887930;node;Innere Stadt;Frauenhuber;cafe;;;Mo-Sa 08:00-21:00;;;
478928080;node;Innere Stadt;Miznon;restaurant;;jewish;;;;
497126272;node;Innere Stadt;Indien Village;restaurant;;indian;Mo-Sa 11:30-14:30, 18:00-23:00;;48.2135155;16.3658763
499643069;node;Innere Stadt;Retsina;restaurant;;greek;10:30-23:30;https://www.retsina.at/;48.2131822;16.3734053
524673105;node;Innere Stadt;Saigon;restaurant;;vietnamese;Mo-Su 11:30-23:00;;48.2006764;16.3645829
526684626;node;Innere Stadt;Schwarzenberg;cafe;;;Mo-Fr 07:30-24:00;;;
526684628;node;Innere Stadt;1516 Brewing Company;restaurant;;international;;;;
526701250;node;Innere Stadt;In-Dish;restaurant;;indian;Mo-Fr 11:00-14:30,17:00-22:00;;;
530867127;node;Innere Stadt;Kleines Cafe;cafe;;;Mo-Su 10:00-02:00;;48.2065835;16.3743582
540677157;node;Innere Stadt;Vapiano;restaurant;;italian;Mo-We 11:00-22:30;;;
549357083;node;Innere Stadt;Der Mann;restaurant;;;;;48.2098939;16.3685078
549357084;node;Innere Stadt;Aida;cafe;;coffee_shop;Mo-Su 08:00-20:00;https://aida.at/;48.2099319;16.3684339
549357085;node;Innere Stadt;Zum Schwarzen Kameel;restaurant;;;Tu-Sa 12:00-14:30,17:30-24:00;https://www.kameel.at/;48.2099948;16.3683168
557985692;node;Innere Stadt;Suk Sushi;restaurant;;japanese;;;;
561058334;node;Innere Stadt;Marriotti;bar;;;;;48.2030565;16.3818754
563271467;node;Innere Stadt;Vienna Schick Bar;pub;;;Tu-Sa 19:30-02:00;;48.1969042;16.3641963
563271468;node;Innere Stadt;Beograd;restaurant;;;Tu-Sa 10:00-24:00, Su 11:00-18:00;;48.1971297;16.3638285
563271473;node;Innere Stadt;Lisboa Lounge;restaurant;;portuguese;Mo-Sa 12:00-15:00,17:00-23:00;;;
563271476;node;Innere Stadt;Nineofive;restaurant;;pizza;Mo,Th 17:00-23:00;;;
564153820;node;Innere Stadt;Akakiko;restaurant;;japanese;Mo-Su,PH 10:30-23:00;https://akakiko.at/lokale/heidenschuss;48.2110519;16.3665573
566660659;node;Innere Stadt;Stadtcafé;cafe;;;Mo-Sa 08:00-24:00, Su,PH 09:00-22:00;https://www.stadtcafe-wien.at/;48.2111943;16.3658272
566660717;node;Innere Stadt;Wrenkh;restaurant;;regional;Mo-Fr 11:00-23:00;;;
566660740;node;Innere Stadt;Funky Monkey;bar;;;Th 20:00-02:00;;;
566660742;node;Innere Stadt;Eleyx;restaurant;;;;https://www.eleyx.com/;48.2127386;16.3701731
566660785;node;Innere Stadt;Gimme Five;bar;;;;;48.2123001;16.3732201
567053680;node;Innere Stadt;Restoration il Cavadduccio;restaurant;;;;;48.2072337;16.3706407
567053686;node;Innere Stadt;lil'Italy;restaurant;;italian;;https://www.lilitaly.at/;48.2071046;16.3714674
567059350;node;Innere Stadt;Reinthaler's Beisl;restaurant;;regional;Mo-Su 11:00-23:00;https://www.reinthalersbeisl.com/;48.2080266;16.3699768
567066325;node;Innere Stadt;Crossfield's;pub;;burger;Mo-Th 10:00-01:00;;;
567066360;node;Innere Stadt;Café Bräunerhof;cafe;;regional;Mo-Fr 08:00-19:00;;;
567070930;node;Innere Stadt;Le Bol;restaurant;;french;;https://lebol.at/;48.2105159;16.3670544
567070957;node;Innere Stadt;Restaurant Bierhof;restaurant;;regional;;;48.2101821;16.3673641
567077591;node;Innere Stadt;Gustl Bauer;restaurant;;regional;closed;http://www.gustlbauer.at/;48.2114625;16.3689162
567084187;node;Innere Stadt;Neue Hoheit Brasserie;restaurant;;;Mo-Su 07:00-11:00,12:00-22:30;https://www.rosewoodhotels.com/en/vienna/dining/neue-hoheit-brasserie;48.2098213;16.3694045
567084249;node;Innere Stadt;Kolar;restaurant;;pita;Mo-Th 11:00-24:00, Fr,Sa 11:00-01:00, Su,PH 13:00-24:00;https://kolar-beisl.at/;48.210611;16.369954
567092894;node;Innere Stadt;Schachtelwirt;fast_food;;;Mo-Sa 11:30-21:00;;;
567096858;node;Innere Stadt;Salzbar;pub;;;Th 18:00-01:00;;;
567096861;node;Innere Stadt;Salzamt;restaurant;;;Mo-Su 17:00-01:00;https://salzamt-wien.at/;48.2120808;16.3740647
567097850;node;Innere Stadt;Enrico Panigl nfg.;pub;;;;https://www.enrico-panigl.at/;48.2093633;16.3781622
567097871;node;Innere Stadt;Ristorante Rossini;restaurant;;italian;;;48.2093644;16.3783241
567104171;node;Innere Stadt;Chamäleon;restaurant;;swiss;Tu-Sa 11:00-22:00;;;
567332964;node;Innere Stadt;Steak Point;restaurant;;steak_house;Mo-Su 12:00-23:00;https://www.steakpoint.at/;48.2034196;16.372125
568843965;node;Innere Stadt;Würstelbox;fast_food;;sausage;;;48.20232;16.3791423
571786498;node;Innere Stadt;Heindls Schmarren & Palatschinkenkuchl;restaurant;;pancake;10:00-24:00;https://www.palatschinkenkuchl.wien/;48.2102734;16.3759994
581027412;node;Innere Stadt;Artner;restaurant;;fine_dining;;https://www.artner.co.at/;48.2062943;16.3740748
601411122;node;Innere Stadt;Happy Noodles;fast_food;;asian;;;48.2115292;16.3778106
601411472;node;Innere Stadt;Zapfmeisterei Bermuda Bräu;restaurant;;regional;Mo-Th 15:00-24:00;;;
601411477;node;Innere Stadt;Krah, Krah;restaurant;;;Mo-Su 11:00-02:00;http://www.krah-krah.at;48.2117486;16.3754175
601412758;node;Innere Stadt;Nordsee;fast_food;;seafood;Mo-Su,PH 09:00-23:00;;48.2097893;16.3738862
601412786;node;Innere Stadt;Starbucks;cafe;;coffee_shop;Su-We 07:00-21:30;;;
618283970;node;Innere Stadt;Salon Wichtig;fast_food;;asian;Mo-Fr 11:30-15:00;http://salonwichtig.com/;48.1967438;16.3694761
618284053;node;Innere Stadt;Alt-Wiener Gasthaus Buchecker und Sohn;restaurant;;regional;Mo-Sa 12:00-22:30;https://www.gasthaus-bucheckerundsohn.at/;48.1970001;16.3711774
618284057;node;Innere Stadt;Café dein Alter Ego;restaurant;;;;;48.1974037;16.3699196
619522966;node;Innere Stadt;Aida;cafe;;coffee_shop;Mo-Su 08:00-20:00;https://aida.at/;48.2151423;16.3615646
637647125;node;Innere Stadt;Kojiro 2;restaurant;;japanese;Mo-Sa 11:30-21:00;;48.1977336;16.3651343
637647128;node;Innere Stadt;Kojiro 1;restaurant;;japanese;;;;
637819745;node;Innere Stadt;Chili Melody;restaurant;;chinese;Mo-Tu,Th-Fr 11:30-15:00,17:30-22:30;;;
637820915;node;Innere Stadt;Tofu und Chili;restaurant;;asian;Mo-Sa 11:30-22:00;;48.1987708;16.3630735
653112532;node;Innere Stadt;Anker;cafe;;;Mo-Fr 05:00-19:00;;;
668640708;node;Innere Stadt;Aida;cafe;;coffee_shop;;;;
679758039;node;Innere Stadt;Würstlstandl;fast_food;;sausage;;;48.2134073;16.3632757
687758947;node;Innere Stadt;Bodega Marques;restaurant;;spanish_tapas;Mo-Sa 17:00-01:00;;;
696546391;node;Innere Stadt;Vollpension Generationencafé;cafe;;cake;;;;
696546392;node;Innere Stadt;Z'som;restaurant;;;We-Su 18:00-23:00;https://zsom-restaurant.at/;48.1975365;16.3719924
817436691;node;Innere Stadt;Neni;restaurant;;israeli;Mo-Sa 08:00-23:00;https://www.neni.at/;48.197899;16.362127
839356635;node;Innere Stadt;La Scala;restaurant;;italian;Mo-Sa 11:00-23:00;http://lascala.at;48.2027203;16.3638971
839473189;node;Innere Stadt;Cafe Diglas Wollzeile;cafe;;;Mo-Fr 08:00-22:30;;;
844543582;node;Innere Stadt;Blue Orange;cafe;;;Mo-Fr 07:30-18:00;;;
844544378;node;Innere Stadt;Rohrböck Gastwirtschaft;restaurant;;regional;Mo-Th 16:15-23:00;https://www.gastwirtschaftrohrboeck.com;48.1978087;16.3670596
844547954;node;Innere Stadt;Dea Food;fast_food;;kebab;;;48.2167089;16.3714745
844548236;node;Innere Stadt;Dea Food;fast_food;;pizza;;;48.2168347;16.3713406
854902860;node;Innere Stadt;Pizzeria Grado;restaurant;;pizza;Tu-Su 10:30-22:00;https://www.pizzeria-grado.at/;48.2021036;16.3826363
870980192;node;Innere Stadt;Fledermaus;bar;;;Tu off;https://www.fledermaus.at/;48.2078615;16.3703219
892215628;node;Innere Stadt;Burger King;fast_food;;burger;Fr,Sa 10:00-24:00, Su-Th 10:00-23:00;;48.2045392;16.3714657
893028434;node;Innere Stadt;das Hegel;cafe;;regional;Th-Su 17:00-23:00;https://www.dashegel.at/;48.2035189;16.3758028
894087114;node;Innere Stadt;Sesch Besch;restaurant;;oriental;Su-Th 10:00-24:00;;;
894087120;node;Innere Stadt;Kotor;cafe;;;;;48.2032311;16.3759528
894087141;node;Innere Stadt;Sino 1;fast_food;;asian;Mo-Fr 11:30-16:30;;48.2031258;16.3732158
901058081;node;Innere Stadt;Huth Gastwirtschaft;restaurant;;regional;Mo-Su 12:00-24:00;https://www.huth-gastwirtschaft.at/;48.2043469;16.3753527
901058136;node;Innere Stadt;Paul und Anna;restaurant;;breakfast;;;;
901058189;node;Innere Stadt;Der Bettelstudent;restaurant;;regional;Mo-Tu 11:00-24:00;;;
901058218;node;Innere Stadt;Bettel Student;bar;;;Mo-Th 11:00-12:00, Fr,Sa 11:00-02:00, Su 11:00-12:00;https://www.bettel-alm.at/;48.2041025;16.3744638
901058229;node;Innere Stadt;da Moritz Huth;restaurant;;italian;Mo-Su 12:00-24:00;https://www.damoritz.at/;48.2045912;16.3753227
901058296;node;Innere Stadt;Grappino;restaurant;;italian;;https://ristorantegrappino.eatbu.com/;48.2034205;16.3734306
901058327;node;Innere Stadt;Mnozil's Gastwirtschaft zum Kellergwölb;restaurant;;regional;;https://www.kellergwoelb.com/;48.2046259;16.3744617
902496915;node;Innere Stadt;Mama Kraft;pub;;;Su-We 12:00-23:00;;;
902496928;node;Innere Stadt;Roo Bar;pub;;pizza;;;;
902496930;node;Innere Stadt;Mama & der Bulle;restaurant;;steak_house;Mo-Su 12:00-24:00;https://www.mamaundderbulle.at/;48.204493;16.3755519
902496931;node;Innere Stadt;Tian Restaurant;restaurant;;;Tu-Sa,PH 12:00-24:00;;;
902496940;node;Innere Stadt;Cafe-Confiserie Ronacher;cafe;;regional;Tu,We 14:00-19:00;;;
902496942;node;Innere Stadt;Chuan;restaurant;;chinese;Mo-Su 12:00-23:00;https://www.chuan.at/;48.2045732;16.3758891
904303308;node;Innere Stadt;Joyce;restaurant;;;Mo-Fr 11:30-22:00;;;
912021095;node;Innere Stadt;Essdur;restaurant;;;;https://essdur.at/;48.200581;16.3780461
913963125;node;Innere Stadt;Herlitschka;restaurant;;regional;Su-Th 12:00-23:00;;;
913963143;node;Innere Stadt;Gmoakeller;restaurant;;regional;Mo-Sa 11:00-00:00;https://www.gmoakeller.at/;48.2004567;16.3786778
914811860;node;Innere Stadt;Pizza - Kebap;fast_food;;pizza;;;;
920427496;node;Innere Stadt;Daniel Moser;cafe;;;;;48.2105441;16.3749331
923938958;node;Innere Stadt;Santa Lucia;restaurant;;italian;Mo-Fr 10:30-14:30,17:30-22:00;;;
923938959;node;Innere Stadt;Arco;restaurant;;;Mo-Fr 11:30-15:30;https://www.arco-wien.at/;48.1996669;16.3796178
923938963;node;Innere Stadt;Hühnermann;fast_food;;chicken;Mo-Fr 08:00-17:00;;48.1989041;16.379907
923938964;node;Innere Stadt;Café am Heumarkt;cafe;;;Mo-Fr 10:00-23:00;;;
947077611;node;Innere Stadt;HAN am Stadtpark;restaurant;;korean;Tu-Fr 17:00-22:00;;;
947077620;node;Innere Stadt;To Ellinikon;restaurant;;greek;Mo-Fr 11:00-15:00,17:00-23:00;;;
948462273;node;Innere Stadt;Goldy's;fast_food;;;;;48.2037181;16.3718969
948462336;node;Innere Stadt;Conditorei Sluka;cafe;;;Mo-Th 08:00-20:00;;;
948462380;node;Innere Stadt;Asiam;restaurant;;asian;Mo-Fr 11:00-15:00;;48.2039289;16.3711091
948462441;node;Innere Stadt;Al Caminetto;restaurant;;italian_pizza;;;;
948462468;node;Innere Stadt;Chen's Ramen;restaurant;;chinese;We-Mo 11:30-21:30;https://chens.eatbu.com/;48.2039946;16.3714311
948462504;node;Innere Stadt;Café am Dom;restaurant;;;;;48.2086271;16.3719733
948462526;node;Innere Stadt;Vilveta Bar;bar;;;;;48.2038184;16.3715246
948462584;node;Innere Stadt;Takumi Ramen;restaurant;;ramen;Mo-Su 12:00-21:30;https://www.takumiramennoodles.com;48.2040713;16.3712194
948462588;node;Innere Stadt;Smoothie & Juice Bar;fast_food;;juice;Mo-Fr 08:00-19:00;;;
948605663;node;Innere Stadt;Nordsee;fast_food;;seafood;Mo-Su 08:30-23:30;;48.2060137;16.3715673
948703166;node;Innere Stadt;Gasthaus Pöschl;restaurant;;austrian;Mo-Sa 12:00-23:00;https://gasthauspoeschl.com;48.2066571;16.3738582
948703255;node;Innere Stadt;Restaurant zum weißen Rauchfangkehrer;restaurant;;regional;;https://www.weisser-rauchfangkehrer.at/;48.2068834;16.3728105
956080252;node;Innere Stadt;Uno-Duo-Tre;restaurant;;italian;Mo-Th 08:00-22:00, Fr-Su 08:00-23:00;https://unoduetre.at/;48.2031626;16.3820172
956080337;node;Innere Stadt;Asia Bistro;restaurant;;asian;Mo-Fr 11:00-14:30, Tu,Th 18:00-20:00;;48.2002117;16.3811061
956080380;node;Innere Stadt;Cafe Bar Old Splendor;pub;;;Mo-Fr 11:00-23:00;https://www.cafe-oldsplendor.at/;48.2020985;16.3831443
956159131;node;Innere Stadt;New York Bar;bar;;;;http://www.newyork-bar.at/;48.2043363;16.3717832
956159141;node;Innere Stadt;Mama's Ramen;restaurant;;chinese;;;48.2062034;16.3735609
956159161;node;Innere Stadt;Trattoria La No;restaurant;;italian;Tu-Sa 11:30-14:30,18:00-22:00;;;
956159179;node;Innere Stadt;Natürlich Wrenkh;restaurant;;;Mo-Fr 11:00-17:00;;48.2059777;16.372311
956159191;node;Innere Stadt;Wienerwald;restaurant;;regional;11:00-22:00;;48.2046047;16.3712022
956159203;node;Innere Stadt;Morris;restaurant;;local;;;48.2042886;16.3722884
956159205;node;Innere Stadt;Stadtheuriger Gigerl;restaurant;;local;Mo-Th 15:30-24:00;;;
956159223;node;Innere Stadt;Ristorante Sole;restaurant;;italian;;https://www.ristorante-sole.at/;48.2042732;16.3719926
956159244;node;Innere Stadt;All Reis;restaurant;;thai;Mo-Su 11:00-22:00;https://www.allreis.com;48.2062086;16.3732363
956430037;node;Innere Stadt;Pisco Latinbar;bar;;;;;48.2059003;16.3759374
956430055;node;Innere Stadt;L. Heiner Hofzuckerbäcker;cafe;;;Mo-Sa 09:00-18:30;;;
956430057;node;Innere Stadt;Plachutta;restaurant;;local;Mo-Su 11:30-23:30;https://www.plachutta-wollzeile.at/;48.2075481;16.378755
956430067;node;Innere Stadt;Lord of S;restaurant;;oriental;Mo-Su 11:00-02:00;https://lordofs.com/;48.2058797;16.3783111
956430106;node;Innere Stadt;Ristorante Al Borgo;restaurant;;italian;Mo-Fr 11:30-15:00,18:00-24:00;;;
956430111;node;Innere Stadt;Il Bosso;cafe;;;Mo-Sa 12:00-22:00;;;
956430114;node;Innere Stadt;Cantinetta La Norma;restaurant;;italian;Mo-Su 11:00-00:00;https://www.lanorma.at;48.2068074;16.3745946
956430117;node;Innere Stadt;Harry's Bar;bar;;;;;48.2057725;16.3785712
956430121;node;Innere Stadt;Pürstner;restaurant;;regional;Mo-Su 10:00-24:00;http://puerstner.com/;48.2070491;16.3764644
956430125;node;Innere Stadt;XO Grill;fast_food;;burger;Mo-Su,PH 12:00-22:00;https://www.xo-grill.at/;48.2077406;16.3773621
956430126;node;Innere Stadt;Restaurant zu den 3 Hacken;restaurant;;regional;Mo-Sa 11:30-23:00;https://www.zuden3hacken.at/;48.2062437;16.3758573
956430135;node;Innere Stadt;Hillinger Wineshop & Bar;bar;;;Tu-Sa 15:00-23:00;https://www.leo-hillinger.com/wineshops/;48.2082188;16.3771324
956430137;node;Innere Stadt;Seiler's;bar;;;;http://www.cristall-cafe.at/;48.2063101;16.3768873
956430160;node;Innere Stadt;Aida;cafe;;coffee_shop;;;;
956430162;node;Innere Stadt;Ristorante Firenze Enoteca;restaurant;;italian;Mo-Su 12:00-22:00;;48.2078671;16.3723947
956432196;node;Innere Stadt;Weibels Wirtshaus;restaurant;;local;Mo-Su 11:30-00:00;https://www.weibel.at/;48.2076756;16.3759706
956432227;node;Innere Stadt;Santo Spirito;restaurant;;;;https://www.santospirito.at/;48.2073196;16.3759548
957695876;node;Innere Stadt;The Kent;restaurant;;;;;48.2050886;16.3717188
957695882;node;Innere Stadt;McDonald's;fast_food;;burger;Mo-Th,Su 07:00-01:00;;;
957695888;node;Innere Stadt;Metro Kinobar;cafe;;bistro;Mo-Fr 17:00-23:00;;;
957695894;node;Innere Stadt;City Kebab;fast_food;;kebab;Mo-Th 09:00-24:00, Fr,Sa 09:00-06:00, Su 09:00-24:00;;48.2052661;16.3715506
957695900;node;Innere Stadt;Cafe Porta;cafe;;;Mo-Sa 18:00-24:00;http://www.cafe-porta.com/;48.2083193;16.3749277
957695903;node;Innere Stadt;Eisgrotte;cafe;;ice_cream;;;48.2056132;16.3732901
957695904;node;Innere Stadt;Danieli;restaurant;;italian;Mo-Su 11:00-24:00;https://www.danieli.at/;48.2059321;16.3719407
964884519;node;Innere Stadt;Demel;cafe;;;Mo-Su 10:00-19:00;http://www.demel.at/;48.2086051;16.367211
991984348;node;Innere Stadt;Inigo;restaurant;;international;Mo-Fr 10:30-23:00;https://inigo.at/;48.2085651;16.3771347
1009032977;node;Innere Stadt;FreyBier;bar;;;;;48.2121012;16.3643218
1016849141;node;Innere Stadt;Heartbeat;bar;;;;;48.2116576;16.3736846
1066143899;node;Innere Stadt;Imperial Bar;bar;;;;;48.2013063;16.3729296
1076021076;node;Innere Stadt;Österreicher im MAK;restaurant;;;;https://www.oesterreicherimmak.at/;48.2075637;16.3816084
1152590804;node;Innere Stadt;Lhotzkys Literaturbuffet;cafe;;;Tu-Fr 10:00-18:00;;;
1157535963;node;Innere Stadt;Fein Essen;restaurant;;international;Mo-Fr 11:30-16:00;;;
1161707075;node;Innere Stadt;Cafe Tirolerhof;cafe;;breakfast;;;;
1168924767;node;Innere Stadt;Donburi;restaurant;;japanese;Mo-Sa 11:30-22:00;;;
1179555826;node;Innere Stadt;Café Ministerium;cafe;;regional;Mo-Fr 07:00-20:00;;;
1202206533;node;Innere Stadt;Subway;fast_food;;sandwich;Su-Th 10:30-22:30;;;
1202223902;node;Innere Stadt;Alef-Alef;restaurant;;;Mo-Th 17:00-22:00;https://www.alefalef.at/;48.2117023;16.3741316
1202227684;node;Innere Stadt;Gutenberg;restaurant;;;Mo-Su 11:00-01:00;;48.2097643;16.3745702
1203033837;node;Innere Stadt;Lindenkeller;restaurant;;regional;Mo-Su 11:00-23:00;;48.2103493;16.374659
1203034330;node;Innere Stadt;Rot 12;bar;;;;;48.2104057;16.3747466
1203035338;node;Innere Stadt;Hinterholz;restaurant;;;We-Sa 16:30-23:00;;48.2104334;16.3747814
1209007877;node;Innere Stadt;Fabios;restaurant;;italian;Mo-Th 09:00-24:00;;;
1210661838;node;Innere Stadt;Im Werd 1;pub;;;Tu-Sa 20:00-24:00+;;48.2171929;16.3761477
1210661841;node;Innere Stadt;Cafe Gärtner;cafe;;;;;48.2173294;16.376192
1210670878;node;Innere Stadt;TeWa;restaurant;;breakfast;;;;
1210670886;node;Innere Stadt;Asia House;restaurant;;asian;11:30-15:00,17:30-22:30;;48.217016;16.3777852
1210670891;node;Innere Stadt;Kamala;restaurant;;thai;Mo-Fr 11:00-15:00,18:00-21:00;;;
1272830638;node;Innere Stadt;Restaurant Bukowina;restaurant;;romanian;Tu-Su 12:00-22:00;;48.2061837;16.3733474
1298534106;node;Innere Stadt;Gorilla Kitchen;fast_food;;sandwich;;;;
1301361978;node;Innere Stadt;Kaffeerösterei Alt Wien;cafe;;;Mo-Fr 10:00-18:00;;;
1307579567;node;Innere Stadt;Výtopna;pub;;burger;;;;
1308579742;node;Innere Stadt;Civediamo;bar;;;Mo-Sa 16:00-23:00;;48.2080721;16.378886
1308610739;node;Innere Stadt;Frau Mayer;bar;;regional;Tu, Th 16:30-00:00;;;
1308621529;node;Innere Stadt;A Barraca;restaurant;;portuguese;Mo-Fr 11:30-15:30,17:30-23:30;;;
1308631625;node;Innere Stadt;Alles Wurscht;fast_food;;regional;Mo-Sa 11:30-22:00;https://alleswurscht.at;48.2143208;16.3667367
1308636116;node;Innere Stadt;Hidden Kitchen;restaurant;;;Mo-Fr 11:00-15:00;https://www.hiddenkitchen.at;48.2122758;16.3688974
1308639755;node;Innere Stadt;Zum finsteren Stern;restaurant;;;;https://www.zumfinsterenstern.at/;48.2110925;16.369107
1308644177;node;Innere Stadt;Ella's;restaurant;;italian;Mo-Sa 11:00-24:00;;48.2117783;16.3696895
1308646939;node;Innere Stadt;die Feinkosterei;restaurant;;regional;;https://www.feinkosterei.wien;48.2117666;16.3692152
1308654562;node;Innere Stadt;Duchardt;restaurant;;fine_dining;Mo-Fr 18:00-24:00, Tu-Fr 12:00-15:00;https://duchardt.at/;48.209232;16.3768642
1308661139;node;Innere Stadt;Stuwer Schottentor;restaurant;;austrian;Mo-Sa 17:30-23:00;https://stuwer.com/stuwer1010/;48.2135825;16.3654807
1308665381;node;Innere Stadt;Chii;restaurant;;;;https://ziizuu.com/;48.212928;16.3617954
1308667841;node;Innere Stadt;Wein & Co;bar;;;Mo-We 10:00-24:00;;;
1308669727;node;Innere Stadt;Wein & Co;restaurant;;international;Mo-We 10:00-22:00, Th-Sa 10:00-24:00, Su,PH 11:00-20:00;https://www.weinco.at/;48.2090629;16.3716936
1354675459;node;Innere Stadt;Hong Kong Cafe;restaurant;;;Mo-Fr 11:00-20:00;;;
1362442780;node;Innere Stadt;Perrella;cafe;;ice_cream;Mo-Su,PH 09:30-20:00;;48.2073435;16.3793791
1362500391;node;Innere Stadt;La Massa;restaurant;;italian;;;;
1363294980;node;Innere Stadt;Xpedit;restaurant;;italian;Mo-Fr 11:30-24:00;https://www.xpedit.at/;48.2106079;16.3813677
1365266760;node;Innere Stadt;Patara;restaurant;;thai;Mo-Sa 12:00-15:00,17:30-23:00;;;
1370932236;node;Innere Stadt;Papas;pub;;kebab;;;;
1409415147;node;Innere Stadt;Köstlich;restaurant;;;Mo-Th 11:30-16:00;;;
1418445193;node;Innere Stadt;Fladerei Berggasse;restaurant;;fladen;;;;
1426806930;node;Innere Stadt;Figlmüller;restaurant;;austrian;Mo-Su 11:00-22:30;https://www.figlmueller.at/;48.2094207;16.3748431
1436669612;node;Innere Stadt;Brezel Gwölb;restaurant;;austrian;11:30-24:00;https://www.brezl.at/;48.2118152;16.3686916
1438788580;node;Innere Stadt;Levante;restaurant;;lebanese;;http://www.levante.at/;48.2093447;16.3674012
1438788587;node;Innere Stadt;Il Tempo;restaurant;;italian;;http://iltempo.at;48.2092801;16.3675038
1438788599;node;Innere Stadt;Nordsee;fast_food;;seafood;Mo-Su,PH 10:00-21:00;;48.2091821;16.3679469
1438797383;node;Innere Stadt;Radatz;fast_food;;;Mo-Th 07:30-18:00;;;
1438797384;node;Innere Stadt;Wulfisch;restaurant;;fish_and_chips;;;;
1453831920;node;Innere Stadt;Koh-i-noor;restaurant;;indian;11:30-14:30;;;
1454374331;node;Innere Stadt;Aux Gazelles;restaurant;;french;;;;
1483321286;node;Innere Stadt;Melker Stiftskeller;restaurant;;regional;Tu-Sa 17:00-23:30;https://www.melkerstiftskeller.at/;48.2122736;16.363614
1524647218;node;Innere Stadt;Babette's;restaurant;;;Mo-Fr 10:00-19:00;;;
1532450178;node;Innere Stadt;Seoul;restaurant;;korean;Mo-Sa 11:30-14:30,18:00-22:00;;;
1532450179;node;Innere Stadt;Shin Taiwanese Eatery;restaurant;;taiwanese;Mo-Fr 11:30-22:00;;;
1563596967;node;Innere Stadt;L'asino che ride;restaurant;;italian;Mo-Su,PH 11:00-24:00;http://www.lasinocheride.at/;48.2058923;16.3679829
1588468283;node;Innere Stadt;Actress Lounge;bar;;;;;48.2063405;16.3774348
1591079266;node;Innere Stadt;Addicted to Rock;bar;;;Mo-Sa 11:30-18:00+;;;
1591079269;node;Innere Stadt;Felixx;restaurant;;regional;Mo-Su 18:00-02:00;;48.2006846;16.3619908
1591079460;node;Innere Stadt;ShanghaiTan;restaurant;;chinese;Mo-Th 11:30-14:30, 17:00-00:00;;;
1610928010;node;Innere Stadt;Fett+Zucker;cafe;;;Mo-Fr 13:00-21:00;;;
1640430322;node;Innere Stadt;Augenweide;restaurant;;steak_house;Mo-Sa 11:30-23:00;https://augenweide.wien;48.2129495;16.3780592
1640437064;node;Innere Stadt;Wunderbar;pub;;;Mo-Su 17:00-02:00;http://www.facebook.com/WunderBarWien;48.2094749;16.3775515
1672651160;node;Innere Stadt;Iris Modern Greek;restaurant;;greek;;;48.1997542;16.3653796
1672651270;node;Innere Stadt;Nautilus;restaurant;;fish;Mo-Sa 11:00-23:00;;;
1672651272;node;Innere Stadt;Zur Eisernen Zeit;restaurant;;austrian;Mo-Th,Sa 11:00-23:00;;;
1674378721;node;Innere Stadt;Ofenloch;restaurant;;regional;Mo-Sa 11:00-23:00;https://www.restaurant-ofenloch.at/;48.210901;16.3697764
1678557781;node;Innere Stadt;Plachuttas Gasthaus zur Oper;restaurant;;regional;Mo-Su 11:00-24:00;https://www.plachutta.at/index.php?id=95;48.2035744;16.3711372
1691943627;node;Innere Stadt;Breakfast Club;cafe;;;We-Fr 08:00-14:00;;;
1708782898;node;Innere Stadt;Amananths Place;pub;;;Fr-Sa 19:00-04:00;http://www.amananths-place.com/;48.2175931;16.3619304
1708782952;node;Innere Stadt;Kafe‘de.;cafe;;coffee_shop;Mo-Fr 10:00-21:00;;48.2176907;16.3618479
1708783889;node;Innere Stadt;Mr. Noodle;fast_food;;asian;PH,Mo-Su 10:00-22:00;;48.2179195;16.3620053
1708784070;node;Innere Stadt;Cocore;restaurant;;italian;;;;
1715947090;node;Innere Stadt;Novellino kosher food;restaurant;;;Mo-Th 12:00-14:45,17:00-21:45;;;
1717868175;node;Innere Stadt;Zum alten Hofkeller;restaurant;;regional;Mo-Fr 11:00-14:00;;48.2081633;16.3650513
1729158193;node;Innere Stadt;Vinothek Eulennest;restaurant;;;Tu-Sa 16:00-22:00;https://www.eulennest.at/;48.197895;16.3658391
1729254629;node;Innere Stadt;Sekt Comptoir;bar;;;We,Th 17:00-23:00;;;
1729255371;node;Innere Stadt;Xeno;bar;;;Fr 18:00-02:00, Sa 18:00-04:00;http://www.xeno.at/;48.1980274;16.3641846
1730779756;node;Innere Stadt;Nagoya Susji;restaurant;;;Mo-Fr 11:30-22:30, Su 11:30-21:30;;48.1968805;16.3659399
1730938065;node;Innere Stadt;Otto e Mezzo;restaurant;;italian_pizza;Tu-Sa 18:00-21:30;http://www.otto-e-mezzo.at/;48.1981985;16.3643052
1731090910;node;Innere Stadt;Hanil Sushi;restaurant;;sushi;Mo-Tu off;;;
1732209431;node;Innere Stadt;Uni Café;cafe;;;Mo-Th 11:30-23:00;;;
1732241000;node;Innere Stadt;Manzana Restaurante;restaurant;;spanish;Mo-Sa 17:00-23:00;https://manzana.at/;48.1978476;16.3696074
1732434815;node;Innere Stadt;Wunderladen;cafe;;;We,Th 13:00-19:00;;;
1732434827;node;Innere Stadt;Gorilla Bar;fast_food;;sandwich;;;;
1747565716;node;Innere Stadt;Classico;cafe;;ice_cream;Mo-Fr 09:00-20:00;;;
1751349362;node;Innere Stadt;Imperial Cafe;cafe;;coffee_shop;;;48.2012162;16.3733827
1756941534;node;Innere Stadt;Chill out;bar;;;17:00-02:00;http://www.chillout-lounge.at/;48.2118009;16.3721828
1764201661;node;Innere Stadt;Top Kino Bar;bar;;;Mo-We 11:00-00:00;;;
1764647426;node;Innere Stadt;ebi mini;restaurant;;asian;Mo-Fr 11:30-15:30,17:30-22:30;;;
1779876734;node;Innere Stadt;Nam Nam Dabba;restaurant;;indian;Mo-Fr 11:30-14:30;https://www.nam-nam.at/dabba/;48.1984377;16.3659621
1779876876;node;Innere Stadt;Tasty Kebap & Pizza;fast_food;;kebab;;;;
1779876974;node;Innere Stadt;Yong Street Food;fast_food;;asian;;;;
1822949326;node;Innere Stadt;Cafe Glaser;cafe;;;Mo-Fr 08:00-02:00;;;
1832531890;node;Innere Stadt;ef16;restaurant;;;Mo-Su 17:30-23:30;;48.2104257;16.3767041
1838694688;node;Innere Stadt;Süd Länder Cafe Bistro;restaurant;;mediterranean;Tu-Fr 11:30-14:30,17:00-22:00;;;
1859898476;node;Innere Stadt;Maschu Maschu;fast_food;;israeli;closed;;;
1859898477;node;Innere Stadt;Hab's Burger;fast_food;;burger;Mo-Th 12:00-23:00, Fr,Sa 12:00-24:00, Su 12:00-23:00;;48.211957;16.3754105
1874061405;node;Innere Stadt;Vietthao;restaurant;;asian;Tu-Sa 16:00-22:00;;48.2012719;16.3685315
1881666783;node;Innere Stadt;Le Petit Bazar;cafe;;;Mo-Fr 10:00-18:30;;;
1889771200;node;Innere Stadt;Minze;restaurant;;thai;Mo-Sa 11:30-22:00;https://www.minzevn.at;48.2166005;16.3773324
1911170470;node;Innere Stadt;U Box;fast_food;;kebab;;;;
1916813668;node;Innere Stadt;Altes Rathaus;cafe;;;Mo-Fr 11:00-22:00;;;
1917166455;node;Innere Stadt;Juice factory;cafe;;;Mo-Fr 07:30-18:00;;;
1919079477;node;Innere Stadt;Zwölf Apostelkeller;restaurant;;regional;11:00-24:00;https://www.zwoelf-apostelkeller.at/;48.2098211;16.3757309
1924276045;node;Innere Stadt;Blue Bar;bar;;;;;48.2092086;16.3769784
1930466965;node;Innere Stadt;Fine Fine;restaurant;;italian;Mo-Sa 11:00-23:00;;;
1930467033;node;Innere Stadt;trude und töchter: und töchter;cafe;;;Tu-We,Fr 09:00-18:00;;;
1943204056;node;Innere Stadt;Wohlleben;restaurant;;;Tu-Sa 12:00-22:30;https://www.wohlleben.wien/;48.1966416;16.3739932
1944670145;node;Innere Stadt;La Taverna del Duca;restaurant;;;We-Su 12:00-22:00;;48.2062034;16.3678125
1944670150;node;Innere Stadt;Starbucks;cafe;;coffee_shop;Mo-Fr 08:00-20:00;;;
1944670434;node;Innere Stadt;Wiener Würstl;fast_food;;;;;48.2079087;16.3711797
1944671022;node;Innere Stadt;Kuckuck;restaurant;;regional;;https://www.derkuckuck.com/;48.2054694;16.3737916
1944671128;node;Innere Stadt;Johann;restaurant;;;;http://www.restaurantjohann.at/;48.2035612;16.3777184
1949363099;node;Innere Stadt;Nightfly's American Bar;bar;;;;https://www.nightflys.at/;48.2071587;16.3690865
1949411509;node;Innere Stadt;Club Berlin;bar;;;Su-Th 18:00-02:00;;;
1949411512;node;Innere Stadt;Dino's Apothecary Bar;bar;;;Mo-Th 18:00-03:00, Fr 18:00-04:00, Sa 19:00-04:00, Su 19:00-02:00;;48.2132963;16.3708365
1949419327;node;Innere Stadt;Kleinod Prunkstück;bar;;;;;48.2093369;16.3753437
1952352277;node;Innere Stadt;Café Prückel;cafe;;regional;Mo-Su 08:30-22:00;https://www.prueckel.at;48.2076076;16.3804174
1954556171;node;Innere Stadt;Anker;cafe;;;Mo-Fr 06:30-18:00;;48.2105666;16.3822315
1954568017;node;Innere Stadt;Sapori d' Italia;restaurant;;italian;Mo-Fr 10:00-23:00;;48.210806;16.3802056
1958068785;node;Innere Stadt;McDonald's;fast_food;;burger;PH Su-Th 07:00-02:00;;;
1968774256;node;Innere Stadt;Lubella;restaurant;;international;;https://www.lubella.at/;48.204665;16.37017
1968774258;node;Innere Stadt;Ribs of Vienna;restaurant;;austrian;Mo-Fr 12:00-15:00,17:00-24:00;;;
1969920409;node;Innere Stadt;Cha No Ma;cafe;;japanese;Mo-Sa 11:00-18:00;;;
1970390505;node;Innere Stadt;Mon Cher;bar;;;;;48.2026897;16.366591
1988328669;node;Innere Stadt;Giorgina;restaurant;;austrian;Mo-Fr 09:00-23:00;;;
1996706550;node;Innere Stadt;Goldene Zeiten;restaurant;;chinese;Mo-Su 11:30-15:00,18:00-23:00;https://www.goldenezeiten.at/;48.20793;16.379626
2098809987;node;Innere Stadt;l'autentico;restaurant;;italian;;https://www.lautentico.at/lautentico-1090/;48.2182044;16.3648934
2113423706;node;Innere Stadt;Joma;restaurant;;international;Mo-Su 08:00 - 02:00;https://www.joma-wien.at/;48.2109441;16.3733515
2113476871;node;Innere Stadt;Onyx Bar;bar;;;;;48.2083413;16.3717776
2113486562;node;Innere Stadt;DO&CO am Stephansplatz;restaurant;;international;Mo-Su 12:00-15:00,18:00-24:00;https://www.doco.com/de/restaurants/;48.2083306;16.3716677
2113489038;node;Innere Stadt;DO&CO Albertina;restaurant;;international;Su,Mo 09:00-18:00;;;
2124106507;node;Innere Stadt;Bitzinger Augustinerkeller;restaurant;;;Mo-Tu off;https://bitzinger.wien/de/the-cellar/;48.2045802;16.3685697
2133047687;node;Innere Stadt;Bastei Beisl;restaurant;;regional;Mo-Fr 09:00-24:00;;;
2146196525;node;Innere Stadt;Tokki;restaurant;;korean;Mo-Fr 12:00-23:00;https://www.tokki.at/home/;48.1990239;16.3640808
2152354132;node;Innere Stadt;Das Kolin;restaurant;;hipster;Mo-Th 11:00-24:00;;;
2162384112;node;Innere Stadt;Mikata;restaurant;;japanese;Mo-Fr 11:30-15:00, 17:30-22:00;;;
2257658060;node;Innere Stadt;Cantinetta Antinori;restaurant;;italian;Mo-Su 11:30-23:30;https://cantinetta-antinori.com/;48.2089781;16.3718708
2258175756;node;Innere Stadt;Mel's Craft Beers & Diner;pub;;;Mo-Su 11:00-02:00;https://paddysco.at/mels-craft-beers-diner/;48.2120306;16.3699355
2275586098;node;Innere Stadt;Gegenbauer Cafe & Rösterei;cafe;;coffee_shop;Mo-Fr 10:00-18:00;;;
2313068140;node;Innere Stadt;Philosoph;pub;;;Su-Th 17:00-02:00;;;
2360936743;node;Innere Stadt;Jazzland;pub;;;Mo-Sa 19:00+;;48.2120903;16.3747488
2370729313;node;Innere Stadt;Trattoria Salieri;restaurant;;italian;;;;
2374032542;node;Innere Stadt;Das Loft;restaurant;;;Mo-Th 06:30-10:30, 16:00-01:00;;;
2397484585;node;Innere Stadt;Katscheli;cafe;;;Mo-Sa 10:00-24:00;;48.2165596;16.3793146
2418263567;node;Innere Stadt;L'Ombra;restaurant;;italian;Mo-Sa 09:30-23:00;;;
2463089725;node;Innere Stadt;Starbucks;cafe;;coffee_shop;Mo-Fr 06:30-21:00;;;
2476501165;node;Innere Stadt;Bergstation Tirol;bar;;;;https://www.bergstation-tirol.at/;48.2006052;16.3717769
2489078827;node;Innere Stadt;Kleinod am Ring;restaurant;;;;;48.2082307;16.3810336
2500519191;node;Innere Stadt;filmbar;pub;;;;;48.204851;16.3683082
2529267575;node;Innere Stadt;Konstantin Filippou;restaurant;;;Th-Sa 18:00-24:00;https://konstantinfilippou.com/;48.2107616;16.37978
2529269365;node;Innere Stadt;Harvest;restaurant;;;Mo-Sa 14:00-22:00;;;
2529513959;node;Innere Stadt;NeKo Sushi Bar;fast_food;;sushi;Mo-Fr 11:00-23:00;;;
2538461827;node;Innere Stadt;Kent;fast_food;;kebab;;;48.2023119;16.3683033
2538461878;node;Innere Stadt;You.Bar;bar;;;;;48.2028144;16.3661961
2568387463;node;Innere Stadt;Chinacy;restaurant;;asian;Mo-Sa 11:30-22:00;http://www.chinacy.at/;48.2048783;16.3729087
2568949871;node;Innere Stadt;loca;restaurant;;;We-Su 17:00-23:00;;48.2064595;16.3777066
2574578105;node;Innere Stadt;Toga;restaurant;;;;;48.2112413;16.3796275
2617056379;node;Innere Stadt;Japanika;restaurant;;japanese;Mo-Su 11:00-23:00;;48.2096776;16.3733254
2617056382;node;Innere Stadt;Akakiko;restaurant;;japanese;Mo-Su 10:30-23:00;;48.2098482;16.3739793
2617117222;node;Innere Stadt;Del Popolo;fast_food;;pizza;;;48.2115764;16.3726795
2617117223;node;Innere Stadt;Duzi's;bar;;;Mo-Th 10:00-01:00, Fr 10:00-02:00, Sa 11:00-02:00, Su 11:00-01:00;;48.2142447;16.3832447
2632060138;node;Innere Stadt;Dim-Sum Restaurant;restaurant;;chinese;Mo-Tu,Th-Su 11:00-22:00;;48.1971827;16.3616207
2637866970;node;Innere Stadt;Fuchs & Schaden;restaurant;;pizza;;;;
2650654801;node;Innere Stadt;Kruger's American Bar;bar;;;;http://www.krugers.at/;48.2040473;16.371322
2670820058;node;Innere Stadt;Esterházykeller;restaurant;;austrian;Mo-Su 11:00-22:00;https://www.esterhazykeller.at/;48.2100826;16.3674034
2683475950;node;Innere Stadt;Cafe Neko;cafe;;;Mo-Su 10:00-20:00;https://cafeneko.at/;48.206269;16.3733485
2730139238;node;Innere Stadt;Trześniewski;restaurant;;polish;;;;
2736336390;node;Innere Stadt;Lukas;cafe;;;17:00-04:00;;48.2093993;16.3770325
2773679895;node;Innere Stadt;Café de l'Europe;cafe;;;Mo-Fr 07:00-24:00;;;
2892002903;node;Innere Stadt;Pho Lala;restaurant;;vietnamese;11:30-20:30;;48.2111332;16.3782842
2901255701;node;Innere Stadt;En Vivo;restaurant;;mexican;;;48.2170309;16.3627824
2906330472;node;Innere Stadt;Cafe Ansari;restaurant;;georgian;;;;
2923152001;node;Innere Stadt;Bergers Bar;cafe;;;;;48.2141646;16.3797018
2924890354;node;Innere Stadt;Le Viet;restaurant;;vietnamese;Mo-Fr 11:00-15:00, 17:30-23:30;;;
2935041716;node;Innere Stadt;Hansen;restaurant;;;Mo-Fr 09:00-23:00;;;
2946719924;node;Innere Stadt;Joe's;pub;;pizza;Su, We-Th 18:00-01:00;;;
2962299633;node;Innere Stadt;SameSame;bar;;;We,Th 19:00-02:00, Fr,Sa 19:00-04:00;;48.2099108;16.3722666
2984119621;node;Innere Stadt;Hard Rock Cafe;restaurant;;american;Mo-Th 09:30-01:00, Fr,Sa 09:30-02:00;https://www.hardrock.com/cafes/vienna/;48.2113691;16.3756024
2984602439;node;Innere Stadt;Silver Bar;bar;;;Tu-Sa 19:00-03:00;https://www.dastriest.at/index_mobile.php?site=silverbar;48.1974387;16.3673297
3002971607;node;Innere Stadt;L'Osteria;restaurant;;italian;Su-We 11:00-23:00, Th-Sa 11:00-24:00;http://www.losteria.de/;48.2070974;16.3683986
3012157534;node;Innere Stadt;Sparky's unlimited;restaurant;;american;;;;
3027179235;node;Innere Stadt;burg.ring1;cafe;;;Mo-We 11:00-22:00;;;
3058809678;node;Innere Stadt;Lebenbauer;restaurant;;;Mo-Fr 11:00-15:00, 17:30-22:30;https://www.lebenbauer.wien/;48.2117157;16.363659
3150836624;node;Innere Stadt;Cafeteria der Akademie der bildenden Künste Wien;cafe;;;Mo-Fr 08:30-16:00;https://www.akbild.ac.at/Portal/organisation/services/mensa;48.2015868;16.3654484
3171408096;node;Innere Stadt;Sky Bar;bar;;;Mo-Sa 10:00-24:00, Su,PH 12:00-24:00;;48.2064383;16.3722737
3186700562;node;Innere Stadt;Jonas Reindl;cafe;;;Mo-Fr 08:00-17:30;;;
3215150277;node;Innere Stadt;Puff;bar;;;Tu-Th 19:00-02:00;;;
3215670079;node;Innere Stadt;Chez Nous;bar;;;;;48.2071644;16.3711547
3215670080;node;Innere Stadt;Loosbar;bar;;;Mo-We 12:00-04:00;;;
3215857484;node;Innere Stadt;Casablanca;bar;;;Mo-Sa 12:00-04:00;;;
3215857485;node;Innere Stadt;Le Club;bar;;;;;48.2119446;16.3751675
3215857486;node;Innere Stadt;First Floor Bar;bar;;;Fr-Sa 18:00-04:00;;;
3215857490;node;Innere Stadt;Kaktus;bar;;;Mo-Su 19:00-04:00;;48.2117525;16.3747232
3215857491;node;Innere Stadt;Kitsch;pub;;;;;48.2122253;16.3742271
3215857492;node;Innere Stadt;Amore della Mutti;restaurant;;pizza;;https://www.amoredellamutti.at/;48.2120224;16.3751482
3215857493;node;Innere Stadt;Non+Ultra;bar;;;Mo-Th 19:00-02:00;;;
3215857494;node;Innere Stadt;Ron Con Soda;bar;;;19:00-04:00;;48.2117696;16.3751582
3215857495;node;Innere Stadt;Roter Engel;bar;;;Mo-Su 17:00-04:00;;48.2118628;16.3751726
3215857496;node;Innere Stadt;Slammerbar;bar;;;Mo-Sa 19:00-04:00;;48.2117525;16.3748283
3215857497;node;Innere Stadt;Nelson's Pub;pub;;;;;48.2118153;16.3743788
3316299363;node;Innere Stadt;Donasia;restaurant;;asian;Su-Fr 10:30-22:00;;48.214973;16.3757203
3325473825;node;Innere Stadt;if dogs run free;bar;;;Mo-Th 17:00-01:00;;;
3326558173;node;Innere Stadt;Kleinod Stadtgarten;cafe;;french;Apr-Sep;https://www.kleinod-stadtgarten.wien;48.2029945;16.378521
3326776019;node;Innere Stadt;Kome;restaurant;;japanese;Mo-Sa 11:00-23:00;;;
3357028593;node;Innere Stadt;Levante;restaurant;;;Mo-Su 11:00-22:00;;48.2031291;16.3719782
3366588427;node;Innere Stadt;Café Ouzeri Bistro Ellas;restaurant;;greek;Mo-Su 09:00-23:00;;48.2083698;16.3766692
3371145295;node;Innere Stadt;Framburi Fries;fast_food;;;;https://www.framburi.at/;48.2108068;16.3755494
3371230811;node;Innere Stadt;Cafe - Restaurant im Otto Wagner Pavillon;restaurant;;regional;Mo-Su 09:00-04:00;https://otto-wagner-pavillon.at/;48.2001577;16.3708108
3375709783;node;Innere Stadt;Dong Nai;restaurant;;vietnamese;Mo-Fr 11:00-15:00, 17:00-22:00;;;
3375759782;node;Innere Stadt;Babida;restaurant;;korean;Mo-Sa 11:30-14:30,17:30-22:00;https://babida-vienna.at/;48.2121919;16.3748425
3378242993;node;Innere Stadt;Motto am Fluss;cafe;;breakfast;;;;
3381129893;node;Innere Stadt;Zushimarket Plus;fast_food;;asian;11:00-21:00;;48.213261;16.3627421
3382805455;node;Innere Stadt;K. u. K. Hoflieferanten - Gerstner & Schlumberger;cafe;;regional;;;;
3387746826;node;Innere Stadt;Kübey;restaurant;;turkish;Tu-Su 17:00-01:00;;48.2148113;16.371967
3387746827;node;Innere Stadt;Michael's Bier-& Weinbar;bar;;;Mo-Fr 16:00-24:00;;;
3394931379;node;Innere Stadt;Billabong;pub;;;Mo-Sa 11:30-02:00;;;
3448718020;node;Innere Stadt;Restaurant Momoya;restaurant;;asian;Mo-Fr 11:30-15:00,17:30-22:30;;;
3448718021;node;Innere Stadt;Alexander;cafe;;;;;48.2133874;16.3691222
3456346364;node;Innere Stadt;Altenberg;pub;;italian;Mo-Fr 10:00+;;48.2180717;16.377468
3456346368;node;Innere Stadt;Los Mexikas;restaurant;;mexican;Mo-Sa 11:00-23:00,18:00-23:00;;48.2182475;16.3773978
3456346382;node;Innere Stadt;Ugi's;fast_food;;turkish;Mo-Fr 11:00-21:00;;;
3461830768;node;Innere Stadt;Grüner Kakadu;bar;;;Mo-Sa 17:00-02:00;;48.212272;16.3736862
3461830769;node;Innere Stadt;Kornat;restaurant;;fish;Mo-Su 11:30-24:00;;48.2122172;16.3735275
3462959839;node;Innere Stadt;Bao MeBu;restaurant;;meat;;;;
3480700486;node;Innere Stadt;Parmanos;fast_food;;italian;Mo-Sa 10:00-21:00;;;
3482195406;node;Innere Stadt;XCelsior Caffè-Bar;cafe;;coffee_shop;;;;
3489171239;node;Innere Stadt;Ganesha;restaurant;;indian;Mo-Sa 11:00-14:00, 17:00-22:00;https://ganesharestaurant.at/;48.2031014;16.3637766
3489171240;node;Innere Stadt;Pho Cho Lon;restaurant;;vietnamese;Tu-Su 11:00-21:00;;48.2030215;16.3626873
3489171244;node;Innere Stadt;Pane è Cafe;cafe;;coffee_shop;;;;
3489171246;node;Innere Stadt;café camus;cafe;;austrian;;;;
3509532313;node;Innere Stadt;Madai;restaurant;;italian;Tu-Sa 11:00-24:00;https://www.madai.at/;48.2167192;16.3783653
3512291544;node;Innere Stadt;Chasen Brew;cafe;;;Mo-Fr 08:00-17:00;;;
3563459395;node;Innere Stadt;Livingstone Planter´s Club;restaurant;;;;http://www.livingstone.at;48.215811;16.3687612
3571530106;node;Innere Stadt;Rosenberger;restaurant;;;;https://www.rosenberger.cc/;48.204689;16.3700515
3574954393;node;Innere Stadt;Cha Cha;cafe;;tea;;;48.2016258;16.3697626
3574954394;node;Innere Stadt;Cafe Bistro 59;cafe;;;Mo-Fr 07:00-24:00;;;
3575494524;node;Innere Stadt;Philly;fast_food;;american;;;;
3585996805;node;Innere Stadt;El Gaucho;restaurant;;steak_house;Mo-Fr 11:30-24:00, Sa 13:00-24:00;https://www.elgaucho.at/Wien;48.212886;16.379963
3603561816;node;Innere Stadt;Hashi Asian Kitchen;restaurant;;japanese;Mo-Fr 11:00-22:00;;;
3603561825;node;Innere Stadt;Tre Viet - Taste of Vietnam;fast_food;;vietnamese;Mo-Th 10:00-19:00;;;
3603561827;node;Innere Stadt;Li's Wok To Go;restaurant;;asian;Mo-Sa 11:00-21:00;;48.2176006;16.3805487
3603561833;node;Innere Stadt;Tchibo;cafe;;;Mo-Fr 08:30-18:30;;;
3620548154;node;Innere Stadt;Porterhouse;restaurant;;american;Mo-Su,PH 11:45-23:30;;48.2079086;16.376759
3645208574;node;Innere Stadt;Diglas;cafe;;;Mo-Fr 08:00-19:00;;;
3645208577;node;Innere Stadt;Bert;cafe;;;Mo-Fr 08:30-18:00;;;
3645208582;node;Innere Stadt;Rainers Bar;bar;;;Tu-Fr 17:00+;;48.209582;16.3785201
3645208586;node;Innere Stadt;Top-Lokal;restaurant;;;Mo-Fr 08:00-21:00;https://top-lokal.at/;48.2105053;16.3772828
3645208587;node;Innere Stadt;Vienne;restaurant;;regional;10:30-23:00;;48.2104417;16.3774477
3645208588;node;Innere Stadt;Vinogin;bar;;;Mo-Fr 17:00-24:00;;;
3645208589;node;Innere Stadt;Blütezeit;cafe;;;Mo,Tu 08:30-16:00;;;
3645208590;node;Innere Stadt;Mito;fast_food;;;Mo-Fr 11:00-21:00;;;
3660646436;node;Innere Stadt;Waffle Time;fast_food;;;Mo-Su 11:00-24:00;;48.210888;16.3748668
3666488085;node;Innere Stadt;Volare;restaurant;;;;;48.2102922;16.3741303
3666488086;node;Innere Stadt;Caffè a Casa;cafe;;;Mo-Fr 07:30-18:30;;;
3666488089;node;Innere Stadt;Hefi - Der Wiener Baumkuchen;fast_food;;;PH,Mo-Su 12:00-21:00;;48.2111229;16.3754085
3666488092;node;Innere Stadt;Shiso Burger;restaurant;;burger;Su-Th 12:00-22:00;;;
3666488094;node;Innere Stadt;Elissar Deli;fast_food;;;Mo-Th 08:00-24:00, Fr,Sa 08:00-04:00, Su 08:00-24:00;;48.209961;16.3741181
3666488097;node;Innere Stadt;ra'mien go;fast_food;;;;https://ramiengo.at/hoher-markt/;48.2112735;16.3725849
3666488098;node;Innere Stadt;Radatz;fast_food;;;Mo-Fr 09:00-18:00;;48.2114105;16.3714608
3666488103;node;Innere Stadt;o m k;fast_food;;asian;Mo-Sa 11:00-21:30;;48.210645;16.3728886
3666488139;node;Innere Stadt;Kashtan;cafe;;;;;48.2111657;16.37545
3674168225;node;Innere Stadt;India Gate;restaurant;;indian;Mo-Fr 11:30-14:00,18:00-22:00;;;
3674168226;node;Innere Stadt;Mykai;restaurant;;;Mo-Fr 11:30-15:00,18:00-23:00;;;
3707663429;node;Innere Stadt;Figlmüller;restaurant;;austrian;Mo-Su 11:00-22:30;https://www.figlmueller.at;48.2092948;16.3755253
3709486125;node;Innere Stadt;Plachuttas neuer markt;restaurant;;;;;48.20643;16.371013
3709492567;node;Innere Stadt;Julius Meinl;cafe;;coffee_shop;Mo-Fr 08:00-19:30;;;
3721978102;node;Innere Stadt;Coconut Curry;fast_food;;;;;48.2071171;16.3729381
3728573326;node;Innere Stadt;Leberkas-Pepi;fast_food;;austrian;Mo-We 10:00-24:00;;;
3735118101;node;Innere Stadt;Pizzeria Buongiorno;restaurant;;italian;;;48.2135562;16.3656415
3770773187;node;Innere Stadt;Trattoria Martinelli;restaurant;;italian;Mo-Su 11:30-23:30;https://www.barbaro.at/trattoriamartinelli;48.21127;16.3649423
3789312658;node;Innere Stadt;Cafe Planta;cafe;;;Mo-Fr 08:00-18:30;;;
3811363936;node;Innere Stadt;Lugeck;restaurant;;regional;Mo-Su 11:30-24:00;https://www.lugeck.com/;48.2096964;16.3751477
3853297525;node;Innere Stadt;The Look Bar;bar;;;18:00-04:00;;48.2132753;16.370966
3886530194;node;Innere Stadt;Tramezzini Bar;bar;;;;;48.2067265;16.3745463
3892446455;node;Innere Stadt;Zentruhm;restaurant;;;;https://zentruhm.at;48.2120529;16.3628791
3894592155;node;Innere Stadt;Franz von Hahn;bar;;;Mo-Fr 18:00-02:00, Sa 19:00-02:00, Su 19:00+;;48.2177094;16.3819396
3899622177;node;Innere Stadt;Gulasch & Soehne;restaurant;;;Mo-Su,PH 08:00-24:00;;48.2024189;16.3750788
3919963919;node;Innere Stadt;Silvio Nickol;restaurant;;fine_dining;;https://www.palais-coburg.com;48.205958;16.3768833
3934357811;node;Innere Stadt;Shanghai;restaurant;;chinese;Mo-Sa 11:30-14:30, 17:30-22:30;https://www.shanghairestaurant.at/;48.2092593;16.3717417
3961438009;node;Innere Stadt;Taim Café Dorotheergasse;cafe;;;Mo-Fr, Su 10:00-18:00;https://www.taim.at/;48.2071916;16.3693635
3994209817;node;Innere Stadt;Fat Monk;restaurant;;;Mo-Su 11:00-20:00;https://www.fatmonk.com/restaurants/fat-monk-operngasse/;48.1986137;16.3661456
4071146442;node;Innere Stadt;Sichuan Ravioli;restaurant;;chinese;Mo-Sa 11:30-21:30;https://sichuanravioli.at/;48.1973142;16.3623622
4096953614;node;Innere Stadt;El Burro;restaurant;;mexican;Mo-Su,PH 11:00-22:00;https://www.elburro.at/;48.1971391;16.3659587
4096953617;node;Innere Stadt;Matcha Komatchi;restaurant;;japanese;Mo-Su 11:00-22:00;https://www.matchakomachi.com/;48.1977009;16.3661427
4096953621;node;Innere Stadt;Wiener Blut;bar;;;;;48.1988562;16.3651722
4118542480;node;Innere Stadt;Yumi Teppanyaki Dim Sum;restaurant;;asian;Mo-Sa 11:00-22:30;;;
4118542481;node;Innere Stadt;Li's cooking;restaurant;;asian;Mo-Sa 11:30-22:30;;;
4118542483;node;Innere Stadt;Cafe Pavillon;cafe;;;;;48.1993821;16.3646964
4118542484;node;Innere Stadt;Prime;restaurant;;steak_house;Mo-Sa 11:00-22:00;https://www.primesteakhouse.at/;48.1992791;16.3644804
4118542486;node;Innere Stadt;Steakviertel;restaurant;;steak;;;48.1991397;16.3642384
4118542488;node;Innere Stadt;Edmund;bar;;;Mo-Sa 12:00-22:00;https://www.edmund.wien/;48.1987827;16.3636238
4118543089;node;Innere Stadt;Tewa;restaurant;;;Mo-Sa 07:00-23:00;;48.198457;16.3629366
4141815826;node;Innere Stadt;Sektcomptoir Szigeti;bar;;;;;48.211195;16.3732441
4148895090;node;Innere Stadt;Sky Cafe, Restaurant, Bar;restaurant;;;Mo-Sa 10:00-24:00, Su,PH 12:00-24:00;https://www.steffl-vienna.at/de/skybar/;48.2064242;16.3717674
4156396894;node;Innere Stadt;Honu;restaurant;;hawaiian;Mo-Fr 11:00-20:00;;;
4156396895;node;Innere Stadt;Delyrium café;cafe;;;Mo-Sa 11:00-23:00;;;
4163604659;node;Innere Stadt;Café Sacher Wien;cafe;;cafe;Mo-Su,PH 08:00-22:00;https://www.sacher.com/hotel-wien-2/kulinarik/cafe-sacher-wien/;48.203939;16.3696603
4184204989;node;Innere Stadt;Schönscharf;restaurant;;thai;Mo-Fr 11:30-14:30;https://schoenscharf.at/;48.2106742;16.3779751
4187164246;node;Innere Stadt;Cafe Milan;cafe;;;Mo-Fr 08:00-01:00;;;
4187164250;node;Innere Stadt;Kardos;restaurant;;;;;48.2089;16.3801033
4187164253;node;Innere Stadt;Marco Simonis;restaurant;;;We-Fr 10:00-22:00+;;;
4187164254;node;Innere Stadt;Al Zaytouna;restaurant;;;;;48.2084372;16.3812295
4191240192;node;Innere Stadt;wienerin Restaurant & Bar;restaurant;;regional;Mo-Sa 09:00-24:00;;;
4201718046;node;Innere Stadt;Cafe Girardi;cafe;;;Mo-Fr 07:00-23:59, 09:00-18:00;;;
4203043448;node;Innere Stadt;Figoletta;restaurant;;italian;Mo-Su 11:30-23:00;https://www.figoletta.at/;48.2098924;16.373369
4205175993;node;Innere Stadt;Bánh Mì Vienna;fast_food;;vietnamese;Mo-Fr 11:15-19:45;https://www.banh-mi-wien.at/;48.1984625;16.3658777
4208932159;node;Innere Stadt;Veggiezz;restaurant;;austrian;Sa, Su 12:00-22:00;;;
4233346264;node;Innere Stadt;Steak Döner;restaurant;;turkish;Mo-Su,PH 10:00-22:00;https://steakdoener.at/;48.2164259;16.3809511
4234477293;node;Innere Stadt;Hungry Guy;restaurant;;;Mo-Su 11:30-23:00;;48.2112589;16.3750221
4234488293;node;Innere Stadt;Drings;bar;;;;;48.2017407;16.3709701
4234492091;node;Innere Stadt;Vulcania;bar;;;;;48.2117928;16.3738887
4234514090;node;Innere Stadt;King's;bar;;;We,Th 18:00-02:00, Fr,Sa 18:00-04:00;;;
4234514091;node;Innere Stadt;Segafredo;cafe;;coffee_shop;;;48.2086434;16.3701757
4234524789;node;Innere Stadt;Meinz;bar;;;Tu-Th 18:00-01:00, Fr,Sa 18:00-02:00;;48.2117514;16.3746157
4234524889;node;Innere Stadt;Morgans;bar;;;Mo-Su 18:00-03:00;https://morgansbar.at/;48.2119775;16.3739915
4234525889;node;Innere Stadt;L'Opera;cafe;;austrian;;;48.2021453;16.3690656
4239972894;node;Innere Stadt;Die Feinkosterei Schwarz-Hirsch;restaurant;;;Mo-Th 11:00-24:00, Fr,Sa 11:00-01:00, Su 11:00-23:00;;48.2060762;16.3702756
4239973192;node;Innere Stadt;1010 Bar Cafe;bar;;;Mo-Sa 12:00-01:00;;48.2063414;16.3702788
4239973390;node;Innere Stadt;Köö Cafe;cafe;;;;http://www.billardcafe.at/lokale/1010-dorotheergasse.html;48.207884;16.3697228
4240001389;node;Innere Stadt;Trattoria Santo Stefano;restaurant;;;Mo-Su 11:00-23:00;https://www.trattoriasantostefano.at/de/trattoria-santo-stefano-wien;48.207885;16.3700372
4248290485;node;Innere Stadt;JP Pancakes;restaurant;;;;https://jppancakes.at/;48.2114977;16.3689411
4248297844;node;Innere Stadt;Makro 1;restaurant;;;Mo-Fr 09:00-16:00;;48.2102208;16.3765354
4256188591;node;Innere Stadt;China kitchen no.27;restaurant;;asian;;;;
4291174917;node;Innere Stadt;Zum Holunderstrauch;restaurant;;regional;Mo-Fr 11:00-24:00;https://www.holunderstrauch.at/;48.2121295;16.3621058
4299025600;node;Innere Stadt;Café Prinz;cafe;;;Mo-Sa 09:00-02:00;;48.197299;16.3752499
4299036360;node;Innere Stadt;Pho Sai Gon;restaurant;;vietnamese;Mo-Th 11:30-15:30, 17:30-22:30;;;
4335428999;node;Innere Stadt;Türkis;fast_food;;turkish;Mo-Su 09:00-24:00;https://www.tuerkis.at/;48.2086658;16.3715603
4340818908;node;Innere Stadt;Regina-Margherita;restaurant;;italian;Mo-Su 11:30-23:30;https://www.barbaro.at/reginamargherita;48.2096658;16.3673571
4381227793;node;Innere Stadt;Dstrikt Steakhouse;restaurant;;steak_house;Mo-Fr 12:00-14:30, 18:00-22:30;;;
4382250793;node;Innere Stadt;Die Cafetière;cafe;;;Mo-Fr 08:00-19:00;;;
4382582793;node;Innere Stadt;Bier & Bierli;pub;;;Mo-Su 11:30-23:30;https://bierundbierli.eatbu.com;48.2021237;16.3675111
4437361509;node;Innere Stadt;Il Melograno;restaurant;;italian;Mo-Sa 12:00-15:00,18:00-24:00;;;
4458367896;node;Innere Stadt;Ali Ocakbaşi;restaurant;;turkish;Mo-Su 11:30-23:00;https://www.alisgrill.at/;48.2019544;16.3674133
4520460041;node;Innere Stadt;Sofie's Bar;bar;;;Tu-Th 17:00 - 01:00;;;
4551892507;node;Innere Stadt;Achilleus;restaurant;;greek;Mo-Sa 11:00-24:00, Su 11:00-23:00;https://www.achilleus.at/;48.2102916;16.3756088
4558270160;node;Innere Stadt;Kiang;restaurant;;asian;Mo-Fr 11:30-18:30;https://kiang.at/;48.2110724;16.3748586
4561779473;node;Innere Stadt;Weinorgel;bar;;;Mo-Th 16:00-02:00, Fr-Sa 16:00-03:00, Su 16:00-24:00;https://www.weinorgel.at/;48.2095315;16.3750381
4561848619;node;Innere Stadt;Shiki;restaurant;;japanese;;;;
4561880943;node;Innere Stadt;YGF Malatang;fast_food;;chinese;;;48.2090007;16.3762536
4567243015;node;Innere Stadt;Wilheim;cafe;;;;;48.2144969;16.3730735
4569228842;node;Innere Stadt;Nirvana;restaurant;;indian;Mo-Fr 09:00-22:00;;;
4569228843;node;Innere Stadt;Homie;fast_food;;;;;48.2113437;16.3750711
4597780740;node;Innere Stadt;Rinderwahn;restaurant;;burger;Mo-Su 12:00-22:30;https://www.rinderwahn.at/;48.2071025;16.3725179
4602682592;node;Innere Stadt;Il Toro;bar;;;Mo-We 11:00-24:00;;;
4609350539;node;Innere Stadt;Louisiana Blues Pub;cafe;;;We-Sa 17:00-02:00;;48.1972311;16.375277
4611587940;node;Innere Stadt;Shoyu;restaurant;;japanese;Tu-Sa 11:30-22:00;https://www.shoyu.at/;48.2058055;16.3757394
4611597493;node;Innere Stadt;Noodlez;fast_food;;asian;Mo-Fr 11:00-21:30;;;
4748985824;node;Innere Stadt;Los Locos;fast_food;;mexican;Mo-Sa 11:00-22:00;;48.2156102;16.3610931
4778519351;node;Innere Stadt;Coldpress;fast_food;;;Mo-Fr 09:00-19:00, Sa-Su 10:00-19:00;https://coldpress.at;48.213429;16.3822893
4792139821;node;Innere Stadt;Iko kitchen & bar;restaurant;;asian;Mo-Fr 11:00-22:00;;;
4805418222;node;Innere Stadt;Weinschenke;fast_food;;burger;;;48.2172879;16.3774336
4805517222;node;Innere Stadt;o-m-k - O mochi kaeri;fast_food;;japanese;Mo-Sa 11:00-21:30;https://www.mochi.at/omk/;48.2134102;16.3822445
4806064553;node;Innere Stadt;Umar Fisch;restaurant;;seafood;;https://umarfisch.at;48.1996687;16.3655232
4836398848;node;Innere Stadt;Azul Bar;bar;;;18:00-04:00;https://www.facebook.com/azulbarwien;48.2082223;16.3788961
4845314521;node;Innere Stadt;s' Müllerbeisl;restaurant;;;Mo-Su 10:00-11:30;https://www.muellerbeisl.com/;48.2041768;16.3740439
4852403788;node;Innere Stadt;Block House;restaurant;;steak_house;Mo-Th,Su 11:30-22:00;;;
4858599375;node;Innere Stadt;Dolce Pensiero;cafe;;cake;;;;
4858599390;node;Innere Stadt;Yuki;restaurant;;sushi;;;48.2127153;16.3689456
4858599399;node;Innere Stadt;Stresssbar;bar;;;Mo-Sa 12:00-00:00;;48.2134031;16.3671271
4858599403;node;Innere Stadt;Little Koya;restaurant;;asian;Mo-Fr 11:00-20:00;https://littlekoya.wien/;48.2137361;16.3673723
4858600321;node;Innere Stadt;Qero;restaurant;;peruvian;;;;
4858600328;node;Innere Stadt;Boho;restaurant;;;Tu-Sa 18:00-02:00;https://bohovienna.com;48.2156071;16.3683843
4873549122;node;Innere Stadt;Yori Korean Dining;restaurant;;korean;Mo-Su 11:00-15:00, 18:00-23:00;http://www.yori.at/;48.2107246;16.3816956
4892925055;node;Innere Stadt;Restaurant zur WILDen Schimanszky;restaurant;;;Mo-Fr 12:00-14:00,18:00-21:00;;48.2079057;16.3803212
4892925056;node;Innere Stadt;Mr. Du Ramen Bar;restaurant;;ramen;;https://www.mrduramenbar.at/;48.2080764;16.3804593
4900297277;node;Innere Stadt;Labstelle;restaurant;;regional;;;;
4946782431;node;Innere Stadt;Schnitzel One;restaurant;;regional;;;48.2054052;16.3702076
4950452270;node;Innere Stadt;Roberto;cafe;;;;https://www.juicefactory.at/;48.2053042;16.3706748
4956978437;node;Innere Stadt;Kashtan Patisserie;cafe;;cake;;;;
4958728806;node;Innere Stadt;Haas & Haas;restaurant;;international;Mo-Sa 08:00-20:00;;;
4961687341;node;Innere Stadt;Feuerdorf;restaurant;;barbecue;;;;
4973686721;node;Innere Stadt;YOU im Le Mérdien;restaurant;;fine_dining;Mo-Su 16:00-01:00;http://www.you-vienna.com;48.2027471;16.3665102
5007092121;node;Innere Stadt;Veggiezz;restaurant;;austrian;Mo-Fr 11:00-22:00;;;
5026493821;node;Innere Stadt;Wiener Wald;restaurant;;austrian;Mo-Su 11:00-23:00;https://www.wienerwald.at/;48.2088193;16.3712535
5027950923;node;Innere Stadt;Monte Ofelio Bar;bar;;italian;Mo-Fr 07:30-22:00;https://monteofeliobar.com/monte-ofelio-schottenbastei/;48.2133466;16.3635547
5046474137;node;Innere Stadt;Fenstercafé;cafe;;coffee;Mo-Su 08:00-20:00;https://www.fenster.cafe/;48.2109833;16.3770877
5064088221;node;Innere Stadt;Il Pennello Downtown;restaurant;;;;;48.2065574;16.3740318
5065127625;node;Innere Stadt;Max & Benito;restaurant;;mexican;Mo-Fr 11:30-20:00;;;
5065127628;node;Innere Stadt;Oysterini;cafe;;;;;48.2109812;16.3722038
5065127643;node;Innere Stadt;Topf & Deckel;restaurant;;;Mo-Fr 11:00-16:00;https://topfdeckel.at/schottengasse;48.2124169;16.363785
5065127649;node;Innere Stadt;Radatz;fast_food;;;Mo-Fr 07:30-18:30;;;
5065127652;node;Innere Stadt;Appiano;restaurant;;;Mo-Fr 11:15-15:00;;48.2134505;16.3638428
5098771022;node;Innere Stadt;Hopferl Wien Beisl;pub;;austrian;Mo-Sa 11:00-21:00;https://www.stadtgraben.at/;48.2102921;16.36735
5125393079;node;Innere Stadt;Le Ciel by Toni Morwald;restaurant;;;;http://www.leciel.at/;48.2021466;16.3720596
5127161000;node;Innere Stadt;Lola Spanisches Tapas Restaurant;restaurant;;tapas;Tu-Sa 17:30-23:00;;;
5146879958;node;Innere Stadt;Palmwedel Wien;restaurant;;sandwich;;;;
5154256720;node;Innere Stadt;Mundart;bar;;;Tu-Th 16:00-02:00, Fr-Sa 16:00-04:00;;48.2040904;16.3744944
5156996030;node;Innere Stadt;Meissl & Schadn;restaurant;;regional;Mo-Su 12:00-23:30;https://meisslundschadn.at/;48.20226;16.3749365
5160645708;node;Innere Stadt;Munchy Am Schottenring;restaurant;;;;;48.2167283;16.3707635
5161139023;node;Innere Stadt;Shako Maako;fast_food;;;;;48.2115075;16.3756014
5174799393;node;Innere Stadt;Nikkai Cafe & Restaurant;restaurant;;;Mo-Fr 08:00-22:00;;;
5175423783;node;Innere Stadt;Hoye;restaurant;;asian;;;48.2128088;16.3725713
5175423784;node;Innere Stadt;Kitcha;restaurant;;asian;Mo-Fr 11:00-22:00;;;
5185156871;node;Innere Stadt;Le's;restaurant;;vietnamese;Mo-Fr 11:00-19:00;;;
5224769335;node;Innere Stadt;City Studio;bar;;;Mo-Fr 10:00-22:00;;;
5236266961;node;Innere Stadt;Ring Streetfood;fast_food;;kebab;;;48.216885;16.3712812
5238076425;node;Innere Stadt;the guest house;restaurant;;;Mo-Su 06:30-24:00;;;
5252399773;node;Innere Stadt;Schweden Espresso;cafe;;;Mo-Fr 07:00-02:00;;;
5257379816;node;Innere Stadt;Mochi;restaurant;;japanese;Mo-Sa 11:30-22:00;https://www.mochi.at/;48.2135455;16.3817687
5257379817;node;Innere Stadt;StewART;cafe;;international;Mo-Fr 11:00-14:00;;48.2130337;16.3809742
5275245297;node;Innere Stadt;Feuerdorf Salettl;bar;;barbecue;;;;
5280244122;node;Innere Stadt;L‘Orient;restaurant;;moroccan;Tu-Sa 17:00-23:00;;;
5292422764;node;Innere Stadt;Basz Bar;bar;;;Mo-Sa 17:00-01:00;http://www.basz-bar.at/;48.2155552;16.3764453
5299907418;node;Innere Stadt;Drakon;bar;;;We-Sa 18:00-02:00;;;
5299907625;node;Innere Stadt;dosage;bar;;;;;48.2106028;16.3768273
5316611640;node;Innere Stadt;Ebi;restaurant;;japanese;Mo-Su 12:00-23:00;https://www.ebi-vienna.at/ebi1;48.2112672;16.3625385
5372840566;node;Innere Stadt;Magazin Restaurant und Weinhaus;restaurant;;regional;Mo-Sa 11:30-23:00;;;
5374345621;node;Innere Stadt;Vienna Sausage;restaurant;;american;;;;
5421058676;node;Innere Stadt;Ferrari Caffe;cafe;;;Mo-Su,PH 12:00-22:00;https://www.ferrari-caffe.at/;48.2045087;16.3715937
5440786211;node;Innere Stadt;Viva la mamma;restaurant;;;;;48.2078371;16.3798039
5448487047;node;Innere Stadt;Pinsatore;cafe;;;Mo-Sa 12:00-22:00;;;
5503379821;node;Innere Stadt;KLYO;restaurant;;breakfast;;;;
5509425671;node;Innere Stadt;Schwemme;restaurant;;burger;;;;
5512473804;node;Innere Stadt;SALZI;cafe;;;Mo-Fr 07:30-20:00;;;
5561498121;node;Innere Stadt;La Sosta;restaurant;;italian;Tu-Sa 11:30-23:00;https://www.lasosta.at/;48.208394;16.3654384
5564359011;node;Innere Stadt;Mio Am Stadtpark;restaurant;;pizza;;https://miovienna.at;48.2061184;16.3838917
5640186728;node;Innere Stadt;Smashbox;fast_food;;burger;Mo-Su 11:30-22:30;https://smashbox-burger.at/;48.1967091;16.365587
5653196393;node;Innere Stadt;Philigrano;restaurant;;italian;;;;
5699209673;node;Innere Stadt;Oliviers & Co;restaurant;;;;;48.1969032;16.365965
5709161124;node;Innere Stadt;Daihachi Sushi;restaurant;;sushi;Mo-Fr 12:00-14:00,18:00-22:00;https://daihachisushi.at/;48.216521;16.3689221
5709161127;node;Innere Stadt;Kupferdachl;restaurant;;;We-Sa 11:00-14:30, 17:30-23:00;;;
5718550121;node;Innere Stadt;Beer Saloon;bar;;;;;48.2111288;16.3771928
5737602894;node;Innere Stadt;Nguyen's;restaurant;;vietnamese;We-Mo 12:00-15:00, 17:00-22:00;https://nguyenphoviet.com/;48.2169195;16.3805683
5737602902;node;Innere Stadt;Cafe Johann Strauss;cafe;;;;;48.2159367;16.3772692
5745872876;node;Innere Stadt;SHU;restaurant;;asian;Mo-Sa 11:30-15:00,17:30-22:00;;48.1980062;16.3658854
5754639525;node;Innere Stadt;Atmosphere Rooftop Bar;bar;;;;http://www.ritzcarlton.com/de/hotels/europe/vienna/dining/atmosphere-rooftop-bar;48.2023819;16.3764216
5754662321;node;Innere Stadt;Das Schick;restaurant;;;;https://www.das-schick.at/;48.2054279;16.3778125
5799146953;node;Innere Stadt;Cafe Restaurant Leto;restaurant;;;Mo-Sa 11:30-23:00;https://www.restaurantleto.at;48.2126194;16.3695312
5805973153;node;Innere Stadt;La Piazetta;restaurant;;italian_pizza;Mo-Sa 11:00-23:00;https://lapiazzetta.at/;48.1989597;16.3641527
5812632953;node;Innere Stadt;First American Bar;bar;;;Mo 17:00-24:00;;;
5852403299;node;Innere Stadt;Blumenwiese;restaurant;;burger;;;;
5859225235;node;Innere Stadt;Minoritenstüberl;restaurant;;;Mo-Fr 11:30-01:30;;48.2099463;16.3635349
5901290639;node;Innere Stadt;Stadtboden;bar;;austrian;;;;
6019346688;node;Innere Stadt;Le Salzgries;restaurant;;;;https://www.le-salzgries.at/;48.2120676;16.373321
6019368485;node;Innere Stadt;Beaulieu;restaurant;;french;Mo-Sa 10:00-18:00;https://www.beaulieu-wien.at/;48.210897;16.3652232
6019440985;node;Innere Stadt;Café Camelle';cafe;;;Mo-Sa 08:30-17:30;;48.1981293;16.3813972
6019449991;node;Innere Stadt;Restaurant Léontine;restaurant;;;Tu,We 11:30-14:00;;;
6019712909;node;Innere Stadt;Needle Vinyl Bar;bar;;;Mo-Fr 11:00-02:00, Sa,Su 14:00-02:00;https://needlevinylbar.com;48.2121867;16.3689589
6019766386;node;Innere Stadt;Kleinod;bar;;;;;48.2075909;16.3733019
6019886786;node;Innere Stadt;Makka;restaurant;;;Mo-Fr 11:00-22:00;;;
6034498431;node;Innere Stadt;Vulcano Thek;restaurant;;;Tu 12:00-22:00;;;
6034520607;node;Innere Stadt;The Bank - Brasserie & Bar;restaurant;;;;;48.2104568;16.3679594
6038896588;node;Innere Stadt;Zum Basilisk;restaurant;;;12:00-18:00;;48.2094907;16.3770632
6073050933;node;Innere Stadt;Ristorante Cavaliere;restaurant;;italian;11:00-23:30;;48.2102009;16.3756859
6080863218;node;Innere Stadt;Al Fayrooz;restaurant;;oriental;;;48.2121368;16.3616104
6093020787;node;Innere Stadt;Honu Tiki Bowls;restaurant;;japanese;;;;
6113889730;node;Innere Stadt;Everybody’s Darling;bar;;international;Mo-Sa 15:00-02:00;https://everybodysdarling.at/tagesbar/;48.2109819;16.371832
6113889733;node;Innere Stadt;MISO.U;restaurant;;sushi;;;48.2114786;16.3725793
6143770213;node;Innere Stadt;Kern Beisl;restaurant;;;Mo-Sa 09:00-23:00;;48.2106095;16.3704523
6143770218;node;Innere Stadt;Daiquiri Shotothek;bar;;;;;48.2118168;16.3734732
6143770219;node;Innere Stadt;Josef Bar;bar;;;;https://josef-bar.at;48.2116707;16.3736278
6143770221;node;Innere Stadt;Högl Die Bar;bar;;;;;48.2115916;16.3737313
6167346532;node;Innere Stadt;Haas & Haas;cafe;;teahouse;Mo-Sa 08:00-20:00;;;
6169452856;node;Innere Stadt;Hamama;restaurant;;arab;12:00-22:00;http://restaurant-hamama.at;48.2068923;16.37434
6170701885;node;Innere Stadt;Paul & Vitos;restaurant;;international;Mo-Sa 11:00-02:00;https://paulundvitos.wien/;48.2092848;16.3703905
6176900885;node;Innere Stadt;Miss Saigon;restaurant;;thai;Su-Th 11:30-23:00;;;
6209274799;node;Innere Stadt;Kenny's;fast_food;;juice;;;;
6236866841;node;Innere Stadt;Liebsteinsky;restaurant;;austrian;Mo-Fr 12:00-15:00, 18:00-22:00;https://www.liebsteinsky.at;48.20278;16.3754962
6239942659;node;Innere Stadt;Ramasuri;cafe;;;Mo-Fr 08:00-24:00;;;
6260905076;node;Innere Stadt;Kanzleramt;restaurant;;regional;Mo-Sa 11:00-22:00;;;
6270516682;node;Innere Stadt;Porto;bar;;bistro;Mo-Su 11:00-02:00;;48.1976111;16.3672083
6323495086;node;Innere Stadt;Sacher Eck;cafe;;;Mo-Su,PH 08:00-22:00;;48.2038367;16.3701718
6323495092;node;Innere Stadt;Sacher Salon;cafe;;;10:00-22:00;;48.2040055;16.369345
6323882622;node;Innere Stadt;Zum Bettelstudent;bar;;;Mo-Tu 11:00-24:00;;;
6325206620;node;Innere Stadt;Oakberry Açai;restaurant;;;Mo-Su,PH 09:30-20:00;;48.2043095;16.3702631
6325840772;node;Innere Stadt;NÜD Coffee&Art;cafe;;;Mo-Sa 08:00-18:00;http://nuedcoffee.com;48.2035541;16.3721998
6325840775;node;Innere Stadt;Chruger;fast_food;;burger;;;;
6325840777;node;Innere Stadt;Vinum;bar;;;;;48.2038077;16.3715631
6326749205;node;Innere Stadt;Blaue Bar;bar;;;;;48.2039403;16.3699537
6326749206;node;Innere Stadt;Grüne Bar;restaurant;;;;;48.204031;16.3699788
6326749207;node;Innere Stadt;Rote Bar;restaurant;;;;https://www.sacher.com/de/restaurants/restaurant-rote-bar/;48.2040003;16.3697108
6327722761;node;Innere Stadt;Testa Rossa;cafe;;;;;48.2027707;16.370904
6327722764;node;Innere Stadt;Chilai;restaurant;;;;https://www.chilai.at;48.202238;16.3714712
6331569607;node;Innere Stadt;Napo Lindo;bar;;;Mo-Sa 11:00-23:00;;;
6333239844;node;Innere Stadt;Salims;bar;;;Su-Th 18:00-04:00, Fr,Sa 18:00-06:00;https://salims.at/;48.2022478;16.373242
6333239845;node;Innere Stadt;Unkai;restaurant;;sushi;Mo-Su 11:00-23:00;;48.2021763;16.3717793
6377891785;node;Innere Stadt;Mama und der Bulle;restaurant;;;;;48.2024205;16.3761794
6384372382;node;Innere Stadt;Vitavien;cafe;;coffee_shop;;;48.2051153;16.3711253
6393796351;node;Innere Stadt;Unger und Klein;cafe;;;Mo-Fr 08:00-23:00;;;
6393796352;node;Innere Stadt;laolao;restaurant;;chinese;Mo-Sa 11:00-20:00;https://laolao.at;48.2090051;16.3663381
6463033348;node;Innere Stadt;Oswald & Kalb Essen 1;restaurant;;regional;Tu-Sa 17:30-23:00;;48.2088578;16.3765182
6463033351;node;Innere Stadt;Kussmaul;restaurant;;international;Su-Th 12:00-23:30;;;
6463033360;node;Innere Stadt;Mocarello;cafe;;;Mo-Sa 10:00-18:00;;;
6471043644;node;Innere Stadt;Ludwig und Adele;restaurant;;;Mo-Fr 17:00-24:00, Sa 12:00-24:00, Su,PH 12:00-23:00;https://ludwigundadele.at/;48.2009133;16.3713034
6501108191;node;Innere Stadt;Max & Benito;fast_food;;burrito;Mo-Fr 11:30-20:30;;;
6697500064;node;Innere Stadt;Mae Aurel;restaurant;;;Mo-Fr 08:00-22:00;;;
6708093447;node;Innere Stadt;Kikko Bā;restaurant;;;Tu-Sa 17:00-22:00;https://www.kikko.at/;48.1968563;16.3659953
6746501269;node;Innere Stadt;by Lore - Cake Design;cafe;;cake;Mo-Fr 08:00-16:00, Fr 09:00-18:00, Sa 08:00-13:00;https://de-de.facebook.com/bylore.at/;48.2166387;16.3786199
6757390496;node;Innere Stadt;Swing Kitchen;fast_food;;burger;Mo-Th,Su 11:00-22:00;;;
6826789286;node;Innere Stadt;Wiki Wiki Poke;restaurant;;;Mo-Fr 11:00-21:00;;;
6828342985;node;Innere Stadt;Shodai Matcha;cafe;;bubble_tea;;;48.2033614;16.3709527
6875338649;node;Innere Stadt;Le Burger Rotenturmstraße;restaurant;;burger;Mo-Th 10:00-00:00;;;
6901998056;node;Innere Stadt;Cinco Bar;bar;;;;;48.2098719;16.3677959
6910644673;node;Innere Stadt;Vasco;restaurant;;;"""temp geschlossen""";;48.2037784;16.3735638
6934019338;node;Innere Stadt;Elissar;restaurant;;lebanese;Mo-Su 11:00-24:00;https://www.elissar.at;48.2039311;16.375489
6944842586;node;Innere Stadt;Coffee & Friends;cafe;;;Mo-Su 08:30-18:00;;48.1974623;16.379574
6976714163;node;Innere Stadt;Vis-a-Vis Weinbar;bar;;;Tu-Fr 16:00-22:30;;;
7102337418;node;Innere Stadt;Richys;bar;;;;;48.2113986;16.3734557
7104417931;node;Innere Stadt;Starbucks;cafe;;coffee_shop;Mo-Th 07:30-21:30;;;
7128156085;node;Innere Stadt;Marischka Wien;cafe;;;;https://www.marischkawien.com/;48.2137285;16.3790669
7131838323;node;Innere Stadt;Lanz Lamian;restaurant;;chinese;Mo-Fr 11:00-16:00;https://lanz-lamian.at/;48.2111135;16.3729763
7131879354;node;Innere Stadt;Marie;bar;;;Mo-Sa 11:00-19:00;;;
7149844385;node;Innere Stadt;ballroom - damn.good.dumplings;restaurant;;international;Mo-Fr 11:00-20:30;;;
7211287004;node;Innere Stadt;Wiki Wiki Poke;restaurant;;hawaiian;Mo-Fr 11:00-21:00;;;
7248722657;node;Innere Stadt;Café Gutruf;cafe;;austrian;Mo-Sa 12:00-22:00;http://cafe-gutruf-wien.smarto.net;48.2098474;16.3699536
7320655250;node;Innere Stadt;Spelunke;restaurant;;austrian;;;;
7441888592;node;Innere Stadt;Vitavien Stephansplatz;cafe;;;Mo-Su 09:00-22:00;;48.208822;16.3722146
7596495734;node;Innere Stadt;Vienna 1st;restaurant;;;;https://www.hackl-gastro.at/viennafirst/;48.2115115;16.3738195
7688580368;node;Innere Stadt;Noodle House;fast_food;;asian;Su-Fr 10:00-22:00;;;
7861392939;node;Innere Stadt;Golser Bier & Wein Bar;bar;;;Mo-Fr 16:00-24:00;http://www.pannonisch.at/;48.2074516;16.3768069
7861516826;node;Innere Stadt;Golser Bier & Wein Bar;bar;;;Mo-Fr 16:00-24:00;;;
7881127578;node;Innere Stadt;Kiss, the cook;restaurant;;brazilian;;;;
7881226905;node;Innere Stadt;Neyse;cafe;;coffee;Mo-Fr 08:00-17:00;;;
7881248303;node;Innere Stadt;Buddha Bowls by elena´s;fast_food;;bowl;Mo-Sa 11:00-22:00;;;
7881249371;node;Innere Stadt;Mea Shearim;restaurant;;asian;;;;
7881292549;node;Innere Stadt;Praterstrasse;bar;;;;https://www.praterstrasse.wien/;48.2134514;16.3827051
7922033369;node;Innere Stadt;Family and Friends;restaurant;;;;;48.2136301;16.3831177
7922573004;node;Innere Stadt;Rustico Pizza Napoletana;restaurant;;italian_pizza;Mo 16:00-22:30;;;
7922573005;node;Innere Stadt;Kaido;restaurant;;asian;;;;
7927336838;node;Innere Stadt;Unique Tea;cafe;;;PH,Mo-Su 11:00-19:00;;48.2181718;16.380991
8001191797;node;Innere Stadt;Hu;restaurant;;asian;Mo-Fr 11:00-15:00, Mo,Tu,Th,Fr 17:00-21:00, Su 12:00-21:00;https://www.restaurant-hu.at;48.1976169;16.3810242
8125082679;node;Innere Stadt;Blended;bar;;;Mo-Th 14:00-24:00;;;
8284402952;node;Innere Stadt;Caffè Couture;cafe;;;Mo-Fr 08:00-17:00;;;
8297362165;node;Innere Stadt;Café Satchmo;cafe;;turkish;Mo-Sa 17:00-02:00;;48.1984574;16.3811202
8319149274;node;Innere Stadt;illy Caffè;cafe;;;Mo-Su 09:00-19:00;https://www.illy.com;48.2076662;16.367471
8443290117;node;Innere Stadt;Wiener Stadtbräu;pub;;;;https://stadtbraeu.at;48.2084495;16.3705492
8576066653;node;Innere Stadt;Sweet & Salty;fast_food;;;;;48.2129677;16.3675851
8622452311;node;Innere Stadt;Five Guys;fast_food;;burger;Mo-Su 11:00-23:00;https://restaurants.fiveguys.at/graben-30;48.2084341;16.3708998
8721246628;node;Innere Stadt;Mörwald Kochamt;restaurant;;austrian;Mo-Sa 10:00-19:00;https://www.moerwald.at/kochamt-misc/;48.210879;16.3652716
8739817239;node;Innere Stadt;Buddha Bowls by elena´s;restaurant;;fast_food;Mo-Sa 11:00-19:30;https://www.buddhabowls.at/;48.2082788;16.3769407
8776957529;node;Innere Stadt;Das Mezzanin;restaurant;;;Mo-Sa 07:30-20:00;https://www.dasmezzanin.at/;48.2135834;16.3632071
8807884416;node;Innere Stadt;Bar Campari;bar;;;Mo-Sa 11:00-24:00;https://www.barcampari.at;48.210549;16.369154
8820428092;node;Innere Stadt;Restaurant Stefanie;restaurant;;;Mo-Fr 12:00-14:30,18:00-22:00;;;
8826034055;node;Innere Stadt;Badeschiff Bar & Restaurant;restaurant;;barbecue;Mo-Fr 16:00-01:00;;;
8867479891;node;Innere Stadt;Teeamo;cafe;;bubble_tea;Mo-Su 11:30-19:00;https://www.teeamo-vienna.at;48.2091154;16.3703029
8875586627;node;Innere Stadt;Henry;cafe;;;Mo-Fr 07:40-20:00;;;
8904745802;node;Innere Stadt;Shinoi;restaurant;;japanese;Mo-Fr 11:00-22:00,Sa,PH 12:00-22:00, Su off;https://www.shinoi.at/;48.2134888;16.3675931
8906918482;node;Innere Stadt;Reiskorn;restaurant;;asian;Mo-Su 11:30-22:00;https://www.reiskorn.at/kopie-von-schellinggasse;48.2079852;16.3779615
8910285717;node;Innere Stadt;Le Pic;restaurant;;french;Su-Th 09:30-24:00, Fr,Sa 09:30-02:00;http://lepic-restaurant.at;48.207408;16.3791837
8928801866;node;Innere Stadt;Ichiban Tea;cafe;;bubble_tea;Mo-Su,PH 12:00-20:00;https://www.ichibantea.at/;48.208526;16.3685225
8928808101;node;Innere Stadt;Führich;restaurant;;;;https://restaurant-fuehrich.at/;48.2049164;16.3698087
8929017725;node;Innere Stadt;Patisserie Bistro Joseph Brot;cafe;;;Mo-Sa 08:00-15:00;;;
8933671658;node;Innere Stadt;Arikei;restaurant;;korean;Mo-Fr 11:30-14:00;https://www.arikei.at;48.2149595;16.370321
8936683619;node;Innere Stadt;Rooftopbar Lamee;bar;;;Mo-We,Su 14:00-22:00;;;
9051115496;node;Innere Stadt;Artemis;restaurant;;greek;;https://artemis1010.jimdofree.com/;48.2113759;16.3764302
9070344717;node;Innere Stadt;Dr Falafel;restaurant;;;Mo-Sa 08:00-18:00;https://dr-falafel.at/;48.1976718;16.361608
9090956956;node;Innere Stadt;Trinity;pub;;;Mo-Th 11:30-23:00;;;
9100442951;node;Innere Stadt;SoFare;restaurant;;italian;Fr-Mo 11:30-22:00;;;
9101637221;node;Innere Stadt;Apapika;fast_food;;bowl;Mo-Su,PH 11:00-21:00;https://www.apapika.at/;48.202069;16.361961
9112460833;node;Innere Stadt;Karma Food;cafe;;;Mo-Fr 11:00-14:00;https://karmafood.at/;48.2108049;16.378113
9159379766;node;Innere Stadt;Foodie Fridge;restaurant;;;24.���;https://foodie-fridge.com/;48.214692;16.3799242
9200392106;node;Innere Stadt;Tzfas;restaurant;;;Mo-Th 17:00-21:30;;48.215748;16.3786268
9213388896;node;Innere Stadt;Knödel Manufaktur Takeaway;restaurant;;dumplings;Mo-Fr 11:30-18:00;https://www.willstdumitmirknoedeln.at;48.2100381;16.3786923
9267484031;node;Innere Stadt;Starbucks;cafe;;coffee_shop;Mo-Th 07:00-22:00;;;
9365763617;node;Innere Stadt;Orpheas;restaurant;;greek;Mo-Sa 11:30-23:00;https://www.orpheas.at/;48.2069589;16.3697473
9422122030;node;Innere Stadt;Reserva Ibérica by PACO;restaurant;;spanish;Mo-Sa 11:30-22:00;;;
9524111317;node;Innere Stadt;Café im Kunsthistorischen Museum;cafe;;;Fr-We,PH 10:00-18:00;;;
9545298769;node;Innere Stadt;Uni Alm;bar;;;Mo-Sa 20:00-02:00;;48.2165358;16.3624655
9590452143;node;Innere Stadt;Truth and Dare;bar;;;Tu-Sa 18:00-02:00;;;
9741298190;node;Innere Stadt;Zum Goldenen Würstel;fast_food;;sausage;;;48.2080759;16.3705151
9744161119;node;Innere Stadt;Kulturlounge;bar;;;;;48.2098969;16.3657494
9775054317;node;Innere Stadt;Goldener Papagei;cafe;;cake;;;;
9835956870;node;Innere Stadt;Cro;cafe;;;Mo-Su 09:30-20:00;https://www.thecro.at/;48.2099081;16.3751764
9854186197;node;Innere Stadt;taste!;bar;;;;;48.2150064;16.3750364
9869038933;node;Innere Stadt;Pacassi;cafe;;;Th-Sa 10:00-18:00;;;
9889348994;node;Innere Stadt;suppito;restaurant;;;;;48.1995617;16.3613036
9951337586;node;Innere Stadt;Noodle King;fast_food;;noodle;Mo-Su 11:00-21:00;;48.2032854;16.3712587
9987524104;node;Innere Stadt;Émile;restaurant;;international;;;;
9998366109;node;Innere Stadt;Erzherzogtum am Naschmarkt;restaurant;;austrian;Mo-Fr 11:00-23:00;;;
10011442461;node;Innere Stadt;Matcha Komatchi;restaurant;;japanese;11:00-22:00;;48.2113256;16.3724406
10013199530;node;Innere Stadt;Karma Food;fast_food;;;Mo-Fr 11:00-14:00;;48.2159804;16.3660948
10013199531;node;Innere Stadt;Enzo;cafe;;;;;48.2134136;16.3622303
10013725002;node;Innere Stadt;Huber's;restaurant;;;Mo-Fr 10:30-16:00,17:30-22:00;;48.1973402;16.3799962
10016846982;node;Innere Stadt;Mazzes Insel;restaurant;;;Mo-Fr 10:00-14:00;;48.2174915;16.3830935
10026753770;node;Innere Stadt;Vollpension;cafe;;;Mo-Su 08:00-18:00;https://www.vollpension.wien/;48.204904;16.3721703
10043129945;node;Innere Stadt;Juli;restaurant;;chinese;Tu-Su 11:00-21:30;;48.2011376;16.3669336
10062430795;node;Innere Stadt;Irodion Greek Restaurant;restaurant;;greek;Mo-Su 11:30-22:00;http://irodion-greek-tavern.com;48.2079626;16.3688025
10130691912;node;Innere Stadt;Bastis Sandwich Bar;fast_food;;sandwich;;;;
10133117390;node;Innere Stadt;Billa Marktküche;restaurant;;regional;;;48.2024053;16.3720793
10138397170;node;Innere Stadt;Bieradies;restaurant;;;Mo-Fr 09:00-01:00;;;
10553924710;node;Innere Stadt;Tea plus (bubble);cafe;;;Mo-Su 12:00-21:00;;48.2036736;16.3720363
10554272709;node;Innere Stadt;No Panic Coffee;cafe;;;Mo-Fr 08:00-18:00;;;
10574218989;node;Innere Stadt;Kaffein;cafe;;;Mo-Fr 08:00-18:00;;;
10688677160;node;Innere Stadt;Zum goldenen Würstel;fast_food;;sausage;;;;
10688677161;node;Innere Stadt;Belgian Waffles & French Crêpes;fast_food;;waffle;;;;
10707456185;node;Innere Stadt;Boxwood;restaurant;;;Tu-Fr 17:00-24:00;;;
10720073589;node;Innere Stadt;Lara;restaurant;;;Mo 17:30-23:00;;;
10737489593;node;Innere Stadt;Apapika;restaurant;;poke;Mo-Su 11:00-21:00;https://apapika.at/;48.2024035;16.3706154
10737489594;node;Innere Stadt;Honu Tiki Bowls;restaurant;;poke;Mo-Fr 11:00-20:00;;;
10819836558;node;Innere Stadt;LENZ - Social Dining;restaurant;;regional;;;;
10832093245;node;Innere Stadt;REDROOF;bar;;;Mo-Th 16:00-24:00;;;
10837233052;node;Innere Stadt;Da Gennaro;restaurant;;italian;Mo-Sa 10:00-24:00;;;
10865581488;node;Innere Stadt;Dr. Döner;fast_food;;kebab;Mo-Th,Su 10:00-04:00;;;
10875596930;node;Innere Stadt;Rudolfs;cafe;;;;;48.2149524;16.3717358
10887543208;node;Innere Stadt;Caffè a Casa;cafe;;;Mo-Fr 07:30-17:30;;;
10887543209;node;Innere Stadt;La Doreé;bar;;;;;48.2091363;16.3715317
10893253732;node;Innere Stadt;Kaiser's;fast_food;;austrian;Su-We 12:00-22:00;;;
10925259189;node;Innere Stadt;No Panic Coffee;cafe;;;Mo-Fr 07:30-19:00;;;
10966047904;node;Innere Stadt;tschak;bar;;;;;48.2152234;16.3748418
10998260534;node;Innere Stadt;Pronto da Salvo;restaurant;;;;;48.2077561;16.3702651
10998260536;node;Innere Stadt;Europa Bar;bar;;;;;48.2061687;16.3710066
11003228554;node;Innere Stadt;Bonbonnière Tagesbar;bar;;;Mo-Fr 17:00-02:00;;48.2067139;16.369867
11003228558;node;Innere Stadt;Hawelka;cafe;;coffee_shop;Mo-Th 09:00-24:00;;;
11003228564;node;Innere Stadt;Enoteca;restaurant;;italian;;;48.2073018;16.3702792
11020292891;node;Innere Stadt;Fräuleins fabelhafter Sommergarten;bar;;;Mo-Su 16:00-24:00;https://fräuleins.at/;48.2115816;16.3820007
11020930988;node;Innere Stadt;Bar Francis;cafe;;;Mo-Th 16:00-02:00;;;
11112205868;node;Innere Stadt;SiL;restaurant;;breakfast;;;;
11141898665;node;Innere Stadt;Restaurant Hofmeister;restaurant;;regional;Mo-Su 12:00-21:00;https://www.restaurant-hofmeister.at;48.207579;16.3687531
11193834430;node;Innere Stadt;hâo;restaurant;;;We-Mo 11:30-23:00;https://www.haonoodle.at/;48.2030581;16.3650875
11210347367;node;Innere Stadt;Cafe & Imbiss Getreidemarkt;cafe;;;;https://imbiss-getreidemarkt.eatbu.com;48.2009405;16.3622028
11295320984;node;Innere Stadt;café exchange;cafe;;coffee_shop;Mo-Fr 09:00-17:30;;;
11308552075;node;Innere Stadt;The District Kebab;fast_food;;turkish;;https://www.districtkebab.com/;48.2123627;16.3733655
11329047882;node;Innere Stadt;Bao Bar;restaurant;;asian;Mo-Sa 11:30-20:00;https://www.baobar.at/;48.1979492;16.3658599
11370415861;node;Innere Stadt;Kaiser's;fast_food;;regional;Mo-Th 12:00-21:00;;;
11432383773;node;Innere Stadt;SELLENY'S Bar;restaurant;;regional;;https://sellenys-bar.at/;48.2063199;16.3831186
11492198761;node;Innere Stadt;L'Attimo Kaffee Bistrot;cafe;;;Mo-Fr 09:00-19:00;;;
11494579325;node;Innere Stadt;Café Elias;cafe;;;Mo-Fr 08:00-17:00;;;
11499960769;node;Innere Stadt;Empanadas Blitz;restaurant;;argentinian;Mo-Fr 11:30-22:00;;;
11541220826;node;Innere Stadt;404 at the Leo Grand;restaurant;;;Mo-Su 09:00-24:00;https://dontaskwhy.at/;48.2093911;16.3709708
11544775669;node;Innere Stadt;Walter CEWAPI;restaurant;;balkan;Mo-Su 11:00-22:00;https://cewapi.at/;48.2064066;16.3843264
11577267819;node;Innere Stadt;Fisch Viertel At 1060;restaurant;;seafood;Mo-Sa 08:00-23:00;https://www.fischviertel.at;48.1991202;16.3644999
11577267821;node;Innere Stadt;Schnitzel & Ribs Beisl;restaurant;;;;;48.1994082;16.3649749
11577267822;node;Innere Stadt;Weineck;bar;;;;;48.1993473;16.3648748
11577267825;node;Innere Stadt;Yamm am Naschmarkt;fast_food;;;;;48.1986868;16.3639713
11577267833;node;Innere Stadt;Rafael's Vinothek;bar;;;;;48.1995034;16.3654786
11586917569;node;Innere Stadt;Schalom Food;fast_food;;kebab;Su-Th 07:00-23:00;https://www.schalom-food.at/;48.2175468;16.3828818
11598699447;node;Innere Stadt;Bojito;bar;;;;;48.2102611;16.3755702
11659498241;node;Innere Stadt;Yalla Falafel - Lebanese Street Food;restaurant;;;Mo-Su,PH 11:00-20:00;;48.1976578;16.3661076
11663014821;node;Innere Stadt;Berber Am Naschmarkt;fast_food;;;Mo-Sa 08:00-20:00;;48.198393;16.3632631
11663014827;node;Innere Stadt;La Bottega Del Gusto;restaurant;;;Mo-Sa 07:30-18:00;https://www.labottegadelgusto.at;48.1974999;16.3612117
11663014831;node;Innere Stadt;Oneyda;fast_food;;;Mo-Sa 07:30-19:00;;48.1975708;16.3613603
11663095839;node;Innere Stadt;Weltraum;bar;;;We-Sa 18:00-02:00;;48.1963985;16.3615753
11663095843;node;Innere Stadt;Schön & Gut;cafe;;;Mo-Fr 09:00-18:00;;;
11694858869;node;Innere Stadt;Donnersmarkt Restaurant & Bar;restaurant;;;;;48.204272;16.3770095
11705124564;node;Innere Stadt;Parkcafé im unteren Belvedere;cafe;;austrian;Mo-Su 10:00-18:00;https://don.at/en/locations/parkcafe/;48.1966611;16.3792548
11736810160;node;Innere Stadt;Das Zwölf;restaurant;;;;;48.2100483;16.3656355
11736820329;node;Innere Stadt;Sbagliata Affairs X Mama´s Bar;bar;;;Tu-Th 17:00-01:00;;;
11749860278;node;Innere Stadt;Mehr Als Fischladen;fast_food;;fish_and_chips;;;48.2150745;16.3760193
11750315918;node;Innere Stadt;Glasswing;restaurant;;fine_dining;Mo-Su,PH 07:00-23:00;https://www.glasswing-restaurant.com/de/kontakt.html;48.2016934;16.3711268
11799416569;node;Innere Stadt;Café-Meierei Volksgarten;cafe;;;Mo-Su 10:00-17:00;https://www.stelldichein.at/;48.2079299;16.362537
11879023369;node;Innere Stadt;JOLA;restaurant;;;We-Su 18:00-23:00;https://www.jola.wien/;48.2131905;16.3713132
11879368875;node;Innere Stadt;Valberg;restaurant;;;;;48.2068993;16.3704211
11889352069;node;Innere Stadt;InterContinental;bar;;;Mo-Su 18:00-01:00;;48.2019665;16.3789594
11889405669;node;Innere Stadt;The Hoxton;bar;;;Mo-Fr 17:00-01:00;;;
12028866970;node;Innere Stadt;Green Door Bistro Vienna;restaurant;;austrian;Mo-Fr 11:00-15:00;https://www.green-door.at/;48.2057708;16.3658015
12039986209;node;Innere Stadt;Ichi Go Ichi E;restaurant;;ramen;Tu-Su 11:00-15:00,17:00-22:00;;48.2102764;16.3821943
12061867805;node;Innere Stadt;WOA;restaurant;;asian;Mo-Su 11:30-22:00;;48.2084108;16.3706174
12104654356;node;Innere Stadt;Sky Garden;bar;;;Mo-Sa 17:00-24:00;;48.2115028;16.371859
12161972388;node;Innere Stadt;bela béla;restaurant;;;We-Sa 18:00-23:00;https://belabela.murmelz.com/;48.2096898;16.366206
12208482413;node;Innere Stadt;Chattanooga;cafe;;international;;;;
12209615559;node;Innere Stadt;trude und töchter: trude;restaurant;;regional;Tu-Su 09:00-23:00;https://www.trudeund.at;48.1990344;16.3729088
12236189140;node;Innere Stadt;ra'mien go;fast_food;;asian;Mo-Fr 11:00-19:30;https://ramiengo.at/kolingasse/;48.2153913;16.362115
12301517263;node;Innere Stadt;Tomochan Ramen;restaurant;;ramen;Mo-Th 11:30-22:00;;;
12316343840;node;Innere Stadt;la Stella Wien;cafe;;italian;;;48.2023668;16.3680672
12390061741;node;Innere Stadt;Nagano;restaurant;;japanese;;;;
12401840356;node;Innere Stadt;Capsule;bar;;;;;48.2118097;16.3671005
12488336144;node;Innere Stadt;VeAhavta!;restaurant;;;Mo-Th,Su 09:00-21:30;;;
12499162907;node;Innere Stadt;An's kitchen Karlsplatz;restaurant;;vietnamese;Mo-Fr 11:30-15:00,18:00-21:00;;;
12504220168;node;Innere Stadt;Chuan Fu;restaurant;;chinese;Mo-Sa 11:30-14:30,17:30-22:00;;48.1965399;16.372121
12580470174;node;Innere Stadt;StehAchterl;bar;;;;;48.2116844;16.3735356
12597726457;node;Innere Stadt;Pigalle;bar;;;Tu-Th 18:00-01:30;;;
12645173760;node;Innere Stadt;Baburder's;bar;;;We-Th 18:00-24:00;;;
12645173761;node;Innere Stadt;City Bar;bar;;;Fr-Sa 20:00-02:00;http://citybar.at/index.htm;48.2124979;16.3680789
12660759048;node;Innere Stadt;Cook Bistro;cafe;;;;https://cook-bistro.at/;48.2047888;16.3638186
12667651524;node;Innere Stadt;Dorotheum Cafe;cafe;;;Mo-Fr 09:00-18:00;;;
12673098138;node;Innere Stadt;Josefins;restaurant;;;;https://www.josefins.at/;48.2092326;16.3704409
12788240502;node;Innere Stadt;Mama Leone;restaurant;;italian_pizza;Mo-Su 12:00-23:00;https://mama-leone.at/;48.2039369;16.3748993
12803789742;node;Innere Stadt;Mensa + Kiosk Kolingasse;fast_food;;;Mo 11:30-14:30;;;
12813693101;node;Innere Stadt;Servus Wien Hohenstaufengasse;restaurant;;austrian;Mo-Sa 11:30-23:00;;;
12827788131;node;Innere Stadt;Asia Pavillon;restaurant;;chinese;Mo-Sa 11:30-22:30;https://www.asia-pavi.at/;48.1963247;16.3682773
12860613734;node;Innere Stadt;Maria und Josef;bar;;;Mo-Sa 17:00-24:00;https://www.mariaundjosefwien.at/;48.2014163;16.3615099
12956907135;node;Innere Stadt;Zum Schwarzen Kameel (Biergarten Naglergasse);restaurant;;;Mo-Sa 12:00-22:30;;;
12956967928;node;Innere Stadt;Kaffee Süssmund;cafe;;coffee_shop;;https://suessmund-kaffee.com;48.205913;16.3722639
12998925683;node;Innere Stadt;Nabiels;restaurant;;;Tu-Sa 12:00-15:00;;;
13017063043;node;Innere Stadt;Neapolis Pizzeria;restaurant;;;;;48.2168067;16.3805975
13050391767;node;Innere Stadt;Kvetch;fast_food;;burger;;;48.2168671;16.3805956
13063743600;node;Innere Stadt;Ganko;restaurant;;japanese;Tu-Su 11:00-15:00,17:00-22:00;;;
13084973044;node;Innere Stadt;Wein & Kunst;bar;;;Mo-Fr 17:00-23:00;;48.1963727;16.3722301
13116627555;node;Innere Stadt;Santos;restaurant;;mexican;Su-Th 11:00-00:00, Fr-Sa 11:00-01:00;https://www.santos-bar.com/;48.2138634;16.3833966
13121619601;node;Innere Stadt;MiloSun Asian Kitchen;restaurant;;;Tu-Su,PH 11:00-21:30;;;
13157217091;node;Innere Stadt;Five Guys;fast_food;;burger;Sa-Su 11:00-23:00;;48.2083188;16.3708828
13192038633;node;Innere Stadt;GRND;restaurant;;regional;;;;
13205332077;node;Innere Stadt;Nano's Am Ring;restaurant;;italian;Mo-Su 11:00-00:00;https://nanos.kitchen/;48.2120783;16.3615924
13205627701;node;Innere Stadt;The Miners Coffee;cafe;;coffee_shop;;;;
13234930201;node;Innere Stadt;Hitomi;restaurant;;noodles;;;;
13236554401;node;Innere Stadt;SALT&honey;restaurant;;breakfast;;;;
13272834101;node;Innere Stadt;Sluka;cafe;;regional;Mo-Sa 09:00-18:00;;;
13273678401;node;Innere Stadt;Apapika Bowls;fast_food;;american;Mo-Su 11:00-22:00;https://www.apapika.at;48.2137429;16.3823912
13359743226;node;Innere Stadt;Kalou;fast_food;;;;;48.2131644;16.3636094
13361933049;node;Innere Stadt;small batch café;cafe;;;;https://www.instagram.com/smallbatch.cafe/;48.2178863;16.3794897
13371756924;node;Innere Stadt;Ototo;cafe;;;Mo-Fr 08:00-19:00;;;
13386857062;node;Innere Stadt;Brötchen Welt;cafe;;coffee_shop;;;48.2022116;16.3687798
13455863201;node;Innere Stadt;Kao Soi Thaï bistro;restaurant;;thai;Tu-Su 11:00-18:00;https://www.kaosoi.at/;48.2063511;16.3775858
13466312901;node;Innere Stadt;Truth coffee;cafe;;;;;48.2094751;16.3747882
13481942001;node;Innere Stadt;Nihonbashi;restaurant;;japanese;We-Mo 12:00-14:30,18:00-22:00;https://nihonbashi.at/;48.2015116;16.3688711
13519328110;node;Innere Stadt;Taquería La Ventana;restaurant;;mexican;We-Sa 12:00-14:30,17:00-22:00;;;
13580421050;node;Innere Stadt;Bonema;restaurant;;american;;;48.2166822;16.3631849
13580421051;node;Innere Stadt;Da Luigi;restaurant;;pizza;;https://www.da-luigi.at/;48.2168019;16.363043
13596197301;node;Innere Stadt;Maison Le Ciel;cafe;;;Tu-Sa 10:00-18:00;https://leciel-vintage.com/;48.1975239;16.3664232
13596197501;node;Innere Stadt;Cà Phê Lalot;cafe;;vietnamese;Tu-Fr 09:00-15:00;;;
13661220198;node;Innere Stadt;Celina's;cafe;;;;;48.2156277;16.3616245
13671865604;node;Innere Stadt;Café Museum;restaurant;;;Mo-Su 08:00-21:00;https://www.cafemuseum.at/;48.2014374;16.3676655
13681113501;node;Innere Stadt;Potions Vienna;bar;;;Th-Sa 18:00-02:00;;;
13699042601;node;Innere Stadt;Garten Cafe;cafe;;;Mo-Su 08:30-00:00;https://www.viennamarriott-restaurants.com/garten-cafe;48.2052111;16.3764596
13699043901;node;Innere Stadt;Atelier 7 The Café;cafe;;;Mo-Su 08:00-18:00;;48.2073418;16.377088
13711367601;node;Innere Stadt;Café Museum;cafe;;;;https://www.cafemuseum.at/de/cafe-museum.html;48.2014494;16.3675786
13737041501;node;Innere Stadt;HINZ & KUNZ;bar;;coffee_shop;;;;
13737088601;node;Innere Stadt;The District Coffee;cafe;;cake;;;;
13752116577;node;Innere Stadt;Spitzer;bar;;;"""Siehe Website""";https://im-spitzer.net;48.2139614;16.3807131
13755379232;node;Innere Stadt;Inari Queen;fast_food;;japanese;;;48.2169955;16.3628083
13790059581;node;Innere Stadt;Mamas Café;cafe;;;;;48.2088993;16.3742162
13799282542;node;Innere Stadt;Shh Listening Bar;bar;;;;;48.1968278;16.3672272
13811407101;node;Innere Stadt;Lieben Wir;cafe;;;Mo-Fr 09:00-18:00;;;
13899154180;node;Innere Stadt;The 1835;bar;;;;;48.2096756;16.3694119
13899201375;node;Innere Stadt;Dom Schnitzel;restaurant;;;;;48.2090423;16.369825
13917170768;node;Innere Stadt;Alexandra;bar;;;;;48.2068179;16.3703617
13936476301;node;Innere Stadt;Reiskorn Schellinggasse;restaurant;;asian;Mo-Th 12:00-15:00, 17:00-23:00;;;
13946305411;node;Innere Stadt;Café Decentral;cafe;;;Mo-Su 07:30-22:00;https://decentral.wien/;48.2113428;16.3654427
13959976601;node;Innere Stadt;Ciao Lara;restaurant;;italian;;;;
13994455508;node;Innere Stadt;Ichi go ichi e - Ramen Bar 1040 Wien;restaurant;;japanese;;;;
14028468945;node;Innere Stadt;Topf & Deckel;fast_food;;;;;48.2127446;16.3688792
14053247601;node;Innere Stadt;Addiert;restaurant;;korean;;https://www.addiert.at/;48.2147623;16.3728465
28687244;way;Innere Stadt;Cafemima;restaurant;;;Mo-Fr 08:30-22:00;;;
28687247;way;Innere Stadt;Pizzaquartier;restaurant;;pizza;Mo-Fr 10:30-23:00;;;
31114028;way;Innere Stadt;Do-An;bar;;;Mo-Sa 07:00-24:00;;;
31114041;way;Innere Stadt;Segafredo;cafe;;coffee_shop;Mo-Sa 08:00-23:00;;48.1986125;16.3633075
33437255;way;Innere Stadt;Schützenhaus;restaurant;;;Mo-Fr 16:00-23:00;https://www.geschichtewiki.wien.gv.at/Sch%C3%BCtzenhaus;48.2177907;16.3726509
34778085;way;Innere Stadt;Deli;bar;;;Mo-Sa 07:00-23:00;;;
51414694;way;Innere Stadt;Nordsee;fast_food;;seafood;Mo-Th 09:00-19:00;;;
51414706;way;Innere Stadt;Rinderwahn am Markt;fast_food;;;Su-Fr 11:30-21:00;;;
105712311;way;Innere Stadt;Orient Occident;restaurant;;oriental;Mo-Fr 07:00-23:00;;;
124434535;way;Innere Stadt;PIZZA SENZA DANZA;restaurant;;italian;Tu-Sa 17:00-02:00;https://pizza-senza-danza.at;48.2069305;16.3609196
124434537;way;Innere Stadt;Volksgarten Pavillon;cafe;;regional;"Apr 01-Oct 15 Mo-Su 10:00-02:00 ""only open on sunny days""";https://www.volksgarten-pavillon.at/;48.2069741;16.3615854
183616032;way;Innere Stadt;NENI am Wasser;bar;;;Mo-Sa 17:00-24:00;;;
191072127;way;Innere Stadt;s'Biergart'l im Stadtpark;restaurant;;local;;https://www.biergartlimstadtpark.com/;48.2032597;16.3786393
201856401;way;Innere Stadt;Knockbox;cafe;;coffee_shop;Mo-Fr 07:00-18:00;;;
202489567;way;Innere Stadt;Bitzinger;fast_food;;sausage;;;;
326510989;way;Innere Stadt;Würstelstand Zum Hohen Markt;fast_food;;sausage;09:00-04:00;;48.211214;16.3723162
330596991;way;Innere Stadt;Pizza/Kebap am Kai;fast_food;;kebab;;;;
351409451;way;Innere Stadt;Imbiss Santo;fast_food;;kebab;;;;
361672179;way;Innere Stadt;Badeschiff;restaurant;;;Mo-Su 10:00-01:00;;48.2117991;16.3815923
362319470;way;Innere Stadt;Brioche und Brösel;fast_food;;burger;PH,Mo-Su 11:30-22:00;;48.2108895;16.3751644
393966934;way;Innere Stadt;Zum Scharfen René;fast_food;;sausage;;https://vomscharfenrene.at/;48.2003449;16.37459
407661806;way;Innere Stadt;Croissant Corner;fast_food;;;;;48.2140543;16.3622325
407661875;way;Innere Stadt;Wolke;fast_food;;pizza;Mo-Fr 11:00-20:00;https://www.die-wolke.at/;48.2138291;16.3625296
407676237;way;Innere Stadt;Kashtan;cafe;;pastry;;;;
407676238;way;Innere Stadt;Mr. Box Tea;cafe;;bubble_tea;;;;
407676243;way;Innere Stadt;Kaffeküche;cafe;;coffee_shop;Mo-Fr 07:00-19:00;;;
407676244;way;Innere Stadt;Taïm;fast_food;;oriental;;;;
407676245;way;Innere Stadt;Asia Meister;fast_food;;chinese;Mo-Fr 10:00-23:00;;;
407676246;way;Innere Stadt;Lucky Noodles;fast_food;;noodle;Mo-Su 10:00-20:00;;48.2138393;16.3621344
410517899;way;Innere Stadt;Döner Point;fast_food;;international;Mo-Fr 10:00-22:00, Fr,Sa 10:00-24:00;;48.2025871;16.3615619
410517907;way;Innere Stadt;Döner Point;fast_food;;;Mo-Th 10:00-22:00;;;
410955436;way;Innere Stadt;Salonplafond;restaurant;;;Mo-Su 10:00-00:00;http://salonplafond.wien/de/;48.2078847;16.3819194
411400850;way;Innere Stadt;McDonald's;fast_food;;burger;PH,Su-Th 06:00-24:00, Fr,Sa 06:00-04:00;;48.2009744;16.3686926
411407967;way;Innere Stadt;Starbucks;cafe;;coffee_shop;Mo-Th 06:30-20:30;;;
411407993;way;Innere Stadt;Well Being;restaurant;;korean;Mo-Sa 11:00-22:00;;;
417527680;way;Innere Stadt;Ginza Point;fast_food;;sushi;Mo-Sa 11:00-21:30;;48.208041;16.3715213
425373973;way;Innere Stadt;Kebap Paradies;fast_food;;kebab;;;;
493669403;way;Innere Stadt;Max & Benito;restaurant;;mexican;Mo-Fr 11:30-21:30;;;
493669404;way;Innere Stadt;Fat Monk;fast_food;;;Mo-Su 11:00-20:00;;48.2064192;16.3843852
534722718;way;Innere Stadt;Würstelstand;fast_food;;sausage;;;48.2011691;16.3749122
586100021;way;Innere Stadt;GustoLab;fast_food;;;;;48.206628;16.3843261
587189008;way;Innere Stadt;Sternzeichen;fast_food;;asian;Mo-Su,PH 11:00-22:00;;48.2065129;16.3843636
587189010;way;Innere Stadt;McDonald's;fast_food;;burger;Mo-Su,PH 06:00-24:00, Sa,Su 00:00-00:30;;48.2066918;16.3845072
674873833;way;Innere Stadt;SUESS'KIND;restaurant;;;Mo-Fr 11:00-15:00;https://www.das-suesskind.bio;48.2067074;16.3837675
689001170;way;Innere Stadt;Wiener Würstelstand;fast_food;;sausage;24.���;;48.2069486;16.380883
848458964;way;Innere Stadt;Denis;fast_food;;kebab;;;;
917836557;way;Innere Stadt;Die Würstlerei;fast_food;;sausage;;;48.2135734;16.3619821
917836559;way;Innere Stadt;Bare;fast_food;;arab;;;48.213608;16.3620636
1140381277;way;Innere Stadt;Original Wiener Leverkas;fast_food;;regional;;;;
1184653263;way;Innere Stadt;Aras;fast_food;;kebab;;;48.2023645;16.3701381
1184653264;way;Innere Stadt;Wiener Würstelstand;fast_food;;sausage;;;48.2022969;16.3704189
1303973266;way;Innere Stadt;Café-Restaurant Resselpark;restaurant;;;Mo-Sa 09:00-23:00;;;
1539617312;way;Innere Stadt;Wurststand Burgring;fast_food;;;;;48.2040894;16.3632917
60438337;node;Innere Stadt;Albertina;arts_centre;museum;;PH,Th,Sa-Tu 10:00-18:00;;;
62626088;node;Innere Stadt;Spanische Hofreitschule;;attraction;;;https://www.srs.at/;48.2073067;16.3667068
76531413;node;Innere Stadt;Sisi Museum;;museum;;Sep-Jun: Mo-Su,PH 09:00-17:30;;;
250063134;node;Innere Stadt;Kaisergruft;crypt;attraction;;10:00-18:00;https://www.kapuzinergruft.com/;48.2057727;16.3701652
262932599;node;Innere Stadt;Johann Strauß;;artwork;;;;48.203804;16.379166
276372849;node;Innere Stadt;Hill Arches;;artwork;;;;48.1990612;16.3716187
276645373;node;Innere Stadt;Heldenplatz;;attraction;;;;48.2060921;16.3640091
288513134;node;Innere Stadt;Bank Austria Kunstforum;;museum;;Sa-Th 10:00-19:00;;;
319734181;node;Innere Stadt;Jüdisches Museum Wien;;museum;;Mo-Fr, Su 10:00-18:00;https://www.jmw.at/;48.2071298;16.3692931
319734659;node;Innere Stadt;Café Central;cafe;attraction;german;Mo-Sa 08:00-21:00;;;
323060663;node;Innere Stadt;Wiener Kriminalmuseum;;museum;;We-Su,PH 10:00-17:00;http://www.kriminalmuseum.at;48.2182253;16.3784885
348094045;node;Innere Stadt;Fiaker;;attraction;;;https://www.fiaker.co.at/fiaker-carriage-tours-vienna.html;48.208845;16.3730079
394053123;node;Innere Stadt;Liebenberg Denkmal;;artwork;;;;48.212545;16.3617214
412510725;node;Innere Stadt;Arnold Schönberg Center;library;museum;;;https://www.schoenberg.at/;48.1991054;16.3776481
441696312;node;Innere Stadt;Kaiserliche Schatzkammer;;museum;;We-Mo,PH 09:00-17:30;https://www.kaiserliche-schatzkammer.at/;48.20674;16.3658462
478856085;node;Innere Stadt;Literaturmuseum;;museum;;Tu,We,Fr-Su 10:00-18:00;;;
566588692;node;Innere Stadt;Dialog im Dunkeln;;attraction;;Tu-Fr 09:00-18:00;;;
567066337;node;Innere Stadt;Theatermuseum;;museum;;Mo, We-Su 10:00-18:00;https://www.theatermuseum.at/;48.2056192;16.3685195
567084279;node;Innere Stadt;Neidhart-Festsaal;;museum;;Fr-Su 10:00-13:00, Fr-Su 14:00-17:00;https://www.wienmuseum.at/neidhart_festsaal;48.2108548;16.3712141
567330259;node;Innere Stadt;Bonartes;;gallery;;;https://www.bonartes.org;48.2048885;16.3742716
902496927;node;Innere Stadt;Wiener Aktionismus Museum;;gallery;;We-Su 11:00-18:00;https://wieneraktionismus.at/en/;48.2051708;16.3758453
923938965;node;Innere Stadt;Marokkanerbrunnen;;artwork;;;;48.1990748;16.3799983
957072036;node;Innere Stadt;Emil Jakob Schindler;;artwork;;;;48.2044468;16.3803021
957072045;node;Innere Stadt;Vogeltränke-Brunnen;fountain;artwork;;;;48.2045082;16.3787173
957072082;node;Innere Stadt;Donauweibchen-Brunnen;fountain;artwork;;;;48.2041816;16.379705
957072085;node;Innere Stadt;Befreiung der Quelle-Brunnen;fountain;artwork;;;;48.2048461;16.3807173
957072123;node;Innere Stadt;Blumenuhr;clock;artwork;;;;48.2040065;16.378639
957072151;node;Innere Stadt;Sebastian-Kneipp-Brunnen;fountain;artwork;;;;48.2030499;16.3806184
957072154;node;Innere Stadt;Labetrunkbrunnen;fountain;artwork;;;;48.2038623;16.3817773
957072175;node;Innere Stadt;Friedrich von Amerling;;artwork;;;;48.2054953;16.3799288
957695892;node;Innere Stadt;Galerie Widder;;gallery;;;;48.2048773;16.3732213
1014014673;node;Innere Stadt;Andromedabrunnen;fountain;artwork;;;;48.2120589;16.3710519
1066090541;node;Innere Stadt;Marc Anton Gruppe;;artwork;;;;48.2005819;16.3661828
1203016181;node;Innere Stadt;Erlebnis Europa;;museum;;Mo-Sa 08:00-18:00;;48.210451;16.3743437
1262234512;node;Innere Stadt;Stock im Eisen;;attraction;;;;48.2079241;16.3716725
1334741420;node;Innere Stadt;Prunksaal der Österreichischen Nationalbibliothek;library;museum;;Tu-Su 10:00 - 18:00;;;
1365683495;node;Innere Stadt;Denkmal der Exekutive;;artwork;;;;48.2060214;16.3622032
1367302968;node;Innere Stadt;Ausschnitt aus dem Naschmarktleben;;artwork;;;;48.197431;16.362193
1375940095;node;Innere Stadt;Space Invader;;artwork;;;;48.1978726;16.3646943
1409415145;node;Innere Stadt;gallery twenty-six;;gallery;;;;48.2126285;16.3698299
1528147049;node;Innere Stadt;Lilly's Art;;gallery;;Mo-Fr 10:00-18:00;;;
1957540447;node;Innere Stadt;Peace Museum Vienna;;museum;;Mo-Fr 11:00-18:00;;;
1958085082;node;Innere Stadt;Römermuseum;;museum;;PH,Tu-Su 09:00-18:00;http://www.roemermuseum.at/;48.2106907;16.3728003
1961802117;node;Innere Stadt;Uhrenmuseum;;museum;;Tu-Su 10:00-17:00;https://www.wienmuseum.at/;48.2108569;16.3693285
2323047594;node;Innere Stadt;Dritte Mann Museum;;museum;;Sa 14:00-18:00;https://www.3mpc.net/;48.1963339;16.362283
2442661750;node;Innere Stadt;Planet der Pendler mit den drei Zeitmonden;;artwork;;;https://www.wienerlinien.at/eportal3/ep/channelView.do/channelId/-48651;48.2059293;16.3842564
2522324106;node;Innere Stadt;Galerie Reinthaler;;gallery;;Tu-Fr 13:00-18:00;;;
2670820060;node;Innere Stadt;Phantastenmuseum;;museum;;;https://phantastenmuseum.jimdo.com/;48.2062811;16.3678033
2670820061;node;Innere Stadt;Feuerwehrmuseum;;museum;;Tu 14:00-17:00;;;
2670820062;node;Innere Stadt;Türkenkugel;;attraction;;;;48.2116194;16.3684265
2670820063;node;Innere Stadt;Ministerienbrunnen;fountain;artwork;;;;48.2097053;16.3826305
2670820064;node;Innere Stadt;Ministerienbrunnen;fountain;artwork;;;;48.2101869;16.3827604
2796271987;node;Innere Stadt;Eule;;artwork;;;;48.1995494;16.3679187
2823318172;node;Innere Stadt;Deutschmeister-Denkmal;;artwork;;;;48.2170952;16.3680494
2901211995;node;Innere Stadt;Dom Museum Wien;;museum;;We,Fr-Su 10:00-18:00;;;
3127815333;node;Innere Stadt;Türmerstube;;viewpoint;;09:00-17:30;;48.2082241;16.3731127
3127879237;node;Innere Stadt;Adlerturm;;viewpoint;;Jan-Jun: 08:15-16:30;;;
3305960705;node;Innere Stadt;Jugendlicher Athlet;;artwork;;;;48.208262;16.3616604
3315437961;node;Innere Stadt;Wiener Trio;;artwork;;;http://www.viennatouristguide.at/Ring/Denkmal_Bild/z_trio.htm;48.2176581;16.3705645
3331120359;node;Innere Stadt;Figarosaal;community_centre;gallery;;"""episodical""";;48.2063588;16.3677513
3332991286;node;Innere Stadt;Beethoven Pasqualatihaus;;museum;;Tu-Su,PH 10:00-13:00,14:00-17:00;https://www.wienmuseum.at/de/standorte/beethoven-pasqualatihaus;48.2123903;16.3622586
3490627782;node;Innere Stadt;Dokumentationsarchiv des Österreichischen Widerstandes;;museum;;Mo-We,Fr 09:00-17:00;;;
3490628598;node;Innere Stadt;Flower Power;;artwork;;;;48.2120915;16.3708715
3513154212;node;Innere Stadt;Irene-Harand-Denkmal;;artwork;;;;48.1963387;16.3674797
3517604692;node;Innere Stadt;Knieende Mutter mit Kind;;artwork;;;;48.2000055;16.3697513
3517608297;node;Innere Stadt;Der Ackerbau;;artwork;;;;48.199112;16.3724107
3517608298;node;Innere Stadt;Der letzte Mensch;;artwork;;;;48.1990258;16.3724608
3517608299;node;Innere Stadt;Die Treue der österreichischen Nation gegen Kaiser und Vaterland;;artwork;;;;48.1992161;16.3725762
3518545681;node;Innere Stadt;Schatzkammer des Deutschen Ordens;;museum;;;https://www.deutscher-orden.at/;48.2076806;16.3733578
3602727273;node;Innere Stadt;Tuchmacherbrunnen;fountain;artwork;;;;48.2101769;16.370502
3666488100;node;Innere Stadt;Rhino-ART;;gallery;;Mo-Fr 11:00-19:00;;;
3770790669;node;Innere Stadt;Monumental Break;;artwork;;;;48.2092597;16.3689578
3878474287;node;Innere Stadt;Phileas;;gallery;;;https://www.phileas.art/;48.202946;16.365631
3914475537;node;Innere Stadt;Stallung der spanischen Reitschule;;viewpoint;;;;48.2071261;16.36735
4060275759;node;Innere Stadt;Vivaart;;gallery;;;;48.1982815;16.3660267
4269679189;node;Innere Stadt;Gerngroß-Säule;;artwork;;;;48.2016983;16.3612437
4543089891;node;Innere Stadt;Stephansdom Krypta;;attraction;;;;48.2082849;16.3729562
4562514616;node;Innere Stadt;Sarkophag und Grabmalfigur für Adrienne Neumann;;artwork;;;;48.1991308;16.3726458
4562514617;node;Innere Stadt;Figur 100 K;;artwork;;;;48.1991826;16.3726163
4581186745;node;Innere Stadt;Trauer der Ruinen;;artwork;;;;48.2052207;16.3777417
4581186747;node;Innere Stadt;Triumph der Materie;;artwork;;;;48.2052731;16.3777991
4581186751;node;Innere Stadt;Apollo gengen Dionysos;;artwork;;;;48.2052403;16.3777016
4581186754;node;Innere Stadt;Überraschung für Hellas;;artwork;;;;48.2052531;16.3778423
4581186756;node;Innere Stadt;Weltensäule;;artwork;;;;48.2052943;16.377757
4581186765;node;Innere Stadt;Säule den Antagonismen;;artwork;;;;48.205199;16.3777826
4830522272;node;Innere Stadt;Bezirksmuseum Leopoldstadt;;museum;;We 16:00-18:30;;;
4882650724;node;Innere Stadt;Kohlmarkt;;attraction;;;https://www.geschichtewiki.wien.gv.at/Kohlmarkt;48.2088011;16.367633
4892925059;node;Innere Stadt;Ferryman;;artwork;;;;48.2099787;16.3813991
5111578474;node;Innere Stadt;Museum der Illusionen Wien;;museum;;Mo-Su 10:00-18:00;https://museumderillusionen.at/;48.2096524;16.3669271
5146842774;node;Innere Stadt;Papyrusmuseum;;museum;;;https://www.onb.ac.at/museen/papyrusmuseum/;48.2053059;16.3650424
5284417755;node;Innere Stadt;Museum Simon Wiesenthal;;museum;;Mo-Fr 10:00-18:00;;;
5316617638;node;Innere Stadt;Feuerschale des österreichischen Heldendenkmals;;artwork;;;https://sammlung.wienmuseum.at/objekt/31118-aeusseres-burgtor-feuerschale-des-oesterreichischen-heldendenkmals/;48.2057102;16.3622576
5316617639;node;Innere Stadt;Feuerschale des österreichischen Heldendenkmals;;artwork;;;https://sammlung.wienmuseum.at/objekt/31118-aeusseres-burgtor-feuerschale-des-oesterreichischen-heldendenkmals/;48.2053595;16.3627246
5520281823;node;Innere Stadt;Galerie Ernst Hilger;;gallery;;;;48.2077428;16.3698855
5521021352;node;Innere Stadt;Das alte Freihaus und die neuen Straßenzüge;;artwork;;;;48.197263;16.3656112
5531918832;node;Innere Stadt;Maria-Immaculata-Statue;;artwork;;;;48.1964069;16.3673819
5531918833;node;Innere Stadt;Komposition in Eisen;;artwork;;;;48.2126425;16.3835301
6036965198;node;Innere Stadt;Metro Kinokulturhaus;;museum;;Mo-Su 14:00-21:00;https://www.filmarchiv.at;48.2049335;16.3720013
6080863209;node;Innere Stadt;Galerie Szaal;;gallery;;;;48.2144648;16.3644395
6294281849;node;Innere Stadt;Smolka Contemporary;;gallery;;;http://smolkacontemporary.at/;48.2057724;16.3690071
6318376724;node;Innere Stadt;Figur mit Tauben;;artwork;;;;48.1972234;16.3693986
6428826180;node;Innere Stadt;Traum;;artwork;;;;48.2157826;16.3796552
6635095671;node;Innere Stadt;Hauptallee – Pratercorso;;artwork;;;;48.2152943;16.3832875
8048190538;node;Innere Stadt;St. Ruprecht;;artwork;;;;48.2123247;16.3743308
8048190539;node;Innere Stadt;Nordansicht von Wien von 1490;;artwork;;;;48.2122816;16.3745938
8376462796;node;Innere Stadt;Isterbrunnen;fountain;artwork;;;;48.2100069;16.3647355
8399176124;node;Innere Stadt;Stylit;;artwork;;;;48.2072089;16.3808204
8483546911;node;Innere Stadt;3D PicArt;;museum;;Mo-Su 10:00-19:00;https://www.3dpicart-museum.at/;48.2013787;16.3697485
8721520363;node;Innere Stadt;Emanuel Layr;;gallery;;We-Fr 12:00-18:00;;;
8825736397;node;Innere Stadt;Friedrich Wilhelm Raiffeisen;;artwork;;;;48.209974;16.364647
8840324970;node;Innere Stadt;Karl Rudolf Wlaschek;;artwork;;;;48.2116209;16.3642391
8906927786;node;Innere Stadt;Galerie V&V;;gallery;;We-Fr 13:00-19:00;;;
8929017719;node;Innere Stadt;Time Travel Vienna;;museum;;Mo-Su 10:00-20:00;https://www.timetravel-vienna.at/;48.2082448;16.3682446
8929017720;node;Innere Stadt;Sisi's amazing Journey;;attraction;;;https://www.amazing-sisi.at/;48.2083337;16.3686011
8944833407;node;Innere Stadt;Galerie Steinek;;gallery;;Tu-Fr 13:00-18:00;;;
9548203288;node;Innere Stadt;Wienfluss-Portal;;attraction;;;;48.2026249;16.3787851
9821010400;node;Innere Stadt;Heidi Horten Collection;;museum;;We, Fr-Mo 11:00-19:00;;;
9835956869;node;Innere Stadt;Galerie Augustin;;gallery;;Tu-Fr 10:30-18:30;https://www.galerie-augustin.com/de/;48.2099494;16.3752543
9983513676;node;Innere Stadt;Albertina modern;;museum;;Mo-Su 10:00-18:00;https://www.albertina.at/en/albertina-modern/;48.2006466;16.3716055
10119642847;node;Innere Stadt;Ca Contemporary;;gallery;;;;48.206003;16.3737368
10130867580;node;Innere Stadt;Mythos Mozart;;museum;;Mo-Fr 10:00-20:00;;;
10138397168;node;Innere Stadt;Haus der Musik;;museum;;Mo-Su 10:00-22:00;https://www.hausdermusik.com/;48.203792;16.3731547
10215468663;node;Innere Stadt;Galerie Frey;;gallery;;Tu-Fr 11:00-18:30;;;
10577378794;node;Innere Stadt;Schullin I;;attraction;;;;48.2089156;16.3697167
10577378795;node;Innere Stadt;Schullin II;;attraction;;;;48.2088819;16.3679244
10922325163;node;Innere Stadt;Raising Hands;;artwork;;;https://www.raisinghands.net;48.1987146;16.3759289
10933635729;node;Innere Stadt;Gallery Meyer Kainer;;gallery;;Tu-Fr 11:00-18:00;;;
10990087410;node;Innere Stadt;Gedenkstätte für die Opfer der Gestapo Wien;;museum;;"""Auf Anfrage""";;48.2135828;16.3736875
10998260523;node;Innere Stadt;Galerie W&K;;gallery;;;https://www.w-k.art;48.2119209;16.3664472
11167079457;node;Innere Stadt;Romanische Kapelle;;attraction;;Mo-Fr 08:00-17:30;;48.2119393;16.3652116
11210347368;node;Innere Stadt;Salon Hofmannsthal;;museum;;Mo, We 10:00-14:00;;;
11357982388;node;Innere Stadt;Jüdisches Museum Judenplatz;;museum;;Mo-Th,Su 10:00-18:00;;;
11375472233;node;Innere Stadt;Beethovens Wohnsitz 1815-1817;;artwork;;;;48.2119464;16.3676355
11411007720;node;Innere Stadt;Kunstraum Niederösterreich;;museum;;Tu-Fr 11:00-19:00;;;
11626502130;node;Innere Stadt;Kinder helfen Kinder;;artwork;;;;48.2025854;16.3796806
11697497069;node;Innere Stadt;OK;;artwork;;;;48.2086018;16.3826615
11698579469;node;Innere Stadt;Zetter - Galerie bei der Albertina;;gallery;;;;48.2054238;16.3687788
11705124559;node;Innere Stadt;Round and Around;;artwork;;;;48.1967482;16.3795102
11826206244;node;Innere Stadt;Immersium;;attraction;;;https://immersium.com/;48.2083783;16.368377
12042381527;node;Innere Stadt;Atelier Maria am Gestade;;gallery;;;;48.2125211;16.3696605
12082906805;node;Innere Stadt;Alex DeLarge;;artwork;;;;48.201819;16.3770716
12110202292;node;Innere Stadt;Galerie Krobath;;gallery;;Tu-Fr 11:00-18:00;;;
12237569693;node;Innere Stadt;Galerie Künstlich;;gallery;;"""Öffnungszeiten nach Vereinbarung""";;48.1979158;16.3689979
12254645748;node;Innere Stadt;Rauminhalt_Harald Bichler;;gallery;;;https://www.rauminhalt.com/;48.1973501;16.3650208
12285168501;node;Innere Stadt;Galerie Lisa Kandlhofer;;gallery;;;https://www.kandlhofer.com/;48.1990955;16.3745425
12403238108;node;Innere Stadt;Atelier Garzon;;gallery;;;;48.2104682;16.367129
12431629888;node;Innere Stadt;Einen Augenblick Zeit;;artwork;;;;48.2147564;16.3622742
12778209906;node;Innere Stadt;Galerie Krinzinger;;gallery;;Tu-Fr 12:00-18:00;;;
12871423368;node;Innere Stadt;Chromotop;;artwork;;;;48.1991866;16.372004
12872266547;node;Innere Stadt;Chromotop;;artwork;;;;48.1991955;16.3721627
12872266548;node;Innere Stadt;Chromotop;;artwork;;;;48.1992358;16.3720228
13050464408;node;Innere Stadt;Alban-Berg-Denkmal;;artwork;;;https://www.absw.at/cms.php?redir=bilddaten/albumHelene/stiftung-denkmal;48.2026524;16.3696266
13076142335;node;Innere Stadt;Es gibt nur einen Adel, den Adel der Arbeit;;artwork;;;;48.1985701;16.3661369
13076142337;node;Innere Stadt;St. Ruprecht anno 1783;;artwork;;;;48.2121855;16.3746639
13306418394;node;Innere Stadt;Lukas Feichtner;;gallery;;Tu-Sa 13:00-18:00;;48.2037164;16.3734814
13306485613;node;Innere Stadt;Sky Frame;;gallery;;Mo-Fr 10:00-13:00, Mo-Th 13:30-18:00, Fr 13:30-16:00;;;
13306506274;node;Innere Stadt;Barvinsky;;gallery;;Tu-Fr 12:30-18:30;;;
13306511775;node;Innere Stadt;Galerie Elisabeth & Klaus Thoman;;gallery;;Tu-Fr 12:00-18:00;;;
13374492262;node;Innere Stadt;Yellow Fog;;attraction;;;;48.2111459;16.3671598
13593121499;node;Innere Stadt;Farmini Art & Wine;;gallery;;;;48.2126964;16.381176
13665325435;node;Innere Stadt;Jesuitenfoyer;;gallery;;;;48.2086706;16.3769049
13790046547;node;Innere Stadt;Dom Atelier;;museum;;;;48.2087666;16.3743589
13790062947;node;Innere Stadt;Kovacek & Zetter;;gallery;;;;48.2064553;16.369661
13790130377;node;Innere Stadt;Galerie Graf;;gallery;;;;48.2052971;16.3686002
13790144960;node;Innere Stadt;ZETTER projects;;gallery;;;;48.2053574;16.368705
13790146926;node;Innere Stadt;Galerie Gerald Hartinger;;gallery;;;;48.2062538;16.3694617
13790147608;node;Innere Stadt;Alte Kunst;;gallery;;;;48.2062725;16.3694831
13790157733;node;Innere Stadt;Galerie Barina;;gallery;;;;48.2051867;16.3688693
13935301944;node;Innere Stadt;Final Days;;artwork;;;;48.2003314;16.3716219
13936698419;node;Innere Stadt;Küss den Pfennig;;artwork;;;;48.2115584;16.3768117
8097149;way;Innere Stadt;Karlskirche;place_of_worship;attraction;;;https://karlskirche.at/;48.1982797;16.3717985
8097153;way;Innere Stadt;Wien Museum Karlsplatz;;museum;;Sa,Su 10:00-18:00;;;
8097595;way;Innere Stadt;Wiener Staatsoper;theatre;attraction;;;https://www.wiener-staatsoper.at/;48.2032731;16.3692106
9245795;way;Innere Stadt;Theseustempel;;museum;;PH,Mo-Su 11:00-18:00;https://www.geschichtewiki.wien.gv.at/Theseustempel;48.208411;16.3616876
9703218;way;Innere Stadt;Urania;;attraction;;;;48.2115512;16.3837745
25371168;way;Innere Stadt;Secession;;museum;;Tu-Su 10:00-18:00;https://www.secession.at/;48.2004956;16.3657826
25577405;way;Innere Stadt;Musikverein;theatre;attraction;;;https://www.musikverein.at/;48.2004924;16.372759
25577419;way;Innere Stadt;Künstlerhaus Wien;;museum;;Mo-Su 10:00-18:00;https://www.k-haus.at/;48.2007772;16.371716
26587369;way;Innere Stadt;Burgtor;;attraction;;;;48.2056521;16.3626956
29320733;way;Innere Stadt;Naschmarkt;marketplace;attraction;;;https://www.wien.gv.at/freizeit/einkaufen/maerkte/lebensmittel/naschmarkt/index.html;48.198347;16.3625791
30322134;way;Innere Stadt;Graben;;attraction;;;;48.208515;16.3702628
31313338;way;Innere Stadt;Unteres Belvedere;;museum;;Mo-Su 10:00-18:00;;;
31313348;way;Innere Stadt;Orangerie;;museum;;;https://www.belvedere.at/;48.1971103;16.3783885
37675404;way;Innere Stadt;Schweizertor;;attraction;;24.���;https://www.geschichtewiki.wien.gv.at/Schweizertor;48.2070005;16.3655563
51414708;way;Innere Stadt;Kleines Haus der Kunst;;gallery;;;https://kleineshausderkunst.at/;48.20007;16.3664015
107222887;way;Innere Stadt;Looshaus;;attraction;;;;48.2084626;16.3666882
107803504;way;Innere Stadt;Pestsäule;;attraction;;;;48.2087132;16.3697907
109308716;way;Innere Stadt;Basiliskenhaus;;attraction;;;;48.2096486;16.3775489
110548902;way;Innere Stadt;Haas-Haus;;attraction;;;;48.2083593;16.3715308
129241327;way;Innere Stadt;Ankeruhr;clock;attraction;;;;48.2107594;16.3736753
169186435;way;Innere Stadt;Mozarthaus Vienna;;museum;;Mo-Su 10:00-19:00;https://www.mozarthausvienna.at/;48.2082099;16.3749348
180889602;way;Innere Stadt;Bermudadreieck;;attraction;;;http://bermudadreieckwien.at;48.2116846;16.3745979
186172556;way;Innere Stadt;Zur schönen Laterne;;attraction;;;;48.2094005;16.3773247
212496461;way;Innere Stadt;Stephansdom;place_of_worship;attraction;;Mo-Sa 06:00-22:00;;;
227023529;way;Innere Stadt;Soravia Wing;;artwork;;;;48.2044464;16.3684581
293583735;way;Innere Stadt;Mariensäule;;artwork;;;;48.2111353;16.3678611
309314199;way;Innere Stadt;Wasserwellen-Lebens-Brunnen;fountain;artwork;;;;48.2085238;16.3641785
324725223;way;Innere Stadt;Sammlung alter Musikinstrumente;;museum;;;https://www.khm.at/besuchen/sammlungen/sammlung-alter-musikinstrumente/;48.2052301;16.3651316
324725228;way;Innere Stadt;Ephesos-Museum;;museum;;Tu-Su 10:00-18:00, Th 10:00-21:00;https://www.khm.at/besuchen/sammlungen/ephesos-museum/;48.2056565;16.3651124
326831101;way;Innere Stadt;Silberkammer;;museum;;Sep-Jun: Mo-Su,PH 09:00-17:30;;;
326831102;way;Innere Stadt;Kaiserappartements;;museum;;Sep-Jun: Mo-Su,PH 09:00-17:30;;;
327119600;way;Innere Stadt;Globenmuseum;;museum;;Jun-Sep Fr-We 10:00-18:00;;;
327119607;way;Innere Stadt;Esperantomuseum;;museum;;Jun-Sep Fr-We 10:00-18:00;;;
328630899;way;Innere Stadt;Museum für Angewandte Kunst;;museum;;;https://www.mak.at/;48.207442;16.3818018
337435341;way;Innere Stadt;Otto-Wagner-Pavillon;;museum;;Apr-Oct Tu-Su 10:00-18:00;;;
342007264;way;Innere Stadt;Bezirksmuseum Innere Stadt;;museum;;Tu,Th 16:00-18:00;https://www.bezirksmuseum.at/de/bezirksmuseum_1;48.2122221;16.3708413
345335286;way;Innere Stadt;Xhibit;;gallery;;;;48.2016974;16.3647726
345335287;way;Innere Stadt;Gemäldegalerie;;museum;;Tu-Su 10:00-18:00;http://www.akademiegalerie.at/;48.2013181;16.3650459
346399780;way;Innere Stadt;Schönlaterngasse;;attraction;;;;48.2093143;16.3783754
356439127;way;Innere Stadt;Stadtschriften;;artwork;;;;48.2158383;16.378272
369009819;way;Innere Stadt;Heiligenkreuzerhof;;attraction;;;;48.2099026;16.3767726
386940618;way;Innere Stadt;Hohe Brücke;;attraction;;;;48.2127481;16.3685861
388754282;way;Innere Stadt;Kunsthalle Wien Karlsplatz;;museum;;Tu-Su 10:00-18:00, Th 10:00-20:00;https://kunsthallewien.at/;48.2002636;16.3676702
388758689;way;Innere Stadt;Virgilkapelle;;museum;;"closed ""Vorübergehend geschlossen""";https://www.wienmuseum.at/virgilkapelle;48.2083319;16.3722307
411932024;way;Innere Stadt;Agora;;museum;;24.���;;48.2122557;16.3812151
485310799;way;Innere Stadt;Domschatz;;museum;;Mo-Sa 09:00-17:00;;;
546340540;way;Innere Stadt;Belvedere;;attraction;;;https://www.belvedere.at/;48.1932822;16.3805075
548145007;way;Innere Stadt;Schönlaterngasse;;attraction;;;;48.2093907;16.3777403
566224844;way;Innere Stadt;Reiterstandbild Erzherzog Albrecht;;artwork;;;https://www.geschichtewiki.wien.gv.at/Erzherzog-Albrecht-Denkmal;48.2043247;16.3684658
566231728;way;Innere Stadt;Karl Lueger;;artwork;;;;48.207537;16.3797626
566231998;way;Innere Stadt;Vermählungsbrunnen;fountain;artwork;;;;48.2108827;16.3729815
682997386;way;Innere Stadt;Haus der Geschichte Österreich;;museum;;;https://www.hdgoe.at/;48.2050731;16.3648021
993479341;way;Innere Stadt;Stadtschrift;;artwork;;;https://www.stadtschrift.at/;48.2168469;16.3779043
993479342;way;Innere Stadt;Maestros;;artwork;;;;48.2170224;16.3779163
1019789627;way;Innere Stadt;Stage Set;;artwork;;;https://www.mak.at/sammlung/sammlung/mak-sammlung_artikel?article_id=1341408469382;48.203578;16.3809557
1278370714;way;Innere Stadt;Ohne Titel;;artwork;;;;48.201604;16.3693964
1293754845;way;Innere Stadt;Unisono di colori;;artwork;;;;48.2004259;16.3706072
1298662800;way;Innere Stadt;ARCUS (Schatten eines Regenbogens);;artwork;;;;48.1998964;16.3698446
1320671228;way;Innere Stadt;Schönlaterngasse;;attraction;;;;48.2094745;16.3785648
1444740654;way;Innere Stadt;Kanaldeckel;;attraction;;;;48.2007892;16.3672281
29801740;node;Leopoldstadt;McDonald's;fast_food;;american;;;;
55411636;node;Leopoldstadt;Maya Garden;restaurant;;;;https://maya.garden/;48.2087288;16.4293627
76469902;node;Leopoldstadt;Pizzeria Eduardo;restaurant;;pizza;11:00-23:00;;48.2089007;16.3926105
76470536;node;Leopoldstadt;Le Petit Café;cafe;;;Mo-Su 07:30-18:30;;48.2081758;16.3932821
76514684;node;Leopoldstadt;Pizza Bizi;restaurant;;pizza;Mo-Su,PH 11:00-24:00;https://www.pizzabizi.at/;48.2096466;16.3736843
76515393;node;Leopoldstadt;Korb;cafe;;;Mo-Sa 08:00-24:00;;;
76656467;node;Leopoldstadt;Gasthaus Wild;restaurant;;;Mo-Sa 11:30-24:00, Su 11:30-22:30;;48.2105958;16.3898294
154622635;node;Leopoldstadt;Schrammel & Schrammel;restaurant;;;;;48.2006792;16.3992874
154622735;node;Leopoldstadt;Keiner Stuben;restaurant;;;Mo-Fr 10:30-22:00;;;
244492645;node;Leopoldstadt;Kala's Imbiss-Paradies;fast_food;;snackbar;Mo-Su 11:00-23:50;;48.1996218;16.4003777
249733140;node;Leopoldstadt;Pink Pepper;cafe;;;;;48.2362005;16.3709174
250380570;node;Leopoldstadt;Bui Vien Street;restaurant;;vietnamese;Mo off;;;
251361717;node;Leopoldstadt;zum Kaiser Würstlstand;fast_food;;;Mo-Th 10:00-02:00;;;
259640958;node;Leopoldstadt;Kaffeeamt;cafe;;coffee_shop;;;;
259641273;node;Leopoldstadt;Schöne Perle;restaurant;;austrian;Mo-Su,PH 11:00-24:00;http://www.schoene-perle.at/gasthaus/;48.2187616;16.3772145
267275362;node;Leopoldstadt;Jazzclub ZWE;pub;;regional;;https://www.zwe.cc/;48.2162906;16.3748262
268500778;node;Leopoldstadt;Ice & Friends;restaurant;;;;;48.2062043;16.398612
269208762;node;Leopoldstadt;Restaurant SURA;restaurant;;korean;;;;
269208764;node;Leopoldstadt;Cheng Chinese Cuisine;restaurant;;chinese;Mo-Fr 11:30-21:00;http://www.cheng.restaurant/;48.2071903;16.3741585
269208773;node;Leopoldstadt;McDonald's;fast_food;;burger;Su-Th,PH 07:00-02:00, Fr,Sa 07:00-04:00;https://www.mcdonalds.at/1010-singerstrasse-4;48.207716;16.372115
269209053;node;Leopoldstadt;Akakiko;fast_food;;japanese;Mo-Su 11:00-22:30;https://akakiko.at/;48.2076731;16.3723403
269209054;node;Leopoldstadt;Aida;cafe;;coffee_shop;;;;
293142047;node;Leopoldstadt;La Sera;fast_food;;;;;48.1983562;16.4013661
299893744;node;Leopoldstadt;Seoulmate - Korean Bistro;restaurant;;korean;Mo off;;;
307643605;node;Leopoldstadt;Semendria;restaurant;;;Mo-Th 10:00-22:00;;;
316011440;node;Leopoldstadt;Gasthaus Hansy;restaurant;;regional;11:00-23:00;https://www.hansy-braeu.at/;48.2179959;16.3900848
316012422;node;Leopoldstadt;Tachles;pub;;;Mo-We 16:00-23:00;;;
321595780;node;Leopoldstadt;Flanagans;pub;;;Su-Th 10:00-02:00;;;
323060577;node;Leopoldstadt;Zum Friedensrichter;restaurant;;regional;Mo-Fr 15:00-23:00;;;
323060590;node;Leopoldstadt;Zum Sieg;restaurant;;regional;Mo,Tu,Th,Fr 11:00-23:00;;;
323060637;node;Leopoldstadt;Pancho;restaurant;;mexican;Mo-Th 17:00-01:00;;;
329464821;node;Leopoldstadt;Billardcafe Köö;cafe;;;Mo-Th 10:00-02:00;;;
333119187;node;Leopoldstadt;Mampf;fast_food;;kebab;;;;
333121653;node;Leopoldstadt;Ziyafet;restaurant;;;;;48.2375573;16.3811837
333124186;node;Leopoldstadt;Tauber;fast_food;;;Mo-Fr 07:00-20:00;;;
333672130;node;Leopoldstadt;Meierei im Stadtpark;restaurant;;breakfast;;;;
333696995;node;Leopoldstadt;Cafe Delphin;cafe;;;Mo-Fr 07:30-20:00;;;
334634698;node;Leopoldstadt;Toni's Café-Restaurant;restaurant;;regional;Mo-Su 08:00-24:00;http://toni-s.at;48.2130932;16.3726243
334634963;node;Leopoldstadt;Fladerei Salzgries;restaurant;;fladen;;;;
334636027;node;Leopoldstadt;Noa;restaurant;;;;https://www.noa.wien;48.2132357;16.3732171
334641013;node;Leopoldstadt;Pickwicks;pub;;;Mo-Th 11:00-24:00;;;
335296359;node;Leopoldstadt;Coretto;restaurant;;regional;Mo-Sa 08:00-22:00;;;
335317816;node;Leopoldstadt;Dal Maestro;restaurant;;pizza;Mo-Th 11:00-23:00;;;
335933214;node;Leopoldstadt;Eatalico;restaurant;;italian;;;;
335937019;node;Leopoldstadt;Contor;restaurant;;spanish;Mo-Su,PH 17:00-24:00;;48.2168765;16.3777554
336244940;node;Leopoldstadt;Am Nordpol;restaurant;;bohemian;Mo-Fr 17:00-23:30;;;
336250391;node;Leopoldstadt;Die Schankwirtschaft;restaurant;;regional;Mo-Su 10:00-22:00;https://www.schankwirtschaft.at;48.2243371;16.3740898
337947384;node;Leopoldstadt;Crowns and Swords;pub;;irish;Tu-Sa 17:00-01:00;;48.2190673;16.3803407
337947389;node;Leopoldstadt;Crown and Sword;bar;;;Tu-Sa 17:00-01:00;https://www.crownandsword.at/;48.219179;16.3802285
338470656;node;Leopoldstadt;Nestroy;restaurant;;;Mo-Fr 10:30-22:30;;;
338470657;node;Leopoldstadt;Das GEHSTEIG;pub;;;Mo-Th 17:00-01:00;;;
338470662;node;Leopoldstadt;Schank zum Reichsapfel;restaurant;;heuriger;PH off;;;
338470667;node;Leopoldstadt;Bahur Tov;restaurant;;israeli;Mo-Th 16:00-22:00;;;
338470669;node;Leopoldstadt;das kraus;restaurant;;;Mo-Sa 10:00-01:00, PH,Su 10:00-22:00;;48.2188596;16.3782411
338470672;node;Leopoldstadt;Zimmer 37;restaurant;;5-Elemente;Tu-Th 10:30-18:00;;;
338470676;node;Leopoldstadt;6er Haus;pub;;;Mo-Sa 09:00-23:00;;;
338470684;node;Leopoldstadt;Café Einfahrt;cafe;;;Mo-Fr 10:00-25:00;;;
338470686;node;Leopoldstadt;Fliegender Holländer;restaurant;;;Mo-Fr 12:00-24:00;;48.215232;16.3766403
338470689;node;Leopoldstadt;Naschkätzchen;cafe;;;;;48.217096;16.3806455
338473232;node;Leopoldstadt;Brendl;pub;;;Su-Th 17:00-01:00, Fr,Sa 17:00-02:00;;48.2160352;16.3784001
338473236;node;Leopoldstadt;Hammond;bar;;;Mo-Th 18:00-01:00;;;
340216977;node;Leopoldstadt;Casolaro Bros;restaurant;;;;https://www.casolarobros.com/;48.1996194;16.3991759
340833248;node;Leopoldstadt;Noodles Box;fast_food;;noodle;;;;
342299597;node;Leopoldstadt;Zur Gruab'n;restaurant;;;Mo-Fr 10:00-23:30;;48.2077326;16.3879434
342301304;node;Leopoldstadt;Stadtwirt;restaurant;;;Mo-Fr 11:00-24:00;;48.2072016;16.3876568
342301942;node;Leopoldstadt;WIST;restaurant;;;Mo-Fr 10:30-21:30;;48.2097742;16.3876355
342302681;node;Leopoldstadt;Sophienbeisl;restaurant;;;Mo-Fr 11:00-22:00;;48.2076152;16.3909261
342303156;node;Leopoldstadt;Hitomi;restaurant;;sushi;;;;
342303837;node;Leopoldstadt;Shoyu Pan;restaurant;;japanese;;;;
342304875;node;Leopoldstadt;Asia Paradies;restaurant;;asian;Mo-Su 11:30-15:00, Mo-Sa 17:30-22:30;;48.2057349;16.3881237
342305562;node;Leopoldstadt;Hemmers;restaurant;;regional;Mo 17:00-23:00;;;
342305687;node;Leopoldstadt;Marco Polo;restaurant;;asian;11:00-22:30;;48.2056647;16.3844561
342306706;node;Leopoldstadt;Cafe & Restaurant Ascot;cafe;;;Mo-Su 08:00-24:00;;48.2061401;16.3859752
342306957;node;Leopoldstadt;Starbucks;cafe;;coffee_shop;Mo-Fr 06:00-21:00;;;
342308867;node;Leopoldstadt;Zum goldenen Löwen;restaurant;;italian;Mo-Su 11:00-23:00;;48.2083108;16.3929011
343320228;node;Leopoldstadt;Ma Creperie;restaurant;;french;Mo-Fr 17:00-23:30;;;
344491374;node;Leopoldstadt;Indische Spezialitäten Arbaillo;restaurant;;pizza;Su-Fr, PH 10:30-22:00;;;
344666078;node;Leopoldstadt;Kurkonditorei Oberlaa;cafe;;cake;;;;
344666762;node;Leopoldstadt;'s Stammbeisl;pub;;;Mo-Fr 09:00-24:00;;48.2060233;16.3865177
344671406;node;Leopoldstadt;Das Kimchi;restaurant;;korean;Mo-Su 11:00-15:00,18:00-23:00;;48.2069792;16.3903431
344923915;node;Leopoldstadt;Eduscho / Tchibo;cafe;;;Mo-Fr 08:30-18:30;;;
344925907;node;Leopoldstadt;Nem;restaurant;;vietnamese;Mo-Fr 11:00-15:00,17:00-22:00;;;
344926482;node;Leopoldstadt;Duran;restaurant;;sandwich;Mo-Fr 08:00-16:00;;;
344927480;node;Leopoldstadt;Koffie;cafe;;;Mo-Fr 08:00-19:00;;;
345289488;node;Leopoldstadt;Eleyx;bar;;;;https://www.eleyx.com/;48.2127239;16.3702618
345298530;node;Leopoldstadt;Castelletto;cafe;;italian;Mo-Sa 07:00-24:00;;;
345758417;node;Leopoldstadt;Cafe Alex;pub;;;Mo-Sa 07:00-22:00;;48.2189029;16.4067943
353022689;node;Leopoldstadt;Le Burger;fast_food;;burger;PH,Su-We 11:00-22:00;;;
354501505;node;Leopoldstadt;The View;restaurant;;;;https://www.theview.at/;48.2247587;16.4074979
356746043;node;Leopoldstadt;Dick Mack's;pub;;;Mo-Su 20:00-04:00;;48.2124198;16.3734523
356892384;node;Leopoldstadt;Donaubeisl;restaurant;;regional;Mo-Th 11:00-23:00;;;
356892391;node;Leopoldstadt;Cafe Vienna;cafe;;;Mo-Th 09:30-17:00;;;
359238262;node;Leopoldstadt;Aera;restaurant;;regional;Mo-Sa 10:00-01:00;;;
359238264;node;Leopoldstadt;Le Wei;restaurant;;asian;Mo-Fr 11:30-14:30, 18:00-22:00;;;
365865111;node;Leopoldstadt;Cafe-Restaurant Ronacher;restaurant;;regional;Mo-Fr 11:30-15:00;https://www.caferonacher.com/;48.2055994;16.3750866
365865114;node;Leopoldstadt;Momoya Fusion;restaurant;;asian;Mo-Su,PH 11:00-23:00;https://momoyafusion.at/;48.2054661;16.374915
366220354;node;Leopoldstadt;Konditorei Am Park;cafe;;cake;Mo,We-Su,PH 09:00-21:00;;48.2211808;16.4000289
366220850;node;Leopoldstadt;Zum Mährischen Spatzen;restaurant;;regional;Mo-Th,Su 12:00-22:00;;;
366550146;node;Leopoldstadt;Grill-Restaurant Semendria;restaurant;;serbian;;;;
367390337;node;Leopoldstadt;Buxbaum Restaurant;restaurant;;regional;Mo-Sa 10:00-23:00;;48.2098925;16.3764341
367817578;node;Leopoldstadt;Aida;cafe;;coffee_shop;;;;
367850770;node;Leopoldstadt;Frühstücksraum von Hotel Post;cafe;;breakfast;Mo-Su 06:30-11:30;;48.2101521;16.3780993
373470635;node;Leopoldstadt;Stuwer;restaurant;;regional;Mo-Sa 17:30-23:00, Su,PH 12:00-22:00;https://stuwer.com;48.2188785;16.4070351
373480650;node;Leopoldstadt;Steirerhof;restaurant;;viennese;;;48.221806;16.4051706
374485605;node;Leopoldstadt;Bierteufl;restaurant;;;Mo-Fr 11:00-01:00, Sa 17:00-01:00, Su, PH 17:00-24:00;;48.2036962;16.3860251
374572757;node;Leopoldstadt;Elianto;restaurant;;italian;Mo-Su 11:00-23:00;https://www.elianto.at/;48.1994471;16.3872948
374572860;node;Leopoldstadt;Le Bistrot;restaurant;;french;Mo-Fr 09:00-15:00;;;
374723778;node;Leopoldstadt;Zum Posthorn;restaurant;;;Mo,Fr 17:00-23:00;;;
374756697;node;Leopoldstadt;Café Malipop;pub;;;We-Sa 19:30-01:00;;48.2034128;16.3863864
381909771;node;Leopoldstadt;Pho Mi;restaurant;;vietnamese;Mo-Fr 11:00-22:30;;;
385285783;node;Leopoldstadt;Ruby Lissi;bar;;;;;48.2109469;16.3785463
394941622;node;Leopoldstadt;Caffè Delia's;cafe;;;Mo-Sa 08:00-24:00, Su 10:00-24:00;;48.2100861;16.3704114
394941625;node;Leopoldstadt;Kurkonditorei Oberlaa;cafe;;;Mo-Su 08:00-20:00;https://oberlaa-wien.at/standorte/standort-neuer-markt/;48.2067216;16.3707002
394941626;node;Leopoldstadt;Le Bol;restaurant;;french;Mo-Sa 08:00-18:00+;;;
398597854;node;Leopoldstadt;Skopik & Lohn;restaurant;;local;18:00-24:00;https://skopikundlohn.at/;48.2201646;16.3766475
398603916;node;Leopoldstadt;Pizza Mari';restaurant;;pizza;Tu-Sa 12:00-24:00;;;
411757173;node;Leopoldstadt;Beim Czaak;restaurant;;;Mo-Sa 17:00-22:00;;48.2098322;16.3787632
412862778;node;Leopoldstadt;Jonathan und Sieglinde;restaurant;;;Mo,Tu 09:00-15:00;;;
413128344;node;Leopoldstadt;Gasthaus Stopfer;restaurant;;austrian;Mo-Fr 11:00-23:00;;;
418134093;node;Leopoldstadt;Griechenbeisl;restaurant;;regional;Mo-Su 12:00-23:00;https://www.griechenbeisl.at/;48.2107463;16.3772648
418164969;node;Leopoldstadt;McDonald's;fast_food;;burger;Mo-Th 07:00-01:00, Fr,Sa 07:00-05:00, Su,PH 08:00-01:00;;48.2011836;16.3740532
418164970;node;Leopoldstadt;Falco's Vienna;restaurant;;;Mo-Th 08:30-24:00;;;
418261682;node;Leopoldstadt;Pizza Kaiser;fast_food;;pizza;Mo-Fr 11:00-15:00,17:00-23:00;;;
419240555;node;Leopoldstadt;Kaffee Alt Wien;cafe;;regional;Mo-Su, PH 09:00-02:00, Dec 24 off;https://www.kaffeealtwien.at/;48.2091716;16.3761236
420021014;node;Leopoldstadt;Hacienda Ephemer;restaurant;;mexican;Mo-Sa 17:00-02:00;;;
420021015;node;Leopoldstadt;Café frame;pub;;;Mo-Fr 17:00-01:00, Sa 18:00-01:00;https://cafe-frame.at/;48.2291086;16.3712951
430385731;node;Leopoldstadt;Burger King;fast_food;;burger;Fr-Sa 10:00-24:00;;;
430716301;node;Leopoldstadt;Panibär;fast_food;;mongolian;Mo-Su 10:00-22:00;;48.240419;16.3857386
434487717;node;Leopoldstadt;Studio;pub;;;Tu-Sa 17:00-24:00;;48.198789;16.397165
437164262;node;Leopoldstadt;GO!Wien;restaurant;;;Mo-Su 11:30-23:15;https://www.hackl-gastro.at/gowien/;48.2113888;16.3745687
437164275;node;Leopoldstadt;En Wok;restaurant;;asian;Mo-Sa 11:00-21:00;https://www.enwok.at/;48.2103608;16.3776797
441595498;node;Leopoldstadt;Red Lion;pub;;;Mo-Fr 19:00-24:00;;;
441595499;node;Leopoldstadt;Indus;restaurant;;indian;Mo-Fr 11:30-14:30,18:00-23:00;;;
444247110;node;Leopoldstadt;Badeschiff Wien;pub;;;Mo-Su 08:00-01:00;https://www.badeschiff.at;48.2117842;16.3816056
450170234;node;Leopoldstadt;New Bar;bar;;;Mo-Su 17:00-01:00;http://facebook.com/newbarwien/;48.2169034;16.3853171
450174393;node;Leopoldstadt;Pizzeria Riva Prater;restaurant;;pizza;Mo-Fr 11:30-14:30,17:30-23:00;;;
451631513;node;Leopoldstadt;Lucullus;restaurant;;regional;Mo-Su 08:00-10:30,11:00-14:30,15:00-22:30;https://www.lucullus-catering.at/;48.1987637;16.3848753
457158216;node;Leopoldstadt;Schnitzel König;fast_food;;escalope;;;48.1982117;16.3951149
457256038;node;Leopoldstadt;Pumpui;restaurant;;thai;Mo-Fr 11:30-21:30;;;
460606049;node;Leopoldstadt;KFC;fast_food;;chicken;Su-Th 10:00-22:00;;;
470324872;node;Leopoldstadt;Da Capo;restaurant;;italian;Mo-Su 11:30-21:30;https://www.dacapo.co.at/;48.2078282;16.3763432
471037178;node;Leopoldstadt;Pfudl;restaurant;;local;10:00-24:00;;48.2082376;16.3782763
471045128;node;Leopoldstadt;Café Engländer;cafe;;;Mo-Sa 08:00-01:00;;;
476441840;node;Leopoldstadt;Adriano;restaurant;;pizza;Mo-Su 11:00-24:00;http://www.pizzeria-adriano.at/;48.230626;16.3741888
478814056;node;Leopoldstadt;Bristol Restaurant;restaurant;;regional;;;48.2028735;16.370326
478814058;node;Leopoldstadt;Ristorante San Carlo;restaurant;;italian;;https://www.san-carlo.at/;48.2029897;16.3707734
478814062;node;Leopoldstadt;Bodega El Gusto;restaurant;;spanish;;;48.2028356;16.3714695
478814073;node;Leopoldstadt;Ko:on;fast_food;;korean;;;48.203309;16.37113
478887917;node;Leopoldstadt;L'Osteria del Collio;restaurant;;italian_pizza;;;;
478887930;node;Leopoldstadt;Frauenhuber;cafe;;;Mo-Sa 08:00-21:00;;;
478928080;node;Leopoldstadt;Miznon;restaurant;;jewish;;;;
491481641;node;Leopoldstadt;The Bell;pub;;burger;;;;
491481648;node;Leopoldstadt;Fischrestaurant Kaj;restaurant;;fish;Tu-Sa 18:00-23:00;;;
492537190;node;Leopoldstadt;Cucina Itameshi;restaurant;;italian;;;;
499643069;node;Leopoldstadt;Retsina;restaurant;;greek;10:30-23:30;https://www.retsina.at/;48.2131822;16.3734053
526684626;node;Leopoldstadt;Schwarzenberg;cafe;;;Mo-Fr 07:30-24:00;;;
526684628;node;Leopoldstadt;1516 Brewing Company;restaurant;;international;;;;
526701250;node;Leopoldstadt;In-Dish;restaurant;;indian;Mo-Fr 11:00-14:30,17:00-22:00;;;
530867127;node;Leopoldstadt;Kleines Cafe;cafe;;;Mo-Su 10:00-02:00;;48.2065835;16.3743582
561058334;node;Leopoldstadt;Drinx;pub;;;Tu-Th 17:00-00:00, PH,Fr-Sa 17:00-02:00;https://drinx-vienna.at/;48.2030565;16.3818754
566660717;node;Leopoldstadt;Wrenkh;restaurant;;regional;Mo-Fr 11:00-23:00;;;
566660740;node;Leopoldstadt;Funky Monkey;bar;;;Th 20:00-02:00;;;
566660742;node;Leopoldstadt;Eleyx;restaurant;;;;https://www.eleyx.com/;48.2127386;16.3701731
566660785;node;Leopoldstadt;Gimme Five;bar;;;;;48.2123001;16.3732201
567053680;node;Leopoldstadt;Restoration il Cavadduccio;restaurant;;;;;48.2072337;16.3706407
567053686;node;Leopoldstadt;lil'Italy;restaurant;;italian;;https://www.lilitaly.at/;48.2071046;16.3714674
567092894;node;Leopoldstadt;Schachtelwirt;fast_food;;;Mo-Sa 11:30-21:00;;;
567096858;node;Leopoldstadt;Salzbar;pub;;;Th 18:00-01:00;;;
567096861;node;Leopoldstadt;Salzamt;restaurant;;;Mo-Su 17:00-01:00;https://salzamt-wien.at/;48.2120808;16.3740647
567097850;node;Leopoldstadt;Enrico Panigl nfg.;pub;;;;https://www.enrico-panigl.at/;48.2093633;16.3781622
567097871;node;Leopoldstadt;Ristorante Rossini;restaurant;;italian;;;48.2093644;16.3783241
567104171;node;Leopoldstadt;Chamäleon;restaurant;;swiss;Tu-Sa 11:00-22:00;;;
567332964;node;Leopoldstadt;Steak Point;restaurant;;steak_house;Mo-Su 12:00-23:00;https://www.steakpoint.at/;48.2034196;16.372125
568843965;node;Leopoldstadt;Würstelbox;fast_food;;sausage;;;48.20232;16.3791423
571786498;node;Leopoldstadt;Heindls Schmarren & Palatschinkenkuchl;restaurant;;pancake;10:00-24:00;https://www.palatschinkenkuchl.wien/;48.2102734;16.3759994
571913355;node;Leopoldstadt;Restaurant Lubin;restaurant;;croatian;;;;
581027412;node;Leopoldstadt;Artner;restaurant;;fine_dining;;https://www.artner.co.at/;48.2062943;16.3740748
582370267;node;Leopoldstadt;Genkai;restaurant;;asian;Mo-Su 11:00-22:00;https://genkai.at;48.2255206;16.400396
599189787;node;Leopoldstadt;Pizzeria Il Delfino;restaurant;;pizza;Mo-Su 11:00-23:00;www.ildelfino.at;48.2395403;16.385274
601411122;node;Leopoldstadt;Happy Noodles;fast_food;;asian;;;48.2115292;16.3778106
601411472;node;Leopoldstadt;Zapfmeisterei Bermuda Bräu;restaurant;;regional;Mo-Th 15:00-24:00;;;
601411477;node;Leopoldstadt;Krah, Krah;restaurant;;;Mo-Su 11:00-02:00;http://www.krah-krah.at;48.2117486;16.3754175
601412758;node;Leopoldstadt;Nordsee;fast_food;;seafood;Mo-Su,PH 09:00-23:00;;48.2097893;16.3738862
601412786;node;Leopoldstadt;Starbucks;cafe;;coffee_shop;Su-We 07:00-21:30;;;
620848232;node;Leopoldstadt;Lounge Olympic;cafe;;;;;48.2306449;16.3758175
653112532;node;Leopoldstadt;Anker;cafe;;;Mo-Fr 05:00-19:00;;;
773401132;node;Leopoldstadt;Thessaloniki;restaurant;;;Mo,We-Fr 11:30-15:00,17:30-22:00;;;
775798714;node;Leopoldstadt;Café Mailibu;cafe;;;;;48.2316036;16.3944153
801005233;node;Leopoldstadt;cafe2k;cafe;;;Mo-Fr 11:00-02:00;;;
802389619;node;Leopoldstadt;Cafe Zartl;cafe;;;Mo-Su,PH 08:00-21:00;https://www.cafe-zartl.at/;48.2055506;16.3947582
815228846;node;Leopoldstadt;Cafe Eckhardt;restaurant;;;;;48.1998342;16.4405104
822797021;node;Leopoldstadt;Krieauer Beisl;restaurant;;regional;;;;
828037635;node;Leopoldstadt;Gedeihen;restaurant;;chinese;We-Mo 11:30-15:00,17:30-23:00;;48.2177371;16.412966
839473189;node;Leopoldstadt;Cafe Diglas Wollzeile;cafe;;;Mo-Fr 08:00-22:30;;;
844547954;node;Leopoldstadt;Dea Food;fast_food;;kebab;;;48.2167089;16.3714745
844548236;node;Leopoldstadt;Dea Food;fast_food;;pizza;;;48.2168347;16.3713406
853253088;node;Leopoldstadt;McDonald's;fast_food;;burger;Mo-Th 06:00-01:00, Fr,Sa 06:00-02:00, Su,PH 06:00-01:00;;48.2418736;16.3842018
854902860;node;Leopoldstadt;Pizzeria Grado;restaurant;;pizza;Tu-Su 10:30-22:00;https://www.pizzeria-grado.at/;48.2021036;16.3826363
870980192;node;Leopoldstadt;Fledermaus;bar;;;Tu off;https://www.fledermaus.at/;48.2078615;16.3703219
873879797;node;Leopoldstadt;Türkis (To Go);fast_food;;turkish;Mo-Su 08:00-24:00;https://tuerkis.at;48.24323;16.4334628
892215628;node;Leopoldstadt;Burger King;fast_food;;burger;Fr,Sa 10:00-24:00, Su-Th 10:00-23:00;;48.2045392;16.3714657
893028434;node;Leopoldstadt;das Hegel;cafe;;regional;Th-Su 17:00-23:00;https://www.dashegel.at/;48.2035189;16.3758028
894087114;node;Leopoldstadt;Sesch Besch;restaurant;;oriental;Su-Th 10:00-24:00;;;
894087120;node;Leopoldstadt;Kotor;cafe;;;;;48.2032311;16.3759528
894087141;node;Leopoldstadt;Sino 1;fast_food;;asian;Mo-Fr 11:30-16:30;;48.2031258;16.3732158
901058081;node;Leopoldstadt;Huth Gastwirtschaft;restaurant;;regional;Mo-Su 12:00-24:00;https://www.huth-gastwirtschaft.at/;48.2043469;16.3753527
901058136;node;Leopoldstadt;Paul und Anna;restaurant;;breakfast;;;;
901058189;node;Leopoldstadt;Der Bettelstudent;restaurant;;regional;Mo-Tu 11:00-24:00;;;
901058218;node;Leopoldstadt;Bettel Student;bar;;;Mo-Th 11:00-12:00, Fr,Sa 11:00-02:00, Su 11:00-12:00;https://www.bettel-alm.at/;48.2041025;16.3744638
901058229;node;Leopoldstadt;da Moritz Huth;restaurant;;italian;Mo-Su 12:00-24:00;https://www.damoritz.at/;48.2045912;16.3753227
901058296;node;Leopoldstadt;Grappino;restaurant;;italian;;https://ristorantegrappino.eatbu.com/;48.2034205;16.3734306
901058327;node;Leopoldstadt;Mnozil's Gastwirtschaft zum Kellergwölb;restaurant;;regional;;https://www.kellergwoelb.com/;48.2046259;16.3744617
902496915;node;Leopoldstadt;Mama Kraft;pub;;;Su-We 12:00-23:00;;;
902496928;node;Leopoldstadt;Roo Bar;pub;;pizza;;;;
902496930;node;Leopoldstadt;Mama & der Bulle;restaurant;;steak_house;Mo-Su 12:00-24:00;https://www.mamaundderbulle.at/;48.204493;16.3755519
902496931;node;Leopoldstadt;Tian Restaurant;restaurant;;;Tu-Sa,PH 12:00-24:00;;;
902496940;node;Leopoldstadt;Cafe-Confiserie Ronacher;cafe;;regional;Tu,We 14:00-19:00;;;
902496942;node;Leopoldstadt;Chuan;restaurant;;chinese;Mo-Su 12:00-23:00;https://www.chuan.at/;48.2045732;16.3758891
912021095;node;Leopoldstadt;Essdur;restaurant;;;;https://essdur.at/;48.200581;16.3780461
913963125;node;Leopoldstadt;Herlitschka;restaurant;;regional;Su-Th 12:00-23:00;;;
913963143;node;Leopoldstadt;Gmoakeller;restaurant;;regional;Mo-Sa 11:00-00:00;https://www.gmoakeller.at/;48.2004567;16.3786778
914811860;node;Leopoldstadt;Pizza - Kebap;fast_food;;pizza;;;;
920427496;node;Leopoldstadt;Daniel Moser;cafe;;;;;48.2105441;16.3749331
923938958;node;Leopoldstadt;Santa Lucia;restaurant;;italian;Mo-Fr 10:30-14:30,17:30-22:00;;;
923938959;node;Leopoldstadt;Arco;restaurant;;;Mo-Fr 11:30-15:30;https://www.arco-wien.at/;48.1996669;16.3796178
923938963;node;Leopoldstadt;Hühnermann;fast_food;;chicken;Mo-Fr 08:00-17:00;;48.1989041;16.379907
923938964;node;Leopoldstadt;Café am Heumarkt;cafe;;;Mo-Fr 10:00-23:00;;;
928313174;node;Leopoldstadt;Cafe Else;bar;;;Mo-Sa 17:00-01:00+;;;
929228045;node;Leopoldstadt;Mostlandl;restaurant;;regional;Su-Fr 09:00-23:00;;;
947077611;node;Leopoldstadt;HAN am Stadtpark;restaurant;;korean;Tu-Fr 17:00-22:00;;;
947077620;node;Leopoldstadt;To Ellinikon;restaurant;;greek;Mo-Fr 11:00-15:00,17:00-23:00;;;
948462273;node;Leopoldstadt;Goldy's;fast_food;;;;;48.2037181;16.3718969
948462336;node;Leopoldstadt;Conditorei Sluka;cafe;;;Mo-Th 08:00-20:00;;;
948462380;node;Leopoldstadt;Asiam;restaurant;;asian;Mo-Fr 11:00-15:00;;48.2039289;16.3711091
948462441;node;Leopoldstadt;Al Caminetto;restaurant;;italian_pizza;;;;
948462468;node;Leopoldstadt;Chen's Ramen;restaurant;;chinese;We-Mo 11:30-21:30;https://chens.eatbu.com/;48.2039946;16.3714311
948462504;node;Leopoldstadt;Café am Dom;restaurant;;;;;48.2086271;16.3719733
948462526;node;Leopoldstadt;Vilveta Bar;bar;;;;;48.2038184;16.3715246
948462584;node;Leopoldstadt;Takumi Ramen;restaurant;;ramen;Mo-Su 12:00-21:30;https://www.takumiramennoodles.com;48.2040713;16.3712194
948462588;node;Leopoldstadt;Smoothie & Juice Bar;fast_food;;juice;Mo-Fr 08:00-19:00;;;
948605663;node;Leopoldstadt;Nordsee;fast_food;;seafood;Mo-Su 08:30-23:30;;48.2060137;16.3715673
948703166;node;Leopoldstadt;Gasthaus Pöschl;restaurant;;austrian;Mo-Sa 12:00-23:00;https://gasthauspoeschl.com;48.2066571;16.3738582
948703255;node;Leopoldstadt;Restaurant zum weißen Rauchfangkehrer;restaurant;;regional;;https://www.weisser-rauchfangkehrer.at/;48.2068834;16.3728105
950536056;node;Leopoldstadt;Fresh Bowl;fast_food;;asian;;;;
950536072;node;Leopoldstadt;Cafe Caramel;cafe;;;Mo-Fr 09:00-23:00;;;
956080252;node;Leopoldstadt;Uno-Duo-Tre;restaurant;;italian;Mo-Th 08:00-22:00, Fr-Su 08:00-23:00;https://unoduetre.at/;48.2031626;16.3820172
956080337;node;Leopoldstadt;Asia Bistro;restaurant;;asian;Mo-Fr 11:00-14:30, Tu,Th 18:00-20:00;;48.2002117;16.3811061
956080380;node;Leopoldstadt;Cafe Bar Old Splendor;pub;;;Mo-Fr 11:00-23:00;https://www.cafe-oldsplendor.at/;48.2020985;16.3831443
956159131;node;Leopoldstadt;New York Bar;bar;;;;http://www.newyork-bar.at/;48.2043363;16.3717832
956159141;node;Leopoldstadt;Mama's Ramen;restaurant;;chinese;;;48.2062034;16.3735609
956159161;node;Leopoldstadt;Trattoria La No;restaurant;;italian;Tu-Sa 11:30-14:30,18:00-22:00;;;
956159179;node;Leopoldstadt;Natürlich Wrenkh;restaurant;;;Mo-Fr 11:00-17:00;;48.2059777;16.372311
956159191;node;Leopoldstadt;Wienerwald;restaurant;;regional;11:00-22:00;;48.2046047;16.3712022
956159203;node;Leopoldstadt;Morris;restaurant;;local;;;48.2042886;16.3722884
956159205;node;Leopoldstadt;Stadtheuriger Gigerl;restaurant;;local;Mo-Th 15:30-24:00;;;
956159223;node;Leopoldstadt;Ristorante Sole;restaurant;;italian;;https://www.ristorante-sole.at/;48.2042732;16.3719926
956159244;node;Leopoldstadt;All Reis;restaurant;;thai;Mo-Su 11:00-22:00;https://www.allreis.com;48.2062086;16.3732363
956430037;node;Leopoldstadt;Pisco Latinbar;bar;;;;;48.2059003;16.3759374
956430055;node;Leopoldstadt;L. Heiner Hofzuckerbäcker;cafe;;;Mo-Sa 09:00-18:30;;;
956430057;node;Leopoldstadt;Plachutta;restaurant;;local;Mo-Su 11:30-23:30;https://www.plachutta-wollzeile.at/;48.2075481;16.378755
956430067;node;Leopoldstadt;Lord of S;restaurant;;oriental;Mo-Su 11:00-02:00;https://lordofs.com/;48.2058797;16.3783111
956430106;node;Leopoldstadt;Ristorante Al Borgo;restaurant;;italian;Mo-Fr 11:30-15:00,18:00-24:00;;;
956430111;node;Leopoldstadt;Il Bosso;cafe;;;Mo-Sa 12:00-22:00;;;
956430114;node;Leopoldstadt;Cantinetta La Norma;restaurant;;italian;Mo-Su 11:00-00:00;https://www.lanorma.at;48.2068074;16.3745946
956430117;node;Leopoldstadt;Harry's Bar;bar;;;;;48.2057725;16.3785712
956430121;node;Leopoldstadt;Pürstner;restaurant;;regional;Mo-Su 10:00-24:00;http://puerstner.com/;48.2070491;16.3764644
956430125;node;Leopoldstadt;XO Grill;fast_food;;burger;Mo-Su,PH 12:00-22:00;https://www.xo-grill.at/;48.2077406;16.3773621
956430126;node;Leopoldstadt;Restaurant zu den 3 Hacken;restaurant;;regional;Mo-Sa 11:30-23:00;https://www.zuden3hacken.at/;48.2062437;16.3758573
956430135;node;Leopoldstadt;Hillinger Wineshop & Bar;bar;;;Tu-Sa 15:00-23:00;https://www.leo-hillinger.com/wineshops/;48.2082188;16.3771324
956430137;node;Leopoldstadt;Seiler's;bar;;;;http://www.cristall-cafe.at/;48.2063101;16.3768873
956430160;node;Leopoldstadt;Aida;cafe;;coffee_shop;;;;
956430162;node;Leopoldstadt;Ristorante Firenze Enoteca;restaurant;;italian;Mo-Su 12:00-22:00;;48.2078671;16.3723947
956432196;node;Leopoldstadt;Weibels Wirtshaus;restaurant;;local;Mo-Su 11:30-00:00;https://www.weibel.at/;48.2076756;16.3759706
956432227;node;Leopoldstadt;Santo Spirito;restaurant;;;;https://www.santospirito.at/;48.2073196;16.3759548
957695876;node;Leopoldstadt;The Kent;restaurant;;;;;48.2050886;16.3717188
957695882;node;Leopoldstadt;McDonald's;fast_food;;burger;Mo-Th,Su 07:00-01:00;;;
957695888;node;Leopoldstadt;Metro Kinobar;cafe;;bistro;Mo-Fr 17:00-23:00;;;
957695894;node;Leopoldstadt;City Kebab;fast_food;;kebab;Mo-Th 09:00-24:00, Fr,Sa 09:00-06:00, Su 09:00-24:00;;48.2052661;16.3715506
957695900;node;Leopoldstadt;Cafe Porta;cafe;;;Mo-Sa 18:00-24:00;http://www.cafe-porta.com/;48.2083193;16.3749277
957695903;node;Leopoldstadt;Eisgrotte;cafe;;ice_cream;;;48.2056132;16.3732901
957695904;node;Leopoldstadt;Danieli;restaurant;;italian;Mo-Su 11:00-24:00;https://www.danieli.at/;48.2059321;16.3719407
974112051;node;Leopoldstadt;The Golden Harp;pub;;;Mo-Fr 09:00-02:00;;;
991972892;node;Leopoldstadt;The Church;pub;;;Mo-Th 18:00-02:00, Fr,Sa 18:00-04:00;;48.2112451;16.3872415
991984348;node;Leopoldstadt;Inigo;restaurant;;international;Mo-Fr 10:30-23:00;https://inigo.at/;48.2085651;16.3771347
1016849141;node;Leopoldstadt;Heartbeat;bar;;;;;48.2116576;16.3736846
1066143899;node;Leopoldstadt;Imperial Bar;bar;;;;;48.2013063;16.3729296
1076021076;node;Leopoldstadt;Österreicher im MAK;restaurant;;;;https://www.oesterreicherimmak.at/;48.2075637;16.3816084
1086064568;node;Leopoldstadt;Inseltreff Barbados;restaurant;;;;https://www.barbados.co.at/;48.2117448;16.4389444
1091505630;node;Leopoldstadt;Fritz von Stuwer;bar;;;;;48.2182276;16.4066187
1110205284;node;Leopoldstadt;Failys;bar;;snack;Mo-Sa 12:00-23:00, Su 14:00-23:00;https://www.failys.at/;48.2181759;16.4009525
1110205293;node;Leopoldstadt;Grill-Park;restaurant;;balkan;Tu-Su 11:00-22:00;;;
1110205298;node;Leopoldstadt;Gasthaus Möslinger;restaurant;;austrian;;;;
1110205309;node;Leopoldstadt;Marktstüberl;cafe;;;Mo-Fr 07:00-20:00;;;
1152590804;node;Leopoldstadt;Lhotzkys Literaturbuffet;cafe;;;Tu-Fr 10:00-18:00;;;
1168873317;node;Leopoldstadt;Trattoria Pizzeria All'Italiana;restaurant;;italian;Mo-Su 10:00-23:00;https://www.allitaliana.at;48.2010317;16.3932976
1168924767;node;Leopoldstadt;Donburi;restaurant;;japanese;Mo-Sa 11:30-22:00;;;
1177170464;node;Leopoldstadt;Lucky Pavillon;restaurant;;chinese;Mo-Su 11:00-21:30;https://www.lucky-pavillon-wien.at/;48.2098402;16.3914223
1177484868;node;Leopoldstadt;Wiener SchnitzelCenter;fast_food;;;Su-Fr 11:00-20:00;;;
1179555826;node;Leopoldstadt;Café Ministerium;cafe;;regional;Mo-Fr 07:00-20:00;;;
1184383558;node;Leopoldstadt;Gaia Kitchen;restaurant;;kebab;;;;
1188876218;node;Leopoldstadt;Dolce Vita;restaurant;;pizza;11:00-01:00;;48.2239235;16.3889557
1197118814;node;Leopoldstadt;Pizzeria il mercato;restaurant;;italian;;;;
1202206533;node;Leopoldstadt;Subway;fast_food;;sandwich;Su-Th 10:30-22:30;;;
1202223902;node;Leopoldstadt;Alef-Alef;restaurant;;;Mo-Th 17:00-22:00;https://www.alefalef.at/;48.2117023;16.3741316
1202227684;node;Leopoldstadt;Gutenberg;restaurant;;;Mo-Su 11:00-01:00;;48.2097643;16.3745702
1203033837;node;Leopoldstadt;Lindenkeller;restaurant;;regional;Mo-Su 11:00-23:00;;48.2103493;16.374659
1203034330;node;Leopoldstadt;Rot 12;bar;;;;;48.2104057;16.3747466
1203035338;node;Leopoldstadt;Hinterholz;restaurant;;;We-Sa 16:30-23:00;;48.2104334;16.3747814
1204182801;node;Leopoldstadt;Pizzeria Dalia;restaurant;;pizza;Mo-Su 11:00-22:00;;48.2377332;16.3844565
1205089151;node;Leopoldstadt;Gasthaus Kopp;restaurant;;regional;We-Su 10:00-23:00;https://www.gasthaus-kopp.at/;48.2378725;16.3871038
1209065429;node;Leopoldstadt;Cafe Susi 888;cafe;;;;;48.2386983;16.3827953
1209065582;node;Leopoldstadt;Hühnermeister;pub;;;Mo-Fr 09:00-20:00;;48.2377757;16.386862
1209065931;node;Leopoldstadt;Hühnerparadies;fast_food;;;Mo-Fr 08:00-20:00;;;
1210626716;node;Leopoldstadt;Okra Izakaya;restaurant;;japanese;Tu-Fr 18:00-23:00;http://www.okra1020.com/;48.2199933;16.3767272
1210626722;node;Leopoldstadt;ihana;cafe;;;Tu-Fr 08:30-17:00;;;
1210641219;node;Leopoldstadt;Flugfisch;restaurant;;asian;Mo-Su,PH 11:30-15:00,17:30-23:00;https://www.flugfischwien.at/;48.2199197;16.3714877
1210650748;node;Leopoldstadt;Pizzeria Cafeteria Hawler;restaurant;;pizza;;;;
1210661838;node;Leopoldstadt;Im Werd 1;pub;;;Tu-Sa 20:00-24:00+;;48.2171929;16.3761477
1210661841;node;Leopoldstadt;Cafe Gärtner;cafe;;;;;48.2173294;16.376192
1210670878;node;Leopoldstadt;TeWa;restaurant;;breakfast;;;;
1210670886;node;Leopoldstadt;Asia House;restaurant;;asian;11:30-15:00,17:30-22:30;;48.217016;16.3777852
1210670891;node;Leopoldstadt;Kamala;restaurant;;thai;Mo-Fr 11:00-15:00,18:00-21:00;;;
1210688188;node;Leopoldstadt;Pizzeria & Restaurant Briuni;restaurant;;pizza;Mo-Su 17:00-22:00;https://restaurant-briuni.at/;48.2187426;16.3823691
1210688189;node;Leopoldstadt;Mei Wei;restaurant;;asian;Tu-Sa 11:30-21:30;;;
1210688190;node;Leopoldstadt;Cafe U2;cafe;;;;;48.2197076;16.3819132
1233024762;node;Leopoldstadt;Yan Asia Imbiss;restaurant;;asian;Mo-Fr 10:30-21:30;;;
1244340110;node;Leopoldstadt;Ufertaverne;restaurant;;;Apr 12:00-21:00;;;
1253252236;node;Leopoldstadt;Kiss, the Cook tower;restaurant;;austrian;;;;
1272830638;node;Leopoldstadt;Restaurant Bukowina;restaurant;;romanian;Tu-Su 12:00-22:00;;48.2061837;16.3733474
1300145999;node;Leopoldstadt;dEZENTRAl;pub;;;18:00-24:00;;48.2198156;16.4051199
1307591888;node;Leopoldstadt;Pizzakeller;restaurant;;italian;Mo-Su,PH 11:00-21:00;https://pizza-keller.at/;48.2261032;16.4202635
1308569909;node;Leopoldstadt;Zur Grünen Hütte;restaurant;;regional;Mo-Sa 11:30-23:00;;;
1308579742;node;Leopoldstadt;Civediamo;bar;;;Mo-Sa 16:00-23:00;;48.2080721;16.378886
1308610739;node;Leopoldstadt;Frau Mayer;bar;;regional;Tu, Th 16:30-00:00;;;
1308654562;node;Leopoldstadt;Duchardt;restaurant;;fine_dining;Mo-Fr 18:00-24:00, Tu-Fr 12:00-15:00;https://duchardt.at/;48.209232;16.3768642
1308669727;node;Leopoldstadt;Wein & Co;restaurant;;international;Mo-We 10:00-22:00, Th-Sa 10:00-24:00, Su,PH 11:00-20:00;https://www.weinco.at/;48.2090629;16.3716936
1361170894;node;Leopoldstadt;Le Cèdre;restaurant;;lebanese;Tu-Su 11:00-24:00;https://www.restaurant-lecedre.at/;48.2182045;16.4055876
1361647973;node;Leopoldstadt;Cafe Hochedlinger;cafe;;;;;48.2195697;16.3729864
1362442780;node;Leopoldstadt;Perrella;cafe;;ice_cream;Mo-Su,PH 09:30-20:00;;48.2073435;16.3793791
1362500391;node;Leopoldstadt;La Massa;restaurant;;italian;;;;
1363294980;node;Leopoldstadt;Xpedit;restaurant;;italian;Mo-Fr 11:30-24:00;https://www.xpedit.at/;48.2106079;16.3813677
1363651570;node;Leopoldstadt;Denito;restaurant;;coffee_shop;;;;
1365266760;node;Leopoldstadt;Patara;restaurant;;thai;Mo-Sa 12:00-15:00,17:30-23:00;;;
1365685409;node;Leopoldstadt;Mian;restaurant;;asian;11:00-22:00;;48.234764;16.411077
1365701429;node;Leopoldstadt;E-Wok;restaurant;;asian;Mo-Fr 11:00-19:00;http://www.ewok.at/;48.2327081;16.4150951
1365701433;node;Leopoldstadt;Campus Suite;cafe;;;Mo-Fr 07:00-16:00;https://www.campussuite.de/stores/detail/bistro-1.html;48.2330204;16.4141791
1366570668;node;Leopoldstadt;Café Restaurant Hotel Biedermeier;restaurant;;;;https://all.accor.com/hotel/5357/index.en.shtml;48.2034914;16.38821
1366570684;node;Leopoldstadt;Heurigenkeller;restaurant;;;;;48.2036565;16.3883516
1366570922;node;Leopoldstadt;Weißgerberstube;restaurant;;regional;Mo-Fr 11:30-22:00;https://www.weissgerberstube.at/;48.2038439;16.3885545
1372365496;node;Leopoldstadt;Brösl;restaurant;;international;Mo-Sa 17:00-23:00;https://www.broesl.at/;48.2196267;16.4036927
1379024969;node;Leopoldstadt;Pizzeria Maradona;restaurant;;pizza;Mo-Fr,Su 11:00-22:00;;;
1382825037;node;Leopoldstadt;Burger King;fast_food;;burger;Fr-Sa 10:00-00:00;;;
1382825049;node;Leopoldstadt;McDonald's;fast_food;;burger;Mo-Fr 07:00-20:30;;;
1404785572;node;Leopoldstadt;Has Konya Etliekmek;restaurant;;turkish;Tu-Su 11:00-22:00;https://www.haskonya.at/;48.2300038;16.3732707
1411814679;node;Leopoldstadt;tarragona;restaurant;;;;;48.2352507;16.4218042
1426806930;node;Leopoldstadt;Figlmüller;restaurant;;austrian;Mo-Su 11:00-22:30;https://www.figlmueller.at/;48.2094207;16.3748431
1436309738;node;Leopoldstadt;That's Amore;restaurant;;italian;Mo-Sa 11:30-15:00,17:30-23:00;;;
1438797383;node;Leopoldstadt;Radatz;fast_food;;;Mo-Th 07:30-18:00;;;
1438797384;node;Leopoldstadt;Wulfisch;restaurant;;fish_and_chips;;;;
1443475427;node;Leopoldstadt;Saloon;restaurant;;steak_house;Su-Th 11:00-24:00;;;
1444705270;node;Leopoldstadt;Kukis Kombüse;restaurant;;;;https://www.kukla.at;48.2376831;16.4278123
1453831920;node;Leopoldstadt;Koh-i-noor;restaurant;;indian;11:30-14:30;;;
1461610055;node;Leopoldstadt;Taeko Ramen;restaurant;;asian;;;;
1463810528;node;Leopoldstadt;Moped;restaurant;;;Mo-Sa 17:00-23:00+;;48.2035966;16.3905834
1467120687;node;Leopoldstadt;Voodoo Burger;restaurant;;burger;Mo-Th, Su 11:00-22:00;;;
1467144790;node;Leopoldstadt;Das Kochwerk;restaurant;;;;;48.2050337;16.3894729
1467144791;node;Leopoldstadt;Pergola Pizza;restaurant;;pizza;Mo-Su 11:30-22:00;;48.2052679;16.389712
1467153076;node;Leopoldstadt;Hovarda Dance Club;bar;;;;;48.2276155;16.3703373
1467168557;node;Leopoldstadt;Kulturcafé HENRIETTE;bar;;;Th-Su 18:30-02:00;https://www.cafe-henriette.at/;48.2281492;16.3705109
1467290048;node;Leopoldstadt;Cafe papillon;cafe;;;Mo-Fr 07:00-24:00;;;
1467290073;node;Leopoldstadt;Café Bar Rakete;bar;;;We-Sa 18:00+;;48.2293755;16.3722173
1467290123;node;Leopoldstadt;Hasan's Gemüsekebap;fast_food;;kebab;;;;
1467300168;node;Leopoldstadt;Cafe Manhattan;cafe;;;"""invited guests only""";;48.2291862;16.3738082
1467300181;node;Leopoldstadt;Cafe Denise;cafe;;;Mo-Sa 08:00-22:00;;;
1467300183;node;Leopoldstadt;Freddys karaokeclub 29;bar;;;;;48.2300225;16.3760419
1467334210;node;Leopoldstadt;Bio Welt;restaurant;;indian;Mo-Su 11:00-01:00;https://biowelt-1200.at/;48.2304201;16.3757038
1467894759;node;Leopoldstadt;Das Göxl - Schnitzelmanufaktur;fast_food;;;Mo-Su 07:30-21:30;https://www.dasgoexl.at/;48.2304831;16.3735714
1467894768;node;Leopoldstadt;Diwan Holzkohlegrill;fast_food;;kebab;Mo-Fr 08:00-20:30;https://www.diwan.wien/filiale-1200/;48.2305025;16.3736501
1467894782;node;Leopoldstadt;Schnitzel Çukur;restaurant;;pizza;Mo-Su,PH 10:00-22:00;;48.2300343;16.3717828
1501971038;node;Leopoldstadt;Cafe Pony;cafe;;;Mo-Fr 10:00-19:00;;48.2432014;16.4363141
1501971050;node;Leopoldstadt;Piccolo;restaurant;;pizza;;;48.2433149;16.4360818
1532450178;node;Leopoldstadt;Seoul;restaurant;;korean;Mo-Sa 11:30-14:30,18:00-22:00;;;
1532450179;node;Leopoldstadt;Shin Taiwanese Eatery;restaurant;;taiwanese;Mo-Fr 11:30-22:00;;;
1540642339;node;Leopoldstadt;Curry Vibes;restaurant;;indian;We-Mo 11:00-22:00;https://www.curryvibes.at/;48.2255662;16.4216565
1546345158;node;Leopoldstadt;McDonald's;fast_food;;burger;Mo-Su 07:00-02:00;;48.2193481;16.3807626
1579075244;node;Leopoldstadt;Fischinsel;restaurant;;fish;Mo-Fr 08:00-23:00;;;
1588468283;node;Leopoldstadt;Actress Lounge;bar;;;;;48.2063405;16.3774348
1602085279;node;Leopoldstadt;Peters Treff;fast_food;;regional;"Mo-Su 10:30+ ""nur bei Schönwetter""";;48.2392064;16.4192977
1610928010;node;Leopoldstadt;Fett+Zucker;cafe;;;Mo-Fr 13:00-21:00;;;
1640430322;node;Leopoldstadt;Augenweide;restaurant;;steak_house;Mo-Sa 11:30-23:00;https://augenweide.wien;48.2129495;16.3780592
1640437064;node;Leopoldstadt;Wunderbar;pub;;;Mo-Su 17:00-02:00;http://www.facebook.com/WunderBarWien;48.2094749;16.3775515
1652083724;node;Leopoldstadt;Schnitzel Landmann;fast_food;;;Mo-Fr 10:30-22:00;;;
1660747765;node;Leopoldstadt;K. St. V. Rhaetia;pub;;;;;48.2283873;16.3721417
1672116144;node;Leopoldstadt;Uno Kitchen;fast_food;;;Mo-Fr 10:30-20:45;;;
1676768068;node;Leopoldstadt;Neulich;bar;;;Tu-Th 18:00-24:00;;;
1678557781;node;Leopoldstadt;Plachuttas Gasthaus zur Oper;restaurant;;regional;Mo-Su 11:00-24:00;https://www.plachutta.at/index.php?id=95;48.2035744;16.3711372
1679908508;node;Leopoldstadt;Paye's Pizza/Pasta/Kebap;fast_food;;kebab;;;;
1699092262;node;Leopoldstadt;Eiscafé la Fonte;cafe;;ice_cream;Mo-Fr 11:00-21:00;;;
1699092263;node;Leopoldstadt;Gasthaus Dresdnerhof;restaurant;;;Mo-Fr 10:00-22:00;;;
1715947090;node;Leopoldstadt;Novellino kosher food;restaurant;;;Mo-Th 12:00-14:45,17:00-21:45;;;
1717868177;node;Leopoldstadt;Zum weissen Rössl;restaurant;;regional;;;48.2144312;16.4005443
1722364856;node;Leopoldstadt;Grü Lounge;bar;;;;;48.2131507;16.4137038
1722364857;node;Leopoldstadt;Grü Bistro;restaurant;;;;;48.2131919;16.4135885
1740259398;node;Leopoldstadt;Patata;pub;;;Tu-Th 17:00-00:00;;;
1742005509;node;Leopoldstadt;Cafe Bistro Nadine;cafe;;;Mo-Sa 08:00-02:00, Su 10:00-22:00;;48.2392229;16.3764507
1742005517;node;Leopoldstadt;Absolut Cafe;cafe;;;;;48.2389638;16.3759071
1744479807;node;Leopoldstadt;Noodle House;fast_food;;noodle;;;48.2388532;16.3767109
1747954641;node;Leopoldstadt;Vital Lounge;restaurant;;;;;48.2334338;16.4112505
1751349362;node;Leopoldstadt;Imperial Cafe;cafe;;coffee_shop;;;48.2012162;16.3733827
1756941534;node;Leopoldstadt;Chill out;bar;;;17:00-02:00;http://www.chillout-lounge.at/;48.2118009;16.3721828
1764202761;node;Leopoldstadt;Istanbul;restaurant;;;Mo-Su 08:00-22:00;;48.2033066;16.3895358
1777315906;node;Leopoldstadt;Gasthaus Haller;restaurant;;regional;Mo-Su 08:00-24:00;https://www.gasthaus-haller.at/;48.2308368;16.373983
1786176042;node;Leopoldstadt;Burgerritos;restaurant;;;;;48.2264273;16.3858794
1791645252;node;Leopoldstadt;Bayram;fast_food;;kebab;Mo-Fr 10:00-20:00;;;
1801683335;node;Leopoldstadt;Pizzeria-Ristorante Fiorino;restaurant;;italian;closed;https://www.fiorino.at/;48.2164951;16.3870024
1804294334;node;Leopoldstadt;Sperling im Augarten;restaurant;;regional;Mo-Sa 09:00-22:00;;;
1832531890;node;Leopoldstadt;ef16;restaurant;;;Mo-Su 17:30-23:30;;48.2104257;16.3767041
1833111213;node;Leopoldstadt;der gockel;fast_food;;chicken;;https://www.dergockel.at/;48.2105828;16.3905864
1845377380;node;Leopoldstadt;Matcha Komachi;restaurant;;;11:00-22:00;;48.2147845;16.3850417
1852942198;node;Leopoldstadt;Schnitzelzeit;fast_food;;schnitzel;;;48.2266035;16.4230723
1852952105;node;Leopoldstadt;Vorstadtwirt;restaurant;;regional;Mo-Sa 10:00-23:00;;;
1852952316;node;Leopoldstadt;Kaimü;cafe;;;Mo-Su 08:00-02:00;https://cafe-kaisermuehlen.eatbu.com/?lang=de#;48.2262225;16.4231387
1852954796;node;Leopoldstadt;Adria Balkan Restaurant;fast_food;;pizza;;;;
1859898476;node;Leopoldstadt;Maschu Maschu;fast_food;;israeli;closed;;;
1859898477;node;Leopoldstadt;Hab's Burger;fast_food;;burger;Mo-Th 12:00-23:00, Fr,Sa 12:00-24:00, Su 12:00-23:00;;48.211957;16.3754105
1871912840;node;Leopoldstadt;Peri Imbiss;fast_food;;pizza;Mo-Su 11:00-23:00;;48.218911;16.4029191
1873911446;node;Leopoldstadt;Das Bootshaus;restaurant;;toast;;;;
1874254578;node;Leopoldstadt;Sternberg;restaurant;;;Mo-Sa 11:30-23:00;;;
1881195202;node;Leopoldstadt;Renas;restaurant;;;Mo-Su 09:00-22:00;;48.2240452;16.4035031
1881666783;node;Leopoldstadt;Le Petit Bazar;cafe;;;Mo-Fr 10:00-18:30;;;
1888701033;node;Leopoldstadt;Mozaik;restaurant;;mediterranean;Mo-Fr 17:00-23:00;;;
1888730233;node;Leopoldstadt;Mesze;restaurant;;greek;;;;
1888793839;node;Leopoldstadt;Homolje Grill;restaurant;;mediterranean;Mo-Su 09:00-22:00;;48.2231828;16.4043224
1889771200;node;Leopoldstadt;Minze;restaurant;;thai;Mo-Sa 11:30-22:00;https://www.minzevn.at;48.2166005;16.3773324
1894439571;node;Leopoldstadt;Leopoldstädter Deewan;restaurant;;pakistani;Mo-Fr 11:00-23:00;;;
1894747547;node;Leopoldstadt;Hassan's Restaurant & Pizzeria;fast_food;;afghan;;;;
1896113645;node;Leopoldstadt;Villa Victoria;restaurant;;regional;;www.vivus.cc;48.2155303;16.3958464
1896117010;node;Leopoldstadt;Jolly Ox;restaurant;;steak_house;We-Sa 18:00-24:00;;48.21006;16.3975496
1910233568;node;Leopoldstadt;Lezzet;fast_food;;turkish;Mo-Sa 09:00-20:00;;48.2385907;16.3832933
1911170470;node;Leopoldstadt;U Box;fast_food;;kebab;;;;
1916813668;node;Leopoldstadt;Altes Rathaus;cafe;;;Mo-Fr 11:00-22:00;;;
1918765993;node;Leopoldstadt;Taya Washoku Deli;restaurant;;japanese;Tu,We 12:00-15:00,17:00-20:30;;;
1919079477;node;Leopoldstadt;Zwölf Apostelkeller;restaurant;;regional;11:00-24:00;https://www.zwoelf-apostelkeller.at/;48.2098211;16.3757309
1921567509;node;Leopoldstadt;alice;cafe;;coffee_shop;;;;
1924276045;node;Leopoldstadt;Blue Bar;bar;;;;;48.2092086;16.3769784
1930121945;node;Leopoldstadt;Shisoya Noodles;fast_food;;chinese;Mo-Sa 09:00-21:00;;;
1930122955;node;Leopoldstadt;Radatz;fast_food;;;Mo-Fr 07:00-18:15;;;
1930122959;node;Leopoldstadt;Dai Michele;fast_food;;kebab;;;;
1930467033;node;Leopoldstadt;trude und töchter: und töchter;cafe;;;Tu-We,Fr 09:00-18:00;;;
1932222464;node;Leopoldstadt;Terrassencafe im Hundertwasserhaus;cafe;;;;;48.2074981;16.3937383
1934462503;node;Leopoldstadt;Würstel Bar;fast_food;;sausage;Mo-Fr 08:00-23:00, Sa 08:00-21:00, Su off;;48.2028239;16.3906277
1935447984;node;Leopoldstadt;Mraz & Sohn;restaurant;;;;;48.2313635;16.3760632
1936025717;node;Leopoldstadt;Stammkaffee;pub;;;Su,Mo 18:00-24:00, Tu-Sa 18:00-02:00;https://www.stammkaffee.com/;48.2018637;16.3897135
1940087462;node;Leopoldstadt;Nordsee;fast_food;;seafood;Mo-Th 09:00-18:00;;;
1940087614;node;Leopoldstadt;Trześniewski;fast_food;;sandwich;Mo-Fr 08:30-19:00;;;
1943950910;node;Leopoldstadt;Kolonitz Beisl;restaurant;;regional;Mo-Th 16:30-22:00;;;
1944670434;node;Leopoldstadt;Wiener Würstl;fast_food;;;;;48.2079087;16.3711797
1944671022;node;Leopoldstadt;Kuckuck;restaurant;;regional;;https://www.derkuckuck.com/;48.2054694;16.3737916
1944671128;node;Leopoldstadt;Johann;restaurant;;;;http://www.restaurantjohann.at/;48.2035612;16.3777184
1949307283;node;Leopoldstadt;Arkade Restaurant;restaurant;;regional;Mo-Fr 07:30-17:00;http://diearkade.at;48.2106527;16.385894
1949307287;node;Leopoldstadt;la Sienta;restaurant;;;Mo-Fr 08:00-15:00;;48.209795;16.3862503
1949307300;node;Leopoldstadt;Schaukuchl;restaurant;;regional;Mo-Fr 07:00-14:00;http://www.schaukuchl.at/;48.209991;16.3862745
1949411509;node;Leopoldstadt;Club Berlin;bar;;;Su-Th 18:00-02:00;;;
1949411512;node;Leopoldstadt;Dino's Apothecary Bar;bar;;;Mo-Th 18:00-03:00, Fr 18:00-04:00, Sa 19:00-04:00, Su 19:00-02:00;;48.2132963;16.3708365
1949419327;node;Leopoldstadt;Kleinod Prunkstück;bar;;;;;48.2093369;16.3753437
1952352277;node;Leopoldstadt;Café Prückel;cafe;;regional;Mo-Su 08:30-22:00;https://www.prueckel.at;48.2076076;16.3804174
1954556171;node;Leopoldstadt;Anker;cafe;;;Mo-Fr 06:30-18:00;;48.2105666;16.3822315
1954568017;node;Leopoldstadt;Sapori d' Italia;restaurant;;italian;Mo-Fr 10:00-23:00;;48.210806;16.3802056
1958068785;node;Leopoldstadt;McDonald's;fast_food;;burger;PH Su-Th 07:00-02:00;;;
1968774256;node;Leopoldstadt;Lubella;restaurant;;international;;https://www.lubella.at/;48.204665;16.37017
1968774258;node;Leopoldstadt;Ribs of Vienna;restaurant;;austrian;Mo-Fr 12:00-15:00,17:00-24:00;;;
1996706550;node;Leopoldstadt;Goldene Zeiten;restaurant;;chinese;Mo-Su 11:30-15:00,18:00-23:00;https://www.goldenezeiten.at/;48.20793;16.379626
2012473474;node;Leopoldstadt;2 Bro's;fast_food;;;Su-Th 11:00-23:00, Fr,Sa 11:00-01:00;;48.2225396;16.3893226
2048616571;node;Leopoldstadt;Café 3/4 Takt;restaurant;;regional;Mo-Su 08:00-22:00;https://dreivierteltakt.at;48.2160302;16.3873686
2048616583;node;Leopoldstadt;Cafe Wiener Melange;cafe;;;Mo-Sa 09:00-24:00;;;
2052777619;node;Leopoldstadt;Strandcafe;restaurant;;;Mo-Su 11:00-24:00;https://www.strandcafe-wien.at;48.2360618;16.4316038
2113423706;node;Leopoldstadt;Joma;restaurant;;international;Mo-Su 08:00 - 02:00;https://www.joma-wien.at/;48.2109441;16.3733515
2113476871;node;Leopoldstadt;Onyx Bar;bar;;;;;48.2083413;16.3717776
2113486562;node;Leopoldstadt;DO&CO am Stephansplatz;restaurant;;international;Mo-Su 12:00-15:00,18:00-24:00;https://www.doco.com/de/restaurants/;48.2083306;16.3716677
2133047687;node;Leopoldstadt;Bastei Beisl;restaurant;;regional;Mo-Fr 09:00-24:00;;;
2159504854;node;Leopoldstadt;Cafe Vindobona;cafe;;;Mo-Su,PH 08:00-22:30;;48.2293249;16.3714491
2159506008;node;Leopoldstadt;Osteria Allora;restaurant;;italian;Mo-Su 11:00-23:00;http://www.osteria-allora.at/;48.2293855;16.3717022
2159510875;node;Leopoldstadt;Restaurant Prindl;restaurant;;regional;;;48.2265189;16.3703437
2159511715;node;Leopoldstadt;Cafe Prindl;cafe;;;;;48.2265447;16.3703158
2183223494;node;Leopoldstadt;A. Klampfer;fast_food;;;;;48.2272505;16.4312382
2257658060;node;Leopoldstadt;Cantinetta Antinori;restaurant;;italian;Mo-Su 11:30-23:30;https://cantinetta-antinori.com/;48.2089781;16.3718708
2265961202;node;Leopoldstadt;Leopold;restaurant;;german;Su-We 11:00-24:00, Th-Sa 11:00-01:00;;48.2188282;16.3788318
2291278782;node;Leopoldstadt;Sakura;restaurant;;japanese;Th-Tu 11:00-22:00;https://www.hitomi.at/restaurant-1200-marchfeldstrasse/;48.2421881;16.378164
2291278783;node;Leopoldstadt;Siegreich;restaurant;;chinese;Mo-Su 11:30-15:00,17:30-23:30;;48.2420776;16.3786539
2313068140;node;Leopoldstadt;Philosoph;pub;;;Su-Th 17:00-02:00;;;
2324229689;node;Leopoldstadt;Bubble Waffle;fast_food;;;;;48.2114751;16.3781412
2324638602;node;Leopoldstadt;Sternzeichen;restaurant;;chinese;Tu-Su 11:00-15:00, 17:30-23:00;http://restaurantsternzeichen.at;48.2005878;16.3925861
2352616207;node;Leopoldstadt;Wiener Gemüse Kebap;fast_food;;kebab;;;;
2352669698;node;Leopoldstadt;Hafenkneipe;bar;;;;;48.2136921;16.3901695
2370729313;node;Leopoldstadt;Trattoria Salieri;restaurant;;italian;;;;
2374032542;node;Leopoldstadt;Das Loft;restaurant;;;Mo-Th 06:30-10:30, 16:00-01:00;;;
2397484585;node;Leopoldstadt;Katscheli;cafe;;;Mo-Sa 10:00-24:00;;48.2165596;16.3793146
2411122936;node;Leopoldstadt;Siran;fast_food;;;Mo-Fr 09:00-21:00;;;
2411122961;node;Leopoldstadt;Nelke;cafe;;;Mo-Sa 10:00-22:00;;;
2411576119;node;Leopoldstadt;Die Caterei;restaurant;;;Mo-Th 07:30-15:00;;;
2411881268;node;Leopoldstadt;Noodle King;fast_food;;noodle;Mo-Fr 09:00-19:30;;;
2418263567;node;Leopoldstadt;L'Ombra;restaurant;;italian;Mo-Sa 09:30-23:00;;;
2437230770;node;Leopoldstadt;Zum Schatz;bar;;;Tu-Sa 10:00-21:00;;;
2450830634;node;Leopoldstadt;Salon Wichtig;fast_food;;thai;;;48.1989919;16.3876105
2453709466;node;Leopoldstadt;Happy Bär;restaurant;;chinese;;;48.2378237;16.4394778
2461383062;node;Leopoldstadt;Shiyu;restaurant;;asian;We-Fr 11:30-15:00,17:30-22:00;;;
2473490459;node;Leopoldstadt;ra'mien go;restaurant;;asian;Mo-Fr 11:00-20:30;https://www.ramien.at/;48.2357986;16.3805011
2475377599;node;Leopoldstadt;L' Ase;restaurant;;spanish;Tu-Sa 17:00-23:00;;;
2476501165;node;Leopoldstadt;Bergstation Tirol;bar;;;;https://www.bergstation-tirol.at/;48.2006052;16.3717769
2484940629;node;Leopoldstadt;Mikes Sports Bar;bar;;;;;48.2299839;16.3708431
2484964779;node;Leopoldstadt;Emin Kebab Pizza;restaurant;;kebab;;;;
2484974272;node;Leopoldstadt;Lunzers Maßgreißlerei;cafe;;;Mo-Fr 09:00-19:00;;;
2488254211;node;Leopoldstadt;Hausmannskost;restaurant;;;Mo-Th 08:30-22:00;;;
2489078827;node;Leopoldstadt;Kleinod am Ring;restaurant;;;;;48.2082307;16.3810336
2489108768;node;Leopoldstadt;Ozren;cafe;;;;;48.2244602;16.3889009
2491726101;node;Leopoldstadt;Reinthaler;restaurant;;regional;Mo-Su 10:00-23:00;https://www.gasthaus-reinthaler.at/;48.2189176;16.3978752
2494780337;node;Leopoldstadt;Ullmann's Zuckerbäckerei;cafe;;;Mo-Su,PH 09:00-18:00;https://www.ullmanns.at;48.2244849;16.3985761
2500617771;node;Leopoldstadt;Döner Zentrum;fast_food;;turkish;;;48.2435586;16.4339228
2500617774;node;Leopoldstadt;Bobby's Getränke;fast_food;;;;;48.2435997;16.4339845
2500806638;node;Leopoldstadt;Interspar Restaurant;restaurant;;;Mo-Fr 09:30-19:30;;;
2500806640;node;Leopoldstadt;Happy Noodles;fast_food;;noodle;Mo-Fr 09:00-20:00;;;
2500823773;node;Leopoldstadt;Nordsee Restaurant;restaurant;;fish;Mo-Fr 09:00-20:00;;;
2500863847;node;Leopoldstadt;Subway;fast_food;;sandwich;Mo-Su 10:00-23:00;www.subway-sandwiches.de;48.2418046;16.4338056
2505312402;node;Leopoldstadt;Monika & Alexander;cafe;;;Mo-Fr 09:00-19:00;;;
2506067377;node;Leopoldstadt;Café Haller;bar;;regional;Mo-Sa,PH 10:00-02:00, Su 10:00-24:00;;48.2360484;16.3778858
2506074641;node;Leopoldstadt;Café Choco;cafe;;regional;Mo-Fr 06:00-02:00;;48.2362;16.3776336
2506092233;node;Leopoldstadt;Pamir Pizza & Kebab;fast_food;;pizza;;;;
2529267575;node;Leopoldstadt;Konstantin Filippou;restaurant;;;Th-Sa 18:00-24:00;https://konstantinfilippou.com/;48.2107616;16.37978
2529269365;node;Leopoldstadt;Harvest;restaurant;;;Mo-Sa 14:00-22:00;;;
2529270524;node;Leopoldstadt;Pisqu;restaurant;;japanese;;;;
2529513959;node;Leopoldstadt;NeKo Sushi Bar;fast_food;;sushi;Mo-Fr 11:00-23:00;;;
2543743671;node;Leopoldstadt;Das Campus;restaurant;;;Mo-Th 11:00-22:00;;;
2543743678;node;Leopoldstadt;Lia Coffee WU Wien;cafe;;;Mo-Fr 07:30-18:00;;;
2543743713;node;Leopoldstadt;WU-Mensa;restaurant;;pizza;;;;
2568387463;node;Leopoldstadt;Chinacy;restaurant;;asian;Mo-Sa 11:30-22:00;http://www.chinacy.at/;48.2048783;16.3729087
2568949871;node;Leopoldstadt;loca;restaurant;;;We-Su 17:00-23:00;;48.2064595;16.3777066
2574578105;node;Leopoldstadt;Toga;restaurant;;;;;48.2112413;16.3796275
2594471077;node;Leopoldstadt;Matcha Komachi;restaurant;;japanese;Mo-Su 11:00-22:00;https://www.matchakomachi.com/;48.2010482;16.3921368
2598878235;node;Leopoldstadt;Masaniello;restaurant;;;Tu-Sa 11:30-15:00,18:00-22:00;;48.2105422;16.3934355
2612471523;node;Leopoldstadt;Cafe Teddy;cafe;;;Mo-Fr 08:00-21:00;;;
2617056379;node;Leopoldstadt;Japanika;restaurant;;japanese;Mo-Su 11:00-23:00;;48.2096776;16.3733254
2617056382;node;Leopoldstadt;Akakiko;restaurant;;japanese;Mo-Su 10:30-23:00;;48.2098482;16.3739793
2617117222;node;Leopoldstadt;Del Popolo;fast_food;;pizza;;;48.2115764;16.3726795
2617117223;node;Leopoldstadt;Duzi's;bar;;;Mo-Th 10:00-01:00, Fr 10:00-02:00, Sa 11:00-02:00, Su 11:00-01:00;;48.2142447;16.3832447
2637865925;node;Leopoldstadt;Café WG;cafe;;;Tu-Th 14:00-21:00;;;
2637866970;node;Leopoldstadt;Fuchs & Schaden;restaurant;;pizza;;;;
2650654801;node;Leopoldstadt;Kruger's American Bar;bar;;;;http://www.krugers.at/;48.2040473;16.371322
2656363162;node;Leopoldstadt;Joseph Brot;cafe;;;Mo-Fr 07:30-19:00;;;
2662867507;node;Leopoldstadt;Mellys;cafe;;;;;48.2392358;16.3856017
2662867562;node;Leopoldstadt;Zu den 3 goldenen Kugeln;restaurant;;austrian;Mo-Sa 10:00-21:00;https://www.3goldenekugeln.at/;48.2401736;16.3873098
2662929943;node;Leopoldstadt;Top 77;cafe;;;;;48.2373427;16.3843134
2683475950;node;Leopoldstadt;Cafe Neko;cafe;;;Mo-Su 10:00-20:00;https://cafeneko.at/;48.206269;16.3733485
2710845517;node;Leopoldstadt;57 Restaurant & Lounge;bar;;;;https://www.fiftysevenrestaurant.at/;48.2318625;16.4127035
2730139238;node;Leopoldstadt;Trześniewski;restaurant;;polish;;;;
2736336390;node;Leopoldstadt;Lukas;cafe;;;17:00-04:00;;48.2093993;16.3770325
2773679895;node;Leopoldstadt;Café de l'Europe;cafe;;;Mo-Fr 07:00-24:00;;;
2892002903;node;Leopoldstadt;Pho Lala;restaurant;;vietnamese;11:30-20:30;;48.2111332;16.3782842
2906330472;node;Leopoldstadt;Cafe Ansari;restaurant;;georgian;;;;
2923152001;node;Leopoldstadt;Bergers Bar;cafe;;;;;48.2141646;16.3797018
2924890354;node;Leopoldstadt;Le Viet;restaurant;;vietnamese;Mo-Fr 11:00-15:00, 17:30-23:30;;;
2945692958;node;Leopoldstadt;Alaverdi;restaurant;;georgian;Tu-Su 12:00-23:00;;;
2946719924;node;Leopoldstadt;Joe's;pub;;pizza;Su, We-Th 18:00-01:00;;;
2951940369;node;Leopoldstadt;Fat Monk;restaurant;;bowls;Mo-Fr 11:00-18:00;https://www.fatmonk.com/;48.2130907;16.4159824
2954842027;node;Leopoldstadt;Cafe Menta;restaurant;;;Su-Th 08:30-23:00, Fr,Sa 08:30-24:00;https://www.cafementa.at/;48.2111612;16.390272
2962299633;node;Leopoldstadt;SameSame;bar;;;We,Th 19:00-02:00, Fr,Sa 19:00-04:00;;48.2099108;16.3722666
2971329533;node;Leopoldstadt;Vartos;fast_food;;kebab;Mo-Sa 09:00-22:00;;;
2974311101;node;Leopoldstadt;pAn's Cafe Restaurant;restaurant;;regional;;;;
2974318643;node;Leopoldstadt;REMO Nordbahn Pizza;restaurant;;pizza;We-Fr 11:30-14:30,17:30-20:30;;;
2974320960;node;Leopoldstadt;Salon am Park;cafe;;;Mo-Fr 07:30-18:00;;;
2984119621;node;Leopoldstadt;Hard Rock Cafe;restaurant;;american;Mo-Th 09:30-01:00, Fr,Sa 09:30-02:00;https://www.hardrock.com/cafes/vienna/;48.2113691;16.3756024
3012157534;node;Leopoldstadt;Sparky's unlimited;restaurant;;american;;;;
3019549010;node;Leopoldstadt;Babycino Café;cafe;;coffee_shop;;;;
3026894041;node;Leopoldstadt;KFC;fast_food;;chicken;Mo-Th,Su 10:00-23:00;;;
3026894042;node;Leopoldstadt;Sliderz;fast_food;;burger;Mo-Su,PH 11:00-23:00;;48.2400935;16.3856051
3026894043;node;Leopoldstadt;Subway;fast_food;;sandwich;Mo-Th,Su 10:00-22:00;;;
3097777850;node;Leopoldstadt;Brotzeit Vorgarten;restaurant;;;;;48.2128709;16.4156227
3171408096;node;Leopoldstadt;Sky Bar;bar;;;Mo-Sa 10:00-24:00, Su,PH 12:00-24:00;;48.2064383;16.3722737
3205961161;node;Leopoldstadt;Rochus;restaurant;;;Mo-Su 08:00-24:00;https://www.rochus1030.at/;48.2021086;16.3914862
3215670079;node;Leopoldstadt;Chez Nous;bar;;;;;48.2071644;16.3711547
3215670080;node;Leopoldstadt;Loosbar;bar;;;Mo-We 12:00-04:00;;;
3215857484;node;Leopoldstadt;Casablanca;bar;;;Mo-Sa 12:00-04:00;;;
3215857485;node;Leopoldstadt;Le Club;bar;;;;;48.2119446;16.3751675
3215857486;node;Leopoldstadt;First Floor Bar;bar;;;Fr-Sa 18:00-04:00;;;
3215857490;node;Leopoldstadt;Kaktus;bar;;;Mo-Su 19:00-04:00;;48.2117525;16.3747232
3215857491;node;Leopoldstadt;Kitsch;pub;;;;;48.2122253;16.3742271
3215857492;node;Leopoldstadt;Amore della Mutti;restaurant;;pizza;;https://www.amoredellamutti.at/;48.2120224;16.3751482
3215857493;node;Leopoldstadt;Non+Ultra;bar;;;Mo-Th 19:00-02:00;;;
3215857494;node;Leopoldstadt;Ron Con Soda;bar;;;19:00-04:00;;48.2117696;16.3751582
3215857495;node;Leopoldstadt;Roter Engel;bar;;;Mo-Su 17:00-04:00;;48.2118628;16.3751726
3215857496;node;Leopoldstadt;Slammerbar;bar;;;Mo-Sa 19:00-04:00;;48.2117525;16.3748283
3215857497;node;Leopoldstadt;Nelson's Pub;pub;;;;;48.2118153;16.3743788
3229514447;node;Leopoldstadt;McDonald's;fast_food;;burger;Mo-Su 07:00-23:30;;;
3276659706;node;Leopoldstadt;Wein mag Käse;restaurant;;;Mo-Fr 15:00-22:00;;;
3291246359;node;Leopoldstadt;Café Short Break;cafe;;;Mo-Fr 06:30-21:00;;;
3316299363;node;Leopoldstadt;Donasia;restaurant;;asian;Su-Fr 10:30-22:00;;48.214973;16.3757203
3326558173;node;Leopoldstadt;Kleinod Stadtgarten;cafe;;french;Apr-Sep;https://www.kleinod-stadtgarten.wien;48.2029945;16.378521
3357028593;node;Leopoldstadt;Levante;restaurant;;;Mo-Su 11:00-22:00;;48.2031291;16.3719782
3366588427;node;Leopoldstadt;Café Ouzeri Bistro Ellas;restaurant;;greek;Mo-Su 09:00-23:00;;48.2083698;16.3766692
3371145295;node;Leopoldstadt;Framburi Fries;fast_food;;;;https://www.framburi.at/;48.2108068;16.3755494
3371230811;node;Leopoldstadt;Cafe - Restaurant im Otto Wagner Pavillon;restaurant;;regional;Mo-Su 09:00-04:00;https://otto-wagner-pavillon.at/;48.2001577;16.3708108
3372995956;node;Leopoldstadt;Colala;restaurant;;asian;;;;
3375709783;node;Leopoldstadt;Dong Nai;restaurant;;vietnamese;Mo-Fr 11:00-15:00, 17:00-22:00;;;
3375759782;node;Leopoldstadt;Babida;restaurant;;korean;Mo-Sa 11:30-14:30,17:30-22:00;https://babida-vienna.at/;48.2121919;16.3748425
3378242993;node;Leopoldstadt;Motto am Fluss;cafe;;breakfast;;;;
3382805455;node;Leopoldstadt;K. u. K. Hoflieferanten - Gerstner & Schlumberger;cafe;;regional;;;;
3387746826;node;Leopoldstadt;Kübey;restaurant;;turkish;Tu-Su 17:00-01:00;;48.2148113;16.371967
3387746827;node;Leopoldstadt;Michael's Bier-& Weinbar;bar;;;Mo-Fr 16:00-24:00;;;
3394931379;node;Leopoldstadt;Billabong;pub;;;Mo-Sa 11:30-02:00;;;
3395361593;node;Leopoldstadt;Pitabox;fast_food;;oriental;Mo-Sa 10:00-22:00;;;
3409700840;node;Leopoldstadt;Mr Döner's;fast_food;;kebab;Mo-Fr 11:00-22:00;;;
3416889630;node;Leopoldstadt;Pratersauna Würstelstand;fast_food;;regional;;;48.2134109;16.4049999
3455494412;node;Leopoldstadt;Akakiko;restaurant;;japanese;Mo-Su 11:00-23:00;https://akakiko.at/;48.2019891;16.3915813
3456346364;node;Leopoldstadt;Altenberg;pub;;italian;Mo-Fr 10:00+;;48.2180717;16.377468
3456346368;node;Leopoldstadt;Los Mexikas;restaurant;;mexican;Mo-Sa 11:00-23:00,18:00-23:00;;48.2182475;16.3773978
3456346382;node;Leopoldstadt;Ugi's;fast_food;;turkish;Mo-Fr 11:00-21:00;;;
3461389414;node;Leopoldstadt;USUS am Wasser;bar;;regional;Th-Su 12:00-24:00;https://amwasser.wien/event;48.2409906;16.398665
3461830768;node;Leopoldstadt;Grüner Kakadu;bar;;;Mo-Sa 17:00-02:00;;48.212272;16.3736862
3461830769;node;Leopoldstadt;Kornat;restaurant;;fish;Mo-Su 11:30-24:00;;48.2122172;16.3735275
3462959839;node;Leopoldstadt;Bao MeBu;restaurant;;meat;;;;
3480700486;node;Leopoldstadt;Parmanos;fast_food;;italian;Mo-Sa 10:00-21:00;;;
3482195406;node;Leopoldstadt;XCelsior Caffè-Bar;cafe;;coffee_shop;;;;
3509532313;node;Leopoldstadt;Madai;restaurant;;italian;Tu-Sa 11:00-24:00;https://www.madai.at/;48.2167192;16.3783653
3509894396;node;Leopoldstadt;2Lounge;bar;;;Su-Th 10:00-00:00;;;
3512205710;node;Leopoldstadt;Porto Pollo;bar;;;Mo-Su 13:00-22:00;https://www.facebook.com/portopollo.vienna;48.2303154;16.4063056
3515938930;node;Leopoldstadt;Café Leo;bar;;;Mo-Sa 09:00-23:00;;48.2194138;16.3765333
3524330333;node;Leopoldstadt;Nata Lisboa;cafe;;portuguese;Mo-Sa,PH 08:00-20:00;;48.2012946;16.3923463
3524330334;node;Leopoldstadt;Coffeeshop Company;cafe;;coffee_shop;Mo-Su 11:00-22:00;https://www.marcos-freshgreek.at/en;48.2005858;16.3930791
3541557104;node;Leopoldstadt;Heunisch Und Erben;restaurant;;;Mo-Sa 15:00-01:00;;48.2049025;16.387981
3566377888;node;Leopoldstadt;Automat Welt;restaurant;;regional;Mo-Sa 16:30-23:45;;;
3571530106;node;Leopoldstadt;Rosenberger;restaurant;;;;https://www.rosenberger.cc/;48.204689;16.3700515
3575494524;node;Leopoldstadt;Philly;fast_food;;american;;;;
3585996805;node;Leopoldstadt;El Gaucho;restaurant;;steak_house;Mo-Fr 11:30-24:00, Sa 13:00-24:00;https://www.elgaucho.at/Wien;48.212886;16.379963
3603561816;node;Leopoldstadt;Hashi Asian Kitchen;restaurant;;japanese;Mo-Fr 11:00-22:00;;;
3603561825;node;Leopoldstadt;Tre Viet - Taste of Vietnam;fast_food;;vietnamese;Mo-Th 10:00-19:00;;;
3603561827;node;Leopoldstadt;Li's Wok To Go;restaurant;;asian;Mo-Sa 11:00-21:00;;48.2176006;16.3805487
3603561833;node;Leopoldstadt;Tchibo;cafe;;;Mo-Fr 08:30-18:30;;;
3615639025;node;Leopoldstadt;Mandu & Co;fast_food;;korean;Mo-Fr 11:00-18:00;;48.2024245;16.3913807
3620548154;node;Leopoldstadt;Porterhouse;restaurant;;american;Mo-Su,PH 11:45-23:30;;48.2079086;16.376759
3645208574;node;Leopoldstadt;Diglas;cafe;;;Mo-Fr 08:00-19:00;;;
3645208577;node;Leopoldstadt;Bert;cafe;;;Mo-Fr 08:30-18:00;;;
3645208582;node;Leopoldstadt;Rainers Bar;bar;;;Tu-Fr 17:00+;;48.209582;16.3785201
3645208586;node;Leopoldstadt;Top-Lokal;restaurant;;;Mo-Fr 08:00-21:00;https://top-lokal.at/;48.2105053;16.3772828
3645208587;node;Leopoldstadt;Vienne;restaurant;;regional;10:30-23:00;;48.2104417;16.3774477
3645208588;node;Leopoldstadt;Vinogin;bar;;;Mo-Fr 17:00-24:00;;;
3645208589;node;Leopoldstadt;Blütezeit;cafe;;;Mo,Tu 08:30-16:00;;;
3645208590;node;Leopoldstadt;Mito;fast_food;;;Mo-Fr 11:00-21:00;;;
3646171076;node;Leopoldstadt;Mutlu Markt & Imbiss;fast_food;;;Mo-Fr 08:00-19:00;;;
3660646436;node;Leopoldstadt;Waffle Time;fast_food;;;Mo-Su 11:00-24:00;;48.210888;16.3748668
3666488085;node;Leopoldstadt;Volare;restaurant;;;;;48.2102922;16.3741303
3666488086;node;Leopoldstadt;Caffe a casa;cafe;;;Mo-Fr 07:30-18:30;;;
3666488089;node;Leopoldstadt;Hefi - Der Wiener Baumkuchen;fast_food;;;PH,Mo-Su 12:00-21:00;;48.2111229;16.3754085
3666488092;node;Leopoldstadt;Shisho Burger;restaurant;;burger;Su-Th 12:00-22:00;;;
3666488094;node;Leopoldstadt;Elissar Deli;fast_food;;;Mo-Th 08:00-24:00, Fr,Sa 08:00-04:00, Su 08:00-24:00;;48.209961;16.3741181
3666488097;node;Leopoldstadt;ra'mien go;fast_food;;;;https://ramiengo.at/hoher-markt/;48.2112735;16.3725849
3666488098;node;Leopoldstadt;Radatz;fast_food;;;Mo-Fr 09:00-18:00;;48.2114105;16.3714608
3666488103;node;Leopoldstadt;o m k;fast_food;;asian;Mo-Sa 11:00-21:30;;48.210645;16.3728886
3666488139;node;Leopoldstadt;Kashtan;cafe;;;;;48.2111657;16.37545
3674168225;node;Leopoldstadt;India Gate;restaurant;;indian;Mo-Fr 11:30-14:00,18:00-22:00;;;
3674168226;node;Leopoldstadt;Mykai;restaurant;;;Mo-Fr 11:30-15:00,18:00-23:00;;;
3676143725;node;Leopoldstadt;W.I.F;cafe;;;Su,PH 10:00-20:00;;;
3685912226;node;Leopoldstadt;Vi&Vie;cafe;;;Mo-Fr 08:00-19:00;;;
3697202196;node;Leopoldstadt;Apapika;fast_food;;poke_bowl;Mo-Su 11:00-21:00;;48.2055376;16.3855599
3707663429;node;Leopoldstadt;Figlmüller;restaurant;;austrian;Mo-Su 11:00-22:30;https://www.figlmueller.at;48.2092948;16.3755253
3709486125;node;Leopoldstadt;Plachuttas neuer markt;restaurant;;;;;48.20643;16.371013
3716880892;node;Leopoldstadt;Kenny's;restaurant;;;Mo-Su 11:00-19:00;https://www.kennys.at/;48.2226102;16.3972964
3721978102;node;Leopoldstadt;Coconut Curry;fast_food;;;;;48.2071171;16.3729381
3798076312;node;Leopoldstadt;Gasthaus Lebenstraum;restaurant;;;Tu-Sa 11:00-23:00;;;
3804193264;node;Leopoldstadt;Trento Gourmet;restaurant;;italian;closed;https://www.trentogourmet.at/;48.2266789;16.4229766
3806630958;node;Leopoldstadt;Arizona Burger & Bar;fast_food;;burger;;;48.1981193;16.3951716
3806650772;node;Leopoldstadt;Paradisia;restaurant;;arab;Mo-Su,PH 12:00-23:00;;48.2066595;16.3913752
3811363936;node;Leopoldstadt;Lugeck;restaurant;;regional;Mo-Su 11:30-24:00;https://www.lugeck.com/;48.2096964;16.3751477
3822359258;node;Leopoldstadt;donaubräu;restaurant;;regional;Fr-Su 11:30-22:00;https://www.donauturm.at/de/gastronomie-and-shop/donau-braeu/;48.240531;16.4100185
3853297525;node;Leopoldstadt;The Look Bar;bar;;;18:00-04:00;;48.2132753;16.370966
3872476107;node;Leopoldstadt;Elvira's Restaurant;restaurant;;ukrainian;Mo-Fr 10:00-23:00;;;
3886530194;node;Leopoldstadt;Tramezzini Bar;bar;;;;;48.2067265;16.3745463
3894592155;node;Leopoldstadt;Franz von Hahn;bar;;;Mo-Fr 18:00-02:00, Sa 19:00-02:00, Su 19:00+;;48.2177094;16.3819396
3899622177;node;Leopoldstadt;Gulasch & Soehne;restaurant;;;Mo-Su,PH 08:00-24:00;;48.2024189;16.3750788
3919963919;node;Leopoldstadt;Silvio Nickol;restaurant;;fine_dining;;https://www.palais-coburg.com;48.205958;16.3768833
3934357811;node;Leopoldstadt;Shanghai;restaurant;;chinese;Mo-Sa 11:30-14:30, 17:30-22:30;https://www.shanghairestaurant.at/;48.2092593;16.3717417
3941235432;node;Leopoldstadt;Pizzeria Senso;restaurant;;pizza;;;48.2452399;16.3727563
3952194516;node;Leopoldstadt;Noodle King;restaurant;;;Mo-Su 10:00-21:00;;48.2359809;16.3701962
3952433570;node;Leopoldstadt;Benedikt;cafe;;;Mo-Fr 07:00-21:00;;;
3952841365;node;Leopoldstadt;Schweizerhaus Gassenverkauf;fast_food;;regional;;;48.2140298;16.4018722
3955910141;node;Leopoldstadt;Kurze Pause;fast_food;;kebab;;;;
3975798457;node;Leopoldstadt;Lunchtime;restaurant;;;;;48.2323974;16.4137713
3996185494;node;Leopoldstadt;essbar;restaurant;;;;;48.2079613;16.4260759
4026537575;node;Leopoldstadt;Süsses Eck;cafe;;;Mo-Fr 07:00-20:00;;;
4090395119;node;Leopoldstadt;Ströck;cafe;;;Mo-Fr 07:00-22:00;;;
4090485838;node;Leopoldstadt;Pizzeria il mercato;restaurant;;pizza;Mo-Sa 11:30-22:00;;;
4090508632;node;Leopoldstadt;Fire Noodles;fast_food;;noodle;Mo-Fr 10:00-21:00;;;
4090512402;node;Leopoldstadt;VAMOS;fast_food;;;09:00-22:00;;48.2182018;16.4061473
4091067531;node;Leopoldstadt;Combo Bar;bar;;regional;We, Th 16:00-00:00;;;
4091067537;node;Leopoldstadt;The Good Coffee Society 1020 Vol. 2;cafe;;coffee_shop;Mo-Fr 08:00-16:00;;;
4092592860;node;Leopoldstadt;Vulcano;restaurant;;pizza;Mo-Su 11:00-21:00;;48.2008452;16.3875115
4092694840;node;Leopoldstadt;Sajado;restaurant;;sushi;Mo-Su,PH 11:00-22:00;;48.2044634;16.3848179
4092758996;node;Leopoldstadt;Meze Meze;restaurant;;greek;Mo-Fr 11:30-14:30;;;
4099962977;node;Leopoldstadt;Kaffee&Gebäck Prater;cafe;;;;;48.2218759;16.3983015
4099979132;node;Leopoldstadt;PEPE NERO;restaurant;;pizza;Mo-Su 11:00-22:00;;48.2226366;16.4008032
4099993153;node;Leopoldstadt;Zum Hühnerstall;restaurant;;;;;48.2230335;16.4022862
4100000112;node;Leopoldstadt;Zum Schlauch;pub;;;;;48.223566;16.4014517
4100007717;node;Leopoldstadt;Club 9 Club;bar;;;;;48.2207068;16.3985405
4100575549;node;Leopoldstadt;plava laguna;bar;;;Mo-Fr 08:00-19:00;;;
4100575557;node;Leopoldstadt;Zur Legende;bar;;;Tu,We 17:00-24:00, Th-Sa 17:00-02:00;;48.2194033;16.3989954
4100575561;node;Leopoldstadt;Marion's Bar;bar;;;;;48.2181903;16.3986313
4100575567;node;Leopoldstadt;Cafe Happy Day;pub;;;;;48.2193332;16.398992
4100575572;node;Leopoldstadt;Donburi Asia Cuisine;restaurant;;asian;Mo-Fr 11:00-15:00,17:30-22:00;;;
4100575577;node;Leopoldstadt;Prater Lounge;bar;;;Su-Th 16:00-00:00;;;
4111596215;node;Leopoldstadt;WiesenGreissler;cafe;;coffee_shop;Mo-Su 08:00-18:00;http://wiesengreissler.at;48.2031346;16.4058835
4118511706;node;Leopoldstadt;Café Susi;cafe;;coffee_shop;;;48.218173;16.3997011
4118583445;node;Leopoldstadt;Café Pam Pam;bar;;;Mo-Su,PH 16:00-04:00;;48.2196224;16.401275
4141815826;node;Leopoldstadt;Sektcomptoir Szigeti;bar;;;;;48.211195;16.3732441
4148895090;node;Leopoldstadt;Sky Cafe, Restaurant, Bar;restaurant;;;Mo-Sa 10:00-24:00, Su,PH 12:00-24:00;https://www.steffl-vienna.at/de/skybar/;48.2064242;16.3717674
4156396894;node;Leopoldstadt;Honu;restaurant;;hawaiian;Mo-Fr 11:00-20:00;;;
4156396895;node;Leopoldstadt;Delyrium café;cafe;;;Mo-Sa 11:00-23:00;;;
4184204989;node;Leopoldstadt;Schönscharf;restaurant;;thai;Mo-Fr 11:30-14:30;https://schoenscharf.at/;48.2106742;16.3779751
4187164246;node;Leopoldstadt;Cafe Milan;cafe;;;Mo-Fr 08:00-01:00;;;
4187164250;node;Leopoldstadt;Kardos;restaurant;;;;;48.2089;16.3801033
4187164253;node;Leopoldstadt;Marco Simonis;restaurant;;;We-Fr 10:00-22:00+;;;
4187164254;node;Leopoldstadt;Al Zaytouna;restaurant;;;;;48.2084372;16.3812295
4191240192;node;Leopoldstadt;wienerin Restaurant & Bar;restaurant;;regional;Mo-Sa 09:00-24:00;;;
4203043448;node;Leopoldstadt;Figoletta;restaurant;;italian;Mo-Su 11:30-23:00;https://www.figoletta.at/;48.2098924;16.373369
4208932159;node;Leopoldstadt;Veggiezz;restaurant;;austrian;Sa, Su 12:00-22:00;;;
4219992090;node;Leopoldstadt;Bella Santi;restaurant;;indian;;;;
4224832491;node;Leopoldstadt;Arrigo;cafe;;;Mo-Fr 07:30-23:00;;;
4226900394;node;Leopoldstadt;Restaurant zum Englischen Reiter;restaurant;;;;https://www.restaurantzumenglischenreiter.at/;48.2147621;16.4007421
4229810594;node;Leopoldstadt;Würstelhütte;fast_food;;sausage;;;48.2157108;16.4025022
4229895332;node;Leopoldstadt;Stormy Sunday;restaurant;;;;https://www.praterschwemme.at/;48.2149032;16.4011864
4229895333;node;Leopoldstadt;Praterschwemme;restaurant;;;;https://www.praterschwemme.at/;48.2148675;16.4013071
4229895340;node;Leopoldstadt;Prater Alm;restaurant;;regional;;;;
4233346264;node;Leopoldstadt;Steak Döner;restaurant;;turkish;Mo-Su,PH 10:00-22:00;https://steakdoener.at/;48.2164259;16.3809511
4234477293;node;Leopoldstadt;Hungry Guy;restaurant;;;Mo-Su 11:30-23:00;;48.2112589;16.3750221
4234488293;node;Leopoldstadt;Drings;bar;;;;;48.2017407;16.3709701
4234492091;node;Leopoldstadt;Vulcania;bar;;;;;48.2117928;16.3738887
4234514090;node;Leopoldstadt;King's;bar;;;We,Th 18:00-02:00, Fr,Sa 18:00-04:00;;;
4234514091;node;Leopoldstadt;Segafredo;cafe;;coffee_shop;;;48.2086434;16.3701757
4234524789;node;Leopoldstadt;Meinz;bar;;;Tu-Th 18:00-01:00, Fr,Sa 18:00-02:00;;48.2117514;16.3746157
4234524889;node;Leopoldstadt;Morgans;bar;;;Mo-Su 18:00-03:00;https://morgansbar.at/;48.2119775;16.3739915
4239972894;node;Leopoldstadt;Die Feinkosterei Schwarz-Hirsch;restaurant;;;Mo-Th 11:00-24:00, Fr,Sa 11:00-01:00, Su 11:00-23:00;;48.2060762;16.3702756
4239973192;node;Leopoldstadt;1010 Bar Cafe;bar;;;Mo-Sa 12:00-01:00;;48.2063414;16.3702788
4239973193;node;Leopoldstadt;Don Camillo;restaurant;;;;;48.2102349;16.4215123
4240001389;node;Leopoldstadt;Trattoria Santo Stefano;restaurant;;;Mo-Su 11:00-23:00;https://www.trattoriasantostefano.at/de/trattoria-santo-stefano-wien;48.207885;16.3700372
4247049478;node;Leopoldstadt;Schnitz'l Land;fast_food;;austrian;11:00-22:00;;48.2219954;16.3842778
4248297844;node;Leopoldstadt;Makro 1;restaurant;;;Mo-Fr 09:00-16:00;;48.2102208;16.3765354
4251882613;node;Leopoldstadt;Zum StraBa;restaurant;;regional;Apr-Oct: Mo-Su 09:00-21:00;;;
4280564309;node;Leopoldstadt;L'Osteria;restaurant;;italian;;;48.2148305;16.404617
4294670014;node;Leopoldstadt;Landstraßer Bürgerbeisl;restaurant;;czech;;;;
4299036360;node;Leopoldstadt;Pho Sai Gon;restaurant;;vietnamese;Mo-Th 11:30-15:30, 17:30-22:30;;;
4304575856;node;Leopoldstadt;Café Zebra;cafe;;none;;;48.221423;16.3712087
4329729460;node;Leopoldstadt;DAS BEISL im Prater;restaurant;;;Mar-Nov: 10:00-22:00;https://www.beisl-prater.at/;48.2137716;16.4007768
4335318752;node;Leopoldstadt;Gaststätte Lehner;restaurant;;regional;Mo-Sa 08:00-22:30;;;
4335428999;node;Leopoldstadt;Türkis;fast_food;;turkish;Mo-Su 09:00-24:00;https://www.tuerkis.at/;48.2086658;16.3715603
4342955232;node;Leopoldstadt;The Tube Station;bar;;;18:00-24:00;https://www.thetubestation.at/;48.2061931;16.3945636
4358767214;node;Leopoldstadt;Le Pearl;restaurant;;;Mo-Su,PH 11:30-23:00;;48.2112198;16.3876388
4358961938;node;Leopoldstadt;Jack's Burger;restaurant;;burger;;;48.1992588;16.3991619
4364521710;node;Leopoldstadt;H.A.S. Kebap;fast_food;;turkish;Mo-Fr 07:00-18:00;;;
4364521712;node;Leopoldstadt;Pappa e Ciccia;restaurant;;italian;Mo-Sa 10:00-23:00;;48.2028601;16.3903974
4381227793;node;Leopoldstadt;Dstrikt Steakhouse;restaurant;;steak_house;Mo-Fr 12:00-14:30, 18:00-22:30;;;
4387383107;node;Leopoldstadt;Il Rione Focacceria;restaurant;;italian;;;;
4430291820;node;Leopoldstadt;Edlingers Tempel;restaurant;;regional;Tu-Sa 11:00-15:00,18:00-23:00;https://www.geschmacks-tempel.at/;48.21581;16.387944
4437361509;node;Leopoldstadt;Il Melograno;restaurant;;italian;Mo-Sa 12:00-15:00,18:00-24:00;;;
4449369247;node;Leopoldstadt;Rollercoaster;restaurant;;;Mo-Th 16:00-22:00;;;
4450880712;node;Leopoldstadt;Leckeer;fast_food;;;;;48.2402766;16.384467
4467430289;node;Leopoldstadt;Balthasar Kaffee Bar;cafe;;coffee_shop;Mo-Fr 07:30-19:00;;;
4520460041;node;Leopoldstadt;Sofie's Bar;bar;;;Tu-Th 17:00 - 01:00;;;
4532931616;node;Leopoldstadt;Kent Restaurant Brigittenau;restaurant;;turkish;Mo-Su 07:00-24:00;https://kentrestaurant.at/brigittenau/;48.2313617;16.3704744
4551892507;node;Leopoldstadt;Achilleus;restaurant;;greek;Mo-Sa 11:00-24:00, Su 11:00-23:00;https://www.achilleus.at/;48.2102916;16.3756088
4558270160;node;Leopoldstadt;Kiang;restaurant;;asian;Mo-Fr 11:30-18:30;https://kiang.at/;48.2110724;16.3748586
4561779473;node;Leopoldstadt;Weinorgel;bar;;;Mo-Th 16:00-02:00, Fr-Sa 16:00-03:00, Su 16:00-24:00;https://www.weinorgel.at/;48.2095315;16.3750381
4561848619;node;Leopoldstadt;Shiki;restaurant;;japanese;;;;
4561880943;node;Leopoldstadt;YGF Malatang;fast_food;;chinese;;;48.2090007;16.3762536
4564764973;node;Leopoldstadt;Zum Kaiser;restaurant;;austrian;;;;
4567243015;node;Leopoldstadt;Wilheim;cafe;;;;;48.2144969;16.3730735
4569228842;node;Leopoldstadt;Nirvana;restaurant;;indian;Mo-Fr 09:00-22:00;;;
4569228843;node;Leopoldstadt;Homie;fast_food;;;;;48.2113437;16.3750711
4592873390;node;Leopoldstadt;Cafe Little Britain;cafe;;;Mo,Tu off;;;
4597780740;node;Leopoldstadt;Rinderwahn;restaurant;;burger;Mo-Su 12:00-22:30;https://www.rinderwahn.at/;48.2071025;16.3725179
4598247456;node;Leopoldstadt;Schnitzel- und Fischhaus;fast_food;;;Mo-Fr 09:00-20:00;;;
4602682592;node;Leopoldstadt;Il Toro;bar;;;Mo-We 11:00-24:00;;;
4608592067;node;Leopoldstadt;Burger's Bar;restaurant;;american;;;;
4611587940;node;Leopoldstadt;Shoyu;restaurant;;japanese;Tu-Sa 11:30-22:00;https://www.shoyu.at/;48.2058055;16.3757394
4611597493;node;Leopoldstadt;Noodlez;fast_food;;asian;Mo-Fr 11:00-21:30;;;
4675478594;node;Leopoldstadt;Mochi Ramen Bar;restaurant;;ramen;Tu-Sa 11:30-21:30;https://www.mochi-ramen.com/;48.2219398;16.40239
4757928213;node;Leopoldstadt;Kunst-Cafe im Hundertwasserhaus;cafe;;;We-Mo,PH 10:00-18:00;;48.2073818;16.3937988
4778519351;node;Leopoldstadt;Coldpress;fast_food;;;Mo-Fr 09:00-19:00, Sa-Su 10:00-19:00;https://coldpress.at;48.213429;16.3822893
4792139821;node;Leopoldstadt;Iko kitchen & bar;restaurant;;asian;Mo-Fr 11:00-22:00;;;
4799009485;node;Leopoldstadt;Wiener Schnitzlplatz'l;fast_food;;escalope;Mo-Su,PH 10:00-23:00;;48.2002354;16.3985979
4805418222;node;Leopoldstadt;Weinschenke;fast_food;;burger;;;48.2172879;16.3774336
4805517222;node;Leopoldstadt;o-m-k - O mochi kaeri;fast_food;;japanese;Mo-Sa 11:00-21:30;https://www.mochi.at/omk/;48.2134102;16.3822445
4817739521;node;Leopoldstadt;Hofer´s Gasthaus;restaurant;;regional;Mo-Fr 11:00-23:00;https://www.hofersgasthaus.com;48.2389091;16.3757508
4823050323;node;Leopoldstadt;Ali Baba;fast_food;;;;;48.2155594;16.3990465
4823108122;node;Leopoldstadt;Neuzeit;cafe;;;;;48.2171037;16.3973796
4823108123;node;Leopoldstadt;Fercos;restaurant;;;;;48.2152773;16.3986562
4823125022;node;Leopoldstadt;Knusperhäuschen;cafe;;;;;48.2164252;16.3983204
4823125023;node;Leopoldstadt;Zum Kuckuck;cafe;;;;;48.2158352;16.3983928
4823125024;node;Leopoldstadt;Big Fat Kebap;fast_food;;kebab;;;48.2152808;16.3989489
4823125025;node;Leopoldstadt;Grill-Spezialitäten;fast_food;;barbecue;;;48.2148375;16.3995911
4836398848;node;Leopoldstadt;Azul Bar;bar;;;18:00-04:00;https://www.facebook.com/azulbarwien;48.2082223;16.3788961
4837423021;node;Leopoldstadt;Isos Döner;fast_food;;kebab;Mo-Fr 09:00-20:00;;;
4845314521;node;Leopoldstadt;s' Müllerbeisl;restaurant;;;Mo-Su 10:00-11:30;https://www.muellerbeisl.com/;48.2041768;16.3740439
4858599375;node;Leopoldstadt;Dolce Pensiero;cafe;;cake;;;;
4873549122;node;Leopoldstadt;Yori Korean Dining;restaurant;;korean;Mo-Su 11:00-15:00, 18:00-23:00;http://www.yori.at/;48.2107246;16.3816956
4876515849;node;Leopoldstadt;Monte Ofelio Bar;bar;;italian;;;;
4892925055;node;Leopoldstadt;Restaurant zur WILDen Schimanszky;restaurant;;;Mo-Fr 12:00-14:00,18:00-21:00;;48.2079057;16.3803212
4892925056;node;Leopoldstadt;Mr. Du Ramen Bar;restaurant;;ramen;;https://www.mrduramenbar.at/;48.2080764;16.3804593
4894814522;node;Leopoldstadt;Die Allee;restaurant;;;Mo-We 16:00-23:00;;;
4900297277;node;Leopoldstadt;Labstelle;restaurant;;regional;;;;
4901603318;node;Leopoldstadt;The Bar;bar;;;;;48.217114;16.399262
4921950104;node;Leopoldstadt;D'Lounge;restaurant;;italian;Mo-Su 00:00-02:00,11:00-24:00;http://www.d-lounge.at/;48.2402702;16.3859015
4921950119;node;Leopoldstadt;Starbucks;cafe;;coffee_shop;Mo-Th 07:00-21:00;;;
4932958231;node;Leopoldstadt;Florenti;cafe;;ice_cream;Mo-Su 08:00-22:00;;48.2191033;16.3877495
4932958233;node;Leopoldstadt;Ova;fast_food;;kebab;;;;
4939082645;node;Leopoldstadt;Pizzamann;fast_food;;;11:00-03:00;;48.2148721;16.3915942
4946782431;node;Leopoldstadt;Schnitzel One;restaurant;;regional;;;48.2054052;16.3702076
4950452270;node;Leopoldstadt;Roberto;cafe;;;;https://www.juicefactory.at/;48.2053042;16.3706748
4956978437;node;Leopoldstadt;Kashtan Patisserie;cafe;;cake;;;;
4958728806;node;Leopoldstadt;Haas & Haas;restaurant;;international;Mo-Sa 08:00-20:00;;;
4961687341;node;Leopoldstadt;Feuerdorf;restaurant;;barbecue;;;;
5026493821;node;Leopoldstadt;Wiener Wald;restaurant;;austrian;Mo-Su 11:00-23:00;https://www.wienerwald.at/;48.2088193;16.3712535
5043372699;node;Leopoldstadt;Leopold Imbiss;fast_food;;snack;Mo-Su 10:00-21:00;;48.2199523;16.3763157
5043372704;node;Leopoldstadt;New York;fast_food;;;Mo-Fr 11:00-15:00, Mo-Sa 17:00-23:00, PH,Su 11:00-23:00;;48.2207591;16.3756894
5046474137;node;Leopoldstadt;Fenstercafé;cafe;;coffee;Mo-Su 08:00-20:00;https://www.fenster.cafe/;48.2109833;16.3770877
5064088221;node;Leopoldstadt;Il Pennello Downtown;restaurant;;;;;48.2065574;16.3740318
5065127628;node;Leopoldstadt;Oysterini;cafe;;;;;48.2109812;16.3722038
5125393079;node;Leopoldstadt;Le Ciel by Toni Morwald;restaurant;;;;http://www.leciel.at/;48.2021466;16.3720596
5127161000;node;Leopoldstadt;Lola Spanisches Tapas Restaurant;restaurant;;tapas;Tu-Sa 17:30-23:00;;;
5146879958;node;Leopoldstadt;Palmwedel Wien;restaurant;;sandwich;;;;
5154256720;node;Leopoldstadt;Mundart;bar;;;Tu-Th 16:00-02:00, Fr-Sa 16:00-04:00;;48.2040904;16.3744944
5156996030;node;Leopoldstadt;Meissl & Schadn;restaurant;;regional;Mo-Su 12:00-23:30;https://meisslundschadn.at/;48.20226;16.3749365
5160645708;node;Leopoldstadt;Munchy Am Schottenring;restaurant;;;;;48.2167283;16.3707635
5161139023;node;Leopoldstadt;Shako Maako;fast_food;;;;;48.2115075;16.3756014
5162648678;node;Leopoldstadt;Lauserpause;cafe;;coffee_shop;Mo-Su 10:00-18:00;https://www.lauserpause.at/;48.2262819;16.3822122
5167196953;node;Leopoldstadt;Meydan;fast_food;;pizza;Mo-Fr 09:00-19:00;;;
5175423783;node;Leopoldstadt;Hoye;restaurant;;asian;;;48.2128088;16.3725713
5175423784;node;Leopoldstadt;Kitcha;restaurant;;asian;Mo-Fr 11:00-22:00;;;
5183535456;node;Leopoldstadt;Cafe Konditorei Monika;cafe;;coffee_shop;Mo-Sa 06:30-21:00;;;
5185156871;node;Leopoldstadt;Le's;restaurant;;vietnamese;Mo-Fr 11:00-19:00;;;
5203750922;node;Leopoldstadt;Four Beans;cafe;;;Mo-Fr 09:00-18:00;;;
5235996506;node;Leopoldstadt;Kerstin;bar;;;Mo-Sa 13:00+;;;
5236266961;node;Leopoldstadt;Ring Streetfood;fast_food;;kebab;;;48.216885;16.3712812
5252399773;node;Leopoldstadt;Schweden Espresso;cafe;;;Mo-Fr 07:00-02:00;;;
5257379816;node;Leopoldstadt;Mochi;restaurant;;japanese;Mo-Sa 11:30-22:00;https://www.mochi.at/;48.2135455;16.3817687
5257379817;node;Leopoldstadt;StewART;cafe;;international;Mo-Fr 11:00-14:00;;48.2130337;16.3809742
5259640321;node;Leopoldstadt;Pizzeria Al Pacino;restaurant;;pizza;Mo-Fr 11:00-17:00;;;
5275245297;node;Leopoldstadt;Feuerdorf Salettl;bar;;barbecue;;;;
5280244122;node;Leopoldstadt;L‘Orient;restaurant;;moroccan;Tu-Sa 17:00-23:00;;;
5292422764;node;Leopoldstadt;Basz Bar;bar;;;Mo-Sa 17:00-01:00;http://www.basz-bar.at/;48.2155552;16.3764453
5299907418;node;Leopoldstadt;Drakon;bar;;;We-Sa 18:00-02:00;;;
5299907625;node;Leopoldstadt;dosage;bar;;;;;48.2106028;16.3768273
5306717665;node;Leopoldstadt;Honu;fast_food;;;Mo-Fr 11:00-21:00;;;
5316578529;node;Leopoldstadt;Burger Brothers;fast_food;;burger;;https://www.burgerbrothers.at/;48.2307594;16.3710223
5316578530;node;Leopoldstadt;Yummy;fast_food;;asian;;;;
5316583608;node;Leopoldstadt;Great Amritsar;restaurant;;;Mo-Fr 11:00-14:30,17:30-22:30;;;
5360982614;node;Leopoldstadt;Die Schankerlwirtschaft;restaurant;;;;;48.2418337;16.421527
5372840566;node;Leopoldstadt;Magazin Restaurant und Weinhaus;restaurant;;regional;Mo-Sa 11:30-23:00;;;
5421058676;node;Leopoldstadt;Ferrari Caffe;cafe;;;Mo-Su,PH 12:00-22:00;https://www.ferrari-caffe.at/;48.2045087;16.3715937
5440786211;node;Leopoldstadt;Viva la mamma;restaurant;;;;;48.2078371;16.3798039
5463168185;node;Leopoldstadt;El Gaucho;restaurant;;;Mo-Sa 11:00-02:00, PH,Su 12:00-23:00;https://www.elgaucho.at/wien-rochusmarkt/;48.2026475;16.3915286
5472976122;node;Leopoldstadt;Coconut Curry;restaurant;;asian;Mo-Fr, Su 11:00-23:00;https://coconut-curry.at/;48.2168247;16.3879762
5503379821;node;Leopoldstadt;KLYO;restaurant;;breakfast;;;;
5509425671;node;Leopoldstadt;Schwemme;restaurant;;burger;;;;
5512473804;node;Leopoldstadt;SALZI;cafe;;;Mo-Fr 07:30-20:00;;;
5564359011;node;Leopoldstadt;Mio Am Stadtpark;restaurant;;pizza;;https://miovienna.at;48.2061184;16.3838917
5564983620;node;Leopoldstadt;Lenas Parkcafe;restaurant;;;;;48.2386327;16.4299699
5584715463;node;Leopoldstadt;The Good Coffee Society 1020;cafe;;coffee_shop;Tu-Fr 08:00-16:00;;;
5600647361;node;Leopoldstadt;Vanillas;cafe;;;Mo-Su 08:00-21:00;https://vanillas.com/;48.2297956;16.371779
5653196393;node;Leopoldstadt;Philigrano;restaurant;;italian;;;;
5718550121;node;Leopoldstadt;Beer Saloon;bar;;;;;48.2111288;16.3771928
5730357586;node;Leopoldstadt;werd:art;cafe;;;;;48.2189788;16.3765765
5730357607;node;Leopoldstadt;Milano;cafe;;;Su-Th 09:00-20:00;;;
5730357610;node;Leopoldstadt;Pizza Prego Imbiss;fast_food;;pizza;Su-Th 11:00-22:00;;48.2200997;16.3811986
5730357614;node;Leopoldstadt;Alpha Cafe;cafe;;;;;48.2192674;16.3828448
5730357618;node;Leopoldstadt;WATAN IMBISS;fast_food;;kebab;Sa-Th 09:00-22:00;;;
5737602894;node;Leopoldstadt;Nguyen's;restaurant;;vietnamese;We-Mo 12:00-15:00, 17:00-22:00;https://nguyenphoviet.com/;48.2169195;16.3805683
5737602902;node;Leopoldstadt;Cafe Johann Strauss;cafe;;;;;48.2159367;16.3772692
5754639525;node;Leopoldstadt;Atmosphere Rooftop Bar;bar;;;;http://www.ritzcarlton.com/de/hotels/europe/vienna/dining/atmosphere-rooftop-bar;48.2023819;16.3764216
5754662321;node;Leopoldstadt;Das Schick;restaurant;;;;https://www.das-schick.at/;48.2054279;16.3778125
5762966457;node;Leopoldstadt;Das Glashaus;restaurant;;;Mo-Fr 11:30-22:00;;;
5812632953;node;Leopoldstadt;First American Bar;bar;;;Mo 17:00-24:00;;;
5852403299;node;Leopoldstadt;Blumenwiese;restaurant;;burger;;;;
5857092013;node;Leopoldstadt;Gösser Eck;restaurant;;regional;Mo-Su 10:00-00:00;https://www.goesser-eck.at/;48.2161202;16.4013165
5892839069;node;Leopoldstadt;Jeab Chang Thai Imbiss;restaurant;;thai;Mo-Sa 11:30-21:00;;48.2306283;16.3731859
5901290639;node;Leopoldstadt;Stadtboden;bar;;austrian;;;;
5904861029;node;Leopoldstadt;2nd Street Burger;restaurant;;burger;Mo-Su 11:00-22:00;;48.2192397;16.3886282
5980993744;node;Leopoldstadt;KSV Restaurant;restaurant;;regional;Mo-Fr 07:00-23:00;;;
6019346688;node;Leopoldstadt;Le Salzgries;restaurant;;;;https://www.le-salzgries.at/;48.2120676;16.373321
6019440985;node;Leopoldstadt;Café Camelle';cafe;;;Mo-Sa 08:30-17:30;;48.1981293;16.3813972
6019449991;node;Leopoldstadt;Restaurant Léontine;restaurant;;;Tu,We 11:30-14:00;;;
6019766386;node;Leopoldstadt;Kleinod;bar;;;;;48.2075909;16.3733019
6026835005;node;Leopoldstadt;Vietnjam;restaurant;;vietnamese;PH,Mo-Sa 11:00-21:30;https://www.vietnjam.com/;48.2305697;16.3753658
6038896588;node;Leopoldstadt;Zum Basilisk;restaurant;;;12:00-18:00;;48.2094907;16.3770632
6061447449;node;Leopoldstadt;Casa Blanca;restaurant;;pizza;;;48.2309473;16.3744353
6073050933;node;Leopoldstadt;Ristorante Cavaliere;restaurant;;italian;11:00-23:30;;48.2102009;16.3756859
6106888885;node;Leopoldstadt;Karma food;cafe;;;Mo-Fr 08:00-16:00,Sa09:00-15:00,PH off;https://karmafood.at;48.2181465;16.4079225
6113889730;node;Leopoldstadt;Everybody’s Darling;bar;;international;Mo-Sa 15:00-02:00;https://everybodysdarling.at/tagesbar/;48.2109819;16.371832
6113889733;node;Leopoldstadt;MISO.U;restaurant;;sushi;;;48.2114786;16.3725793
6143770213;node;Leopoldstadt;Kern Beisl;restaurant;;;Mo-Sa 09:00-23:00;;48.2106095;16.3704523
6143770218;node;Leopoldstadt;Daiquiri Shotothek;bar;;;;;48.2118168;16.3734732
6143770219;node;Leopoldstadt;Josef Bar;bar;;;;https://josef-bar.at;48.2116707;16.3736278
6143770221;node;Leopoldstadt;Högl Die Bar;bar;;;;;48.2115916;16.3737313
6148340309;node;Leopoldstadt;Atlas;cafe;;;Mo-Fr 07:00-22:00;;;
6148340770;node;Leopoldstadt;Çiğköftem;fast_food;;turkish;Mo-Su 11:00-22:00;http://cigkoeftem.at;48.2309291;16.3705866
6148340772;node;Leopoldstadt;Adim Pizza Kebap;fast_food;;kebab;;;;
6153263182;node;Leopoldstadt;Pizzeria Pino;restaurant;;italian;Mo-Fr 12:00-23:00;;;
6164368769;node;Leopoldstadt;Elite;restaurant;;;Mo-Su 08:00-22:00;;48.2304111;16.3732927
6164368770;node;Leopoldstadt;Heaven Pub;pub;;;;;48.229636;16.3779603
6167346532;node;Leopoldstadt;Haas & Haas;cafe;;teahouse;Mo-Sa 08:00-20:00;;;
6169452856;node;Leopoldstadt;Hamama;restaurant;;arab;12:00-22:00;http://restaurant-hamama.at;48.2068923;16.37434
6170701885;node;Leopoldstadt;Paul & Vitos;restaurant;;international;Mo-Sa 11:00-02:00;https://paulundvitos.wien/;48.2092848;16.3703905
6184632917;node;Leopoldstadt;Café Steel;pub;;;Mo-Sa 08:00-01:00;;;
6225911810;node;Leopoldstadt;Pizza Rando;fast_food;;;;;48.2308568;16.3867629
6236866841;node;Leopoldstadt;Liebsteinsky;restaurant;;austrian;Mo-Fr 12:00-15:00, 18:00-22:00;https://www.liebsteinsky.at;48.20278;16.3754962
6239942659;node;Leopoldstadt;Ramasuri;cafe;;;Mo-Fr 08:00-24:00;;;
6276938088;node;Leopoldstadt;Aras Getränkeshop & Café;cafe;;;Mo-Su 09:00-00:00;;48.2293496;16.3701419
6276938091;node;Leopoldstadt;Döner am Block;fast_food;;kebab;;;;
6321524417;node;Leopoldstadt;Taste of India;restaurant;;indian;Mo-Fr 11:00-14:30, 17:30-23:00;;;
6323495086;node;Leopoldstadt;Sacher Eck;cafe;;;Mo-Su,PH 08:00-22:00;;48.2038367;16.3701718
6323882622;node;Leopoldstadt;Zum Bettelstudent;bar;;;Mo-Tu 11:00-24:00;;;
6325206620;node;Leopoldstadt;Oakberry Açai;restaurant;;;Mo-Su,PH 09:30-20:00;;48.2043095;16.3702631
6325840772;node;Leopoldstadt;NÜD Coffee&Art;cafe;;;Mo-Sa 08:00-18:00;http://nuedcoffee.com;48.2035541;16.3721998
6325840775;node;Leopoldstadt;Chruger;fast_food;;burger;;;;
6325840777;node;Leopoldstadt;Vinum;bar;;;;;48.2038077;16.3715631
6327722761;node;Leopoldstadt;Testa Rossa;cafe;;;;;48.2027707;16.370904
6327722764;node;Leopoldstadt;Chilai;restaurant;;;;https://www.chilai.at;48.202238;16.3714712
6333239844;node;Leopoldstadt;Salims;bar;;;Su-Th 18:00-04:00, Fr,Sa 18:00-06:00;https://salims.at/;48.2022478;16.373242
6333239845;node;Leopoldstadt;Unkai;restaurant;;sushi;Mo-Su 11:00-23:00;;48.2021763;16.3717793
6354640770;node;Leopoldstadt;Pizza Piano;restaurant;;pizza;;;48.2327299;16.3719813
6372982687;node;Leopoldstadt;Helmut Sachers Coffee Lounge;cafe;;;Mo-Fr 07:30-17:00;;;
6377891785;node;Leopoldstadt;Mama und der Bulle;restaurant;;;;;48.2024205;16.3761794
6384372382;node;Leopoldstadt;Vitavien;cafe;;coffee_shop;;;48.2051153;16.3711253
6391563796;node;Leopoldstadt;Bistro 2.0;restaurant;;regional;;;;
6412519317;node;Leopoldstadt;Noodle King;fast_food;;noodle;Mo-Su 11:00-22:00;https://www.noodleking.at/;48.2261627;16.3929028
6463033348;node;Leopoldstadt;Oswald & Kalb Essen 1;restaurant;;regional;Tu-Sa 17:30-23:00;;48.2088578;16.3765182
6463033351;node;Leopoldstadt;Kussmaul;restaurant;;international;Su-Th 12:00-23:30;;;
6463033360;node;Leopoldstadt;Mocarello;cafe;;;Mo-Sa 10:00-18:00;;;
6471043644;node;Leopoldstadt;Ludwig und Adele;restaurant;;;Mo-Fr 17:00-24:00, Sa 12:00-24:00, Su,PH 12:00-23:00;https://ludwigundadele.at/;48.2009133;16.3713034
6482304853;node;Leopoldstadt;Noodle Point;restaurant;;asian;Mo-Fr 10:30-21:00;;;
6501108191;node;Leopoldstadt;Max & Benito;fast_food;;burrito;Mo-Fr 11:30-20:30;;;
6547553733;node;Leopoldstadt;Radici;restaurant;;italian;;;48.1986419;16.3875052
6555519238;node;Leopoldstadt;konzept greissler;cafe;;;Mo-Fr 07:30-17:00;;;
6557473395;node;Leopoldstadt;Buffet Christine;fast_food;;;;;48.2397426;16.4211588
6630702707;node;Leopoldstadt;Ristorante Trimelli;restaurant;;pizza;;;;
6631506381;node;Leopoldstadt;Bao Bar;restaurant;;asian;Mo-Fr 11:30-20:00;;;
6697500064;node;Leopoldstadt;Mae Aurel;restaurant;;;Mo-Fr 08:00-22:00;;;
6698863147;node;Leopoldstadt;Art Cafe;cafe;;;Mo-Fr 08:00-22:00;;;
6698868099;node;Leopoldstadt;Liwei's Kitchen;restaurant;;asian;Mo-Fr 11:00-22:00;;;
6746501269;node;Leopoldstadt;by Lore - Cake Design;cafe;;cake;Mo-Fr 08:00-16:00, Fr 09:00-18:00, Sa 08:00-13:00;https://de-de.facebook.com/bylore.at/;48.2166387;16.3786199
6757390496;node;Leopoldstadt;Swing Kitchen;fast_food;;burger;Mo-Th,Su 11:00-22:00;;;
6828342985;node;Leopoldstadt;Shodai Matcha;cafe;;bubble_tea;;;48.2033614;16.3709527
6875338649;node;Leopoldstadt;Le Burger Rotenturmstraße;restaurant;;burger;Mo-Th 10:00-00:00;;;
6875375561;node;Leopoldstadt;Vevi 1200;restaurant;;vietnamese;Mo-Su,PH 11:00-21:30;https://vevirestaurant.at/leithastrasse1200/;48.2383015;16.3766297
6910644673;node;Leopoldstadt;Vasco;restaurant;;;"""temp geschlossen""";;48.2037784;16.3735638
6918611179;node;Leopoldstadt;Kimchi ToGo;restaurant;;korean;Mo-Fr 11:00-20:00;;;
6934019338;node;Leopoldstadt;Elissar;restaurant;;lebanese;Mo-Su 11:00-24:00;https://www.elissar.at;48.2039311;16.375489
6976714163;node;Leopoldstadt;Vis-a-Vis Weinbar;bar;;;Tu-Fr 16:00-22:30;;;
7056708383;node;Leopoldstadt;Ichiban;cafe;;bubble_tea;Mo-Su 11:00-20:00;;48.2253014;16.3931356
7056724586;node;Leopoldstadt;Geier;cafe;;regional;Mo-Fr 06:00-18:30;;;
7056724591;node;Leopoldstadt;Vogel;cafe;;coffee_shop;Mo-Fr 07:30-17:30;;;
7102337418;node;Leopoldstadt;Richys;bar;;;;;48.2113986;16.3734557
7128156085;node;Leopoldstadt;Marischka Wien;cafe;;;;https://www.marischkawien.com/;48.2137285;16.3790669
7131838323;node;Leopoldstadt;Kong;restaurant;;taiwanese;Mo-Fr 11:00-16:00;;48.2111135;16.3729763
7131879354;node;Leopoldstadt;Marie;bar;;;Mo-Sa 11:00-19:00;;;
7214479270;node;Leopoldstadt;Retro;restaurant;;steak;;;;
7239204686;node;Leopoldstadt;Soulkitchen Vienna;restaurant;;;Mo-Fr 10:30-14:00;https://soulkitchenvienna.at;48.2100201;16.3859456
7243131478;node;Leopoldstadt;Im Sünnhof;restaurant;;;;https://www.suennhof.at/;48.2036139;16.3882471
7255945755;node;Leopoldstadt;Semberija Grill;restaurant;;;Mo-Su 08:00-22:00;;48.2232889;16.4039784
7320655250;node;Leopoldstadt;Spelunke;restaurant;;austrian;;;;
7441888592;node;Leopoldstadt;Vitavien Stephansplatz;cafe;;;Mo-Su 09:00-22:00;;48.208822;16.3722146
7462924860;node;Leopoldstadt;Café Hoog - Freegan Café;cafe;;freegan_food;;;;
7486692948;node;Leopoldstadt;Krazy Kitchen;restaurant;;thai;Mo-Fr 11:30-21:00;https://www.krazykitchen.at/;48.1992745;16.3939718
7538153480;node;Leopoldstadt;Würstlstand;fast_food;;hot_dog;;https://prater.at/essenundtrinken/wurstelstaende/;48.2162659;16.3981293
7551612368;node;Leopoldstadt;Café Vilimek;cafe;;;Mo-Fr 07:00-20:00;;;
7551612369;node;Leopoldstadt;Noodle King;fast_food;;noodle;Mo-Su 11:00-22:00;;48.2002736;16.3934255
7596495734;node;Leopoldstadt;Vienna 1st;restaurant;;;;https://www.hackl-gastro.at/viennafirst/;48.2115115;16.3738195
7671695663;node;Leopoldstadt;SpoonFood;restaurant;;;Mo-Fr 11:00-15:00;;48.2217134;16.3932323
7671695664;node;Leopoldstadt;dean&david;fast_food;;salad;;;;
7688580368;node;Leopoldstadt;Noodle House;fast_food;;asian;Su-Fr 10:00-22:00;;;
7746801438;node;Leopoldstadt;Il Rione Locanda;restaurant;;italian;;;;
7861392939;node;Leopoldstadt;Golser Bier & Wein Bar;bar;;;Mo-Fr 16:00-24:00;http://www.pannonisch.at/;48.2074516;16.3768069
7861516826;node;Leopoldstadt;Golser Bier & Wein Bar;bar;;;Mo-Fr 16:00-24:00;;;
7881127578;node;Leopoldstadt;Kiss, the cook;restaurant;;brazilian;;;;
7881159727;node;Leopoldstadt;Kayo Fusion Kitchen;restaurant;;;;;48.2192068;16.3872109
7881213714;node;Leopoldstadt;Fischerie;restaurant;;fish;Tu-Fr 12:00-14:30,18:00-22:00;;;
7881226905;node;Leopoldstadt;Neyse;cafe;;coffee;Mo-Fr 08:00-17:00;;;
7881248303;node;Leopoldstadt;Buddha Bowls by elena´s;fast_food;;bowl;Mo-Sa 11:00-22:00;;;
7881249371;node;Leopoldstadt;Mea Shearim;restaurant;;asian;;;;
7881292549;node;Leopoldstadt;Praterstrasse;bar;;;;https://www.praterstrasse.wien/;48.2134514;16.3827051
7922033338;node;Leopoldstadt;Steak Döner;fast_food;;kebab;;;;
7922033369;node;Leopoldstadt;Family and Friends;restaurant;;;;;48.2136301;16.3831177
7922565081;node;Leopoldstadt;C;cafe;;;Mo-Sa 07:00-22:00;;;
7922573004;node;Leopoldstadt;Rustico Pizza Napoletana;restaurant;;italian_pizza;Mo 16:00-22:30;;;
7922573005;node;Leopoldstadt;Kaido;restaurant;;asian;;;;
7925867134;node;Leopoldstadt;YGF Hotpot;restaurant;;chinese;;;;
7927336838;node;Leopoldstadt;Unique Tea;cafe;;;PH,Mo-Su 11:00-19:00;;48.2181718;16.380991
7947270386;node;Leopoldstadt;LaVie Cafe;cafe;;;Mo-Sa 09:00-18:00;;48.2015884;16.4016734
7964343927;node;Leopoldstadt;Max & Benito;restaurant;;mexican;Mo-Fr 11:00-20:30;;;
8072630563;node;Leopoldstadt;Cafe Keto;cafe;;coffee_shop;;;48.2206907;16.3871791
8089011202;node;Leopoldstadt;Chicken Karate;restaurant;;;Tu-Sa 12:00-21:00;;;
8118347840;node;Leopoldstadt;Le Brunch;cafe;;;Mo-Fr 07:00-18:00;;;
8118347841;node;Leopoldstadt;Yildirim;cafe;;;Mo-Sa 06:00-19:00;;;
8118347853;node;Leopoldstadt;Planet Pizza;fast_food;;pizza;;;48.2349364;16.3815157
8125082679;node;Leopoldstadt;Blended;bar;;;Mo-Th 14:00-24:00;;;
8237521711;node;Leopoldstadt;Lavanta;fast_food;;kebab;;;;
8237521714;node;Leopoldstadt;Yulin;restaurant;;sushi;;;;
8241102538;node;Leopoldstadt;Nesim Kebap;fast_food;;kebab;Mo-Su 10:00-22:00;;48.2104146;16.3907419
8297362165;node;Leopoldstadt;Café Satchmo;cafe;;turkish;Mo-Sa 17:00-02:00;;48.1984574;16.3811202
8420335275;node;Leopoldstadt;Ebi;restaurant;;;PH,Mo-Su 11:00-22:00;;48.2018818;16.4008539
8421094219;node;Leopoldstadt;Bella Compagnia;restaurant;;italian;Mo-Su 11:00-23:00;https://bellacompagnia.at/;48.2024645;16.3952138
8422811301;node;Leopoldstadt;Hitomi;restaurant;;asian;Tu-Su 11:00-22:00;;48.223926;16.3881279
8443290117;node;Leopoldstadt;Wiener Stadtbräu;pub;;;;https://stadtbraeu.at;48.2084495;16.3705492
8455267192;node;Leopoldstadt;La Plume;cafe;;;Mo-Su 08:00-20:00;;48.1980885;16.3987584
8455412702;node;Leopoldstadt;Stellas;restaurant;;;Mo-Sa 15:00-01:00;;48.2029495;16.389866
8461386363;node;Leopoldstadt;Da Pronto Pizza;restaurant;;pizza;Su-Fr 09:00-22:00;https://www.dapronto.at/;48.2226348;16.3857062
8468761946;node;Leopoldstadt;Best Döner;restaurant;;kebab;Mo-Fr 10:00-22:00;;;
8503637486;node;Leopoldstadt;Mangal;fast_food;;kebab;Mo-Su 09:00-22:00;;48.2242806;16.402883
8503637488;node;Leopoldstadt;Çiğköfte;fast_food;;;Mo-Su 09:00-23:00;;48.2231445;16.4046505
8503637490;node;Leopoldstadt;Giovani Café;cafe;;coffee_shop;Mo-Sa 09:00-19:00;;48.2232383;16.4045304
8503761137;node;Leopoldstadt;NOAN;restaurant;;asian;Mo-Tu 11:30-15:00,17:00-22:00;;;
8514835039;node;Leopoldstadt;kochbaRoman;fast_food;;;Mo-Fr 10:00-18:00;;48.2024572;16.3913175
8520584599;node;Leopoldstadt;Hühnerparadies;fast_food;;chicken;Mo-Fr 08:00-19:00;;48.2338731;16.3918205
8549639893;node;Leopoldstadt;Max Lounge;bar;;;;;48.2369579;16.3856448
8595964811;node;Leopoldstadt;La Bella;restaurant;;pizza;Mo-Su,PH 11:00-23:00;;48.1994666;16.3993342
8595964812;node;Leopoldstadt;Shisoya;fast_food;;asian;Mo-Sa 09:00-20:00;;48.1993386;16.3994427
8596035895;node;Leopoldstadt;Café Maxi;cafe;;;;;48.2304501;16.4173961
8622452311;node;Leopoldstadt;Five Guys;fast_food;;burger;Mo-Su 11:00-23:00;https://restaurants.fiveguys.at/graben-30;48.2084341;16.3708998
8640596092;node;Leopoldstadt;Murat's Food Street;fast_food;;;Mo-Sa 10:00-22:00;;48.2367573;16.3787934
8640596093;node;Leopoldstadt;Aqra;restaurant;;;Tu-Su 09:00-22:00;;48.2376779;16.3845024
8640795582;node;Leopoldstadt;Los Thihados;fast_food;;;;;48.2361715;16.3775527
8640798168;node;Leopoldstadt;Auszeit;fast_food;;kebab;;;;
8665599802;node;Leopoldstadt;Cafe Mo Ko Ko;cafe;;;;;48.2359404;16.3868012
8684550709;node;Leopoldstadt;Cafe Safari;cafe;;;;;48.2372735;16.3843969
8739817239;node;Leopoldstadt;Buddha Bowls by elena´s;restaurant;;fast_food;Mo-Sa 11:00-19:30;https://www.buddhabowls.at/;48.2082788;16.3769407
8765669044;node;Leopoldstadt;Bayat;fast_food;;pizza;Mo-Su 11:00-22:00;;48.2312025;16.3955669
8765669047;node;Leopoldstadt;Hühnerparadies;fast_food;;chicken;Mo-Fr 09:00-19:00;;;
8781178547;node;Leopoldstadt;Burgerista;fast_food;;burger;Mo-Su 11:00-22:00;https://www.burgerista.com/;48.2422068;16.4327489
8781178548;node;Leopoldstadt;Bombay Express;fast_food;;indian;Mo-Su 11:00-22:00;https://www.bombayexpress.at/;48.2420554;16.4336706
8790088345;node;Leopoldstadt;Taxi Treff;cafe;;;;;48.212388;16.3904644
8790203521;node;Leopoldstadt;Krokodü;pub;;;"""Krokodü am Copa Beach | Stand 3 | Psst...the kroko is sleeping";;;
8795942347;node;Leopoldstadt;Kekko;restaurant;;sushi;Mo-Sa 11:00-21:00;https://kekko.eatbu.com/;48.2250413;16.4251919
8820428092;node;Leopoldstadt;Restaurant Stefanie;restaurant;;;Mo-Fr 12:00-14:30,18:00-22:00;;;
8826034055;node;Leopoldstadt;Badeschiff Bar & Restaurant;restaurant;;barbecue;Mo-Fr 16:00-01:00;;;
8835079217;node;Leopoldstadt;Aurwya Imbiss;fast_food;;snackbar;;;48.2228069;16.4010389
8867479891;node;Leopoldstadt;Teeamo;cafe;;bubble_tea;Mo-Su 11:30-19:00;https://www.teeamo-vienna.at;48.2091154;16.3703029
8868144691;node;Leopoldstadt;Mahlzeit;restaurant;;;Tu-Su 11:00-22:00;;48.2155562;16.3908467
8906918482;node;Leopoldstadt;Reiskorn;restaurant;;asian;Mo-Su 11:30-22:00;https://www.reiskorn.at/kopie-von-schellinggasse;48.2079852;16.3779615
8906935439;node;Leopoldstadt;Kokos;fast_food;;korean;Mo-Sa 18:00-22:00;;48.2197429;16.3723612
8910285717;node;Leopoldstadt;Le Pic;restaurant;;french;Su-Th 09:30-24:00, Fr,Sa 09:30-02:00;http://lepic-restaurant.at;48.207408;16.3791837
8911128930;node;Leopoldstadt;Gasthaus Hold;restaurant;;;;;48.2072774;16.3980576
8933671658;node;Leopoldstadt;Arikei;restaurant;;korean;Mo-Fr 11:30-14:00;https://www.arikei.at;48.2149595;16.370321
8934849417;node;Leopoldstadt;İlkim;fast_food;;kebab;Mo-Sa 08:00-00:00;;;
8934849418;node;Leopoldstadt;Noodle King;fast_food;;noodle;Mo-Su,PH 10:30-22:30;;48.2240733;16.4024765
8936683619;node;Leopoldstadt;Rooftopbar Lamee;bar;;;Mo-We,Su 14:00-22:00;;;
8987807670;node;Leopoldstadt;Café Nebenan;cafe;;;Mo-Fr 17:00-22:00;https://www.nebenan.co.at/;48.2026292;16.3968836
9038606259;node;Leopoldstadt;Türkis;fast_food;;turkish;Mo-Sa 09:00-22:00;https://tuerkis.at/;48.2430823;16.4338878
9038606273;node;Leopoldstadt;Asia Gourmet;restaurant;;asian;;;48.2427374;16.4352376
9038606274;node;Leopoldstadt;Batu Chef;fast_food;;kebab;;;48.2428952;16.4356401
9038606275;node;Leopoldstadt;Zushimarket;fast_food;;sushi;Mo-Fr 11:00-20:00;;;
9038606277;node;Leopoldstadt;Starbucks;cafe;;coffee_shop;Mo-Fr 07:00-20:30;;;
9051115496;node;Leopoldstadt;Artemis;restaurant;;greek;;https://artemis1010.jimdofree.com/;48.2113759;16.3764302
9094677037;node;Leopoldstadt;donaucafè;cafe;;;;https://www.donauturm.at/de/gastronomie-and-shop/donaucafe/;48.2404938;16.4101069
9100442951;node;Leopoldstadt;SoFare;restaurant;;italian;Fr-Mo 11:30-22:00;;;
9108140026;node;Leopoldstadt;Tasty Food;fast_food;;;;;48.1984202;16.3982536
9108167717;node;Leopoldstadt;Vitavien;cafe;;coffee_shop;;;;
9108167729;node;Leopoldstadt;Jonas Reindl;cafe;;;Mo-Fr 08:00-17:30;;;
9112460833;node;Leopoldstadt;Karma Food;cafe;;;Mo-Fr 11:00-14:00;https://karmafood.at/;48.2108049;16.378113
9118480159;node;Leopoldstadt;Abby;restaurant;;;Mo-Sa 11:00-23:00;https://www.abby.at/;48.2026057;16.3901383
9118480161;node;Leopoldstadt;Olala;cafe;;;Mo-Fr 10:00-22:00;;;
9118480166;node;Leopoldstadt;Capitan;restaurant;;;Mo-Fr 06:30-24:00;;;
9159379766;node;Leopoldstadt;Foodie Fridge;restaurant;;;24.���;https://foodie-fridge.com/;48.214692;16.3799242
9183621929;node;Leopoldstadt;Radatz;fast_food;;;Mo-Fr 09:00-20:00;;;
9183621945;node;Leopoldstadt;Kenny's;cafe;;;Mo-Fr 09:00-20:00;;;
9183621950;node;Leopoldstadt;Le Chá;cafe;;bubble_tea;;;48.2422811;16.4374196
9183621955;node;Leopoldstadt;My Indigo;fast_food;;;Mo-Fr 09:00-20:00;;;
9199545588;node;Leopoldstadt;Kinderspiel;cafe;;coffee_shop;Tu-Fr 10:00-18:00;;;
9200392094;node;Leopoldstadt;Oishi;fast_food;;asian;Su-Fr 11:30-22:00;;48.2103588;16.3908455
9200392095;node;Leopoldstadt;Gasthaus Bundesländer;restaurant;;;;https://gasthaus-bundeslaender.stadtausstellung.at;48.214583;16.3900105
9200392106;node;Leopoldstadt;Tzfas;restaurant;;;Mo-Th 17:00-21:30;;48.215748;16.3786268
9213388896;node;Leopoldstadt;Knödel Manufaktur Takeaway;restaurant;;dumplings;Mo-Fr 11:30-18:00;https://www.willstdumitmirknoedeln.at;48.2100381;16.3786923
9230075843;node;Leopoldstadt;Kaisermühlenparadies;cafe;;;;;48.2302242;16.4176809
9233622440;node;Leopoldstadt;Noya;restaurant;;;;;48.2405739;16.3854863
9267484031;node;Leopoldstadt;Starbucks;cafe;;coffee_shop;Mo-Th 07:00-22:00;;;
9279755728;node;Leopoldstadt;Neni am Prater;restaurant;;;Mo-Th 07:00-23:00, Fr 07:00-24:00, Sa 08:00-24:00, Su 08:00-23:00;https://neni.at/restaurants/prater/;48.216317;16.4031692
9320682531;node;Leopoldstadt;Kaiser's Kaiser'schmarrn;restaurant;;regional;Su-Th 10:00-23:30, Fr-Sa 10:00-24:00;;48.2009227;16.3933345
9320714069;node;Leopoldstadt;Café Rafael;restaurant;;;Tu-Su 11:00-19:00;;;
9350689670;node;Leopoldstadt;Sajado Shop & Eat;fast_food;;;Mo-Sa 09:00-21:00;;48.2405645;16.3867797
9405073641;node;Leopoldstadt;Pizzeria a la Roma;restaurant;;;Mo-Su,PH 11:00-23:00;;48.2409911;16.3781996
9495208587;node;Leopoldstadt;Kopi Kadé - Der Kaffeeladen;cafe;;;Mo-Fr 06:45-15:15;https://araliyakaffeewerk.at/kopi-kade/;48.2218306;16.3935277
9542779989;node;Leopoldstadt;by Bilen;fast_food;;;Mo-Sa 07:30-22:00;;48.2365323;16.3803296
9552218608;node;Leopoldstadt;Brunchhouse am Irissee;restaurant;;korean;;;;
9554122729;node;Leopoldstadt;Baschly;fast_food;;;;http://www.baschly.com/;48.2142801;16.4073298
9590452143;node;Leopoldstadt;Truth and Dare;bar;;;Tu-Sa 18:00-02:00;;;
9645157393;node;Leopoldstadt;Cafe & Restaurant Backofen;restaurant;;regional;;;;
9654104969;node;Leopoldstadt;Ramien Go DC Tower;restaurant;;asian;Mo-Fr 11:00-22:00;https://ramiengodctower.com/;48.2316473;16.4126135
9654104970;node;Leopoldstadt;Fat Monk DC Tower;restaurant;;hawaiian;;;;
9667040017;node;Leopoldstadt;Tonios Tacos;restaurant;;mexican;Tu-Fr 12:00-15:00, 18:00-22:00;;;
9704691213;node;Leopoldstadt;Al Basha;cafe;;;We-Mo 11:00-22:00;;48.2170588;16.3905177
9707708496;node;Leopoldstadt;Die Weinbar;bar;;;Mo-Fr 15:30-02:00, PH,Sa,Su 15:00-02:00;;48.205947;16.3985242
9712540450;node;Leopoldstadt;Kimzn Burgers;fast_food;;burger;Mo-Su,PH 12:00-21:00;https://www.kimzn.at/;48.2304585;16.373477
9725519433;node;Leopoldstadt;Cafe Vorgarten;cafe;;;Mo-Fr 09:00-24:00;;;
9725532852;node;Leopoldstadt;Kenny's;fast_food;;;;;48.2412511;16.3854476
9741298190;node;Leopoldstadt;Zum Goldenen Würstel;fast_food;;sausage;;;48.2080759;16.3705151
9741356817;node;Leopoldstadt;Zur Greisslerin;fast_food;;;;;48.2005164;16.4389257
9751791415;node;Leopoldstadt;Habibi & Hawara;restaurant;;vienniese;;;;
9759325626;node;Leopoldstadt;Cibo Colorato;fast_food;;pizza;Mo-Fr 11:00-15:00,17:00-22:00;;;
9775054317;node;Leopoldstadt;Goldener Papagei;cafe;;cake;;;;
9798347390;node;Leopoldstadt;Tau Vegan Restaurant;restaurant;;chinese;;;;
9812223877;node;Leopoldstadt;Cafe Bombay;cafe;;;;;48.2311692;16.3753131
9830592079;node;Leopoldstadt;Praterwirt;restaurant;;regional;Mo-Sa 12:00-23:00;;;
9835956870;node;Leopoldstadt;Cro;cafe;;;Mo-Su 09:30-20:00;https://www.thecro.at/;48.2099081;16.3751764
9854186197;node;Leopoldstadt;taste!;bar;;;;;48.2150064;16.3750364
9874815400;node;Leopoldstadt;Buffalo Hot Wings;restaurant;;;;https://www.buffalo-hot-wings-wien.at/;48.2191652;16.4051825
9876912813;node;Leopoldstadt;das Klee;restaurant;;;;;48.2108044;16.3897034
9876933366;node;Leopoldstadt;Radetzky;fast_food;;;Mo-Fr 08:00-14:00;;;
9934343490;node;Leopoldstadt;Wiener Gemüse Kebab;fast_food;;kebab;Mo-Fr 09:00-18:00;;;
9951337586;node;Leopoldstadt;Noodle King;fast_food;;noodle;Mo-Su 11:00-21:00;;48.2032854;16.3712587
9961145305;node;Leopoldstadt;Tutti Pronti;restaurant;;mexican;;;;
9976820486;node;Leopoldstadt;bistro deppat;restaurant;;regional;;;;
9982031819;node;Leopoldstadt;Sadem Döner;fast_food;;pizza;;;;
10011442461;node;Leopoldstadt;Matcha Komatchi;restaurant;;japanese;11:00-22:00;;48.2113256;16.3724406
10013023452;node;Leopoldstadt;Dunkin';fast_food;;donut;;;;
10016846982;node;Leopoldstadt;Mazzes Insel;restaurant;;;Mo-Fr 10:00-14:00;;48.2174915;16.3830935
10024966032;node;Leopoldstadt;Isoda;restaurant;;;;;48.2025646;16.3909739
10024966035;node;Leopoldstadt;Ramen Makotoya;restaurant;;;Mo-Fr 11:30-22:00;;;
10026753770;node;Leopoldstadt;Vollpension;cafe;;;Mo-Su 08:00-18:00;https://www.vollpension.wien/;48.204904;16.3721703
10066597647;node;Leopoldstadt;Malka;restaurant;;italian;Mo-Th 18:00-23:30;;;
10124950634;node;Leopoldstadt;Toranj;restaurant;;persian;Tu-Su 11:30-23:00;https://www.toranj.at/;48.2037422;16.3854294
10133117390;node;Leopoldstadt;Billa Marktküche;restaurant;;regional;;;48.2024053;16.3720793
10138397170;node;Leopoldstadt;Bieradies;restaurant;;;Mo-Fr 09:00-01:00;;;
10186143318;node;Leopoldstadt;Tauber;cafe;;;Mo-Fr 08:00-19:00;;;
10186143333;node;Leopoldstadt;Hitomi;restaurant;;asian;;;48.1990895;16.3954031
10186143334;node;Leopoldstadt;Segafredo;cafe;;coffee_shop;;;48.1993123;16.3956448
10225863471;node;Leopoldstadt;Das Anabol;restaurant;;;Tu-Th 10:00-22:00;;;
10312702538;node;Leopoldstadt;Chernomorka;restaurant;;fish;Mo-Fr 17:00-23:00;;;
10553924710;node;Leopoldstadt;Tea plus (bubble);cafe;;;Mo-Su 12:00-21:00;;48.2036736;16.3720363
10574218989;node;Leopoldstadt;Kaffein;cafe;;;Mo-Fr 08:00-18:00;;;
10606112700;node;Leopoldstadt;Dao;fast_food;;sushi;;;;
10664982370;node;Leopoldstadt;Smash & More;fast_food;;;;;48.2301695;16.3762066
10676356804;node;Leopoldstadt;Chutney;fast_food;;indian;Mo-Th,Su 11:00-22:00;;;
10676389408;node;Leopoldstadt;dean&david;fast_food;;salad;;;;
10676403673;node;Leopoldstadt;Dürüm;fast_food;;pizza;;;;
10676410988;node;Leopoldstadt;Fratelli;cafe;;;Mo-Sa 08:00-22:00+;;;
10676413860;node;Leopoldstadt;Kioyo;fast_food;;japanese;Mo-Th,Su 11:00-22:00;;;
10688677160;node;Leopoldstadt;Zum goldenen Würstel;fast_food;;sausage;;;;
10694683094;node;Leopoldstadt;Randale;restaurant;;pizza;;https://www.pizzarandale.com/;48.2214193;16.3847343
10701272909;node;Leopoldstadt;Filiz;cafe;;;;;48.2268023;16.422385
10701278164;node;Leopoldstadt;K22 Kebab;fast_food;;escalope;;;;
10707456185;node;Leopoldstadt;Boxwood;restaurant;;;Tu-Fr 17:00-24:00;;;
10720073589;node;Leopoldstadt;Lara;restaurant;;;Mo 17:30-23:00;;;
10723611238;node;Leopoldstadt;gap;fast_food;;vietnamese;Mo-Th,Su 11:00-22:00;;;
10723621326;node;Leopoldstadt;Zushimarket Running Zushi;fast_food;;japanese;Mo-Su 11:00-22:00;https://zushi-market.at/unsere_standorte/millennium-city-running-zushi/;48.2402663;16.3859259
10723627394;node;Leopoldstadt;Zushimarket Buffet Restaurant;restaurant;;asian;Mo-Su 11:00-22:00;https://zushi-market.at/unsere_standorte/millennium-city/;48.240255;16.3853815
10723629027;node;Leopoldstadt;Pandos Tex-Mex;fast_food;;mexican;Mo-Th,Su 11:00-22:00;;;
10737489593;node;Leopoldstadt;Apapika;restaurant;;poke;Mo-Su 11:00-21:00;https://apapika.at/;48.2024035;16.3706154
10737697764;node;Leopoldstadt;Wyld Takeout;fast_food;;kebab;Mo-Su,PH 11:00-23:00;;48.2171575;16.3957686
10737697776;node;Leopoldstadt;Zum Riesenrad;cafe;;;Mo-Su 09:00-23:45;;48.2168731;16.3961257
10739279963;node;Leopoldstadt;Cafe 6;cafe;;;;;48.222211;16.3870732
10743550097;node;Leopoldstadt;Donmono;restaurant;;sushi;;;;
10743550099;node;Leopoldstadt;Alias;cafe;;;Mo-Su 08:00-23:00;;48.2400724;16.3867233
10743732741;node;Leopoldstadt;Five Guys;fast_food;;burger;Mo-Su 10:00-22:00;;48.2404306;16.3856185
10779758076;node;Leopoldstadt;Mr. Zeng;restaurant;;asian;Mo-Su 10:30-15:00,17:30-22:00;;48.237103;16.3854851
10803080530;node;Leopoldstadt;Zuckergoscherl;restaurant;;;Mo-Sa 09:00-23:00;;;
10819836558;node;Leopoldstadt;LENZ - Social Dining;restaurant;;regional;;;;
10819966455;node;Leopoldstadt;Wiki Wiki Poke;restaurant;;;Mo-Fr 11:00-21:00;;;
10832093245;node;Leopoldstadt;REDROOF;bar;;;Mo-Th 16:00-24:00;;;
10865581488;node;Leopoldstadt;Dr. Döner;fast_food;;kebab;Mo-Th,Su 10:00-04:00;;;
10875596930;node;Leopoldstadt;Rudolfs;cafe;;;;;48.2149524;16.3717358
10887543209;node;Leopoldstadt;La Doreé;bar;;;;;48.2091363;16.3715317
10893253732;node;Leopoldstadt;Kaiser's;fast_food;;austrian;Su-We 12:00-22:00;;;
10966047904;node;Leopoldstadt;tschak;bar;;;;;48.2152234;16.3748418
10998260534;node;Leopoldstadt;Pronto da Salvo;restaurant;;;;;48.2077561;16.3702651
10998260536;node;Leopoldstadt;Europa Bar;bar;;;;;48.2061687;16.3710066
11003228564;node;Leopoldstadt;Enoteca;restaurant;;italian;;;48.2073018;16.3702792
11020177037;node;Leopoldstadt;Philly;fast_food;;american;;;;
11020292891;node;Leopoldstadt;Fräuleins fabelhafter Sommergarten;bar;;;Mo-Su 16:00-24:00;https://fräuleins.at/;48.2115816;16.3820007
11020684160;node;Leopoldstadt;Kantine SV Donau;fast_food;;;;;48.230961;16.4209174
11020930988;node;Leopoldstadt;Bar Francis;cafe;;;Mo-Th 16:00-02:00;;;
11035854603;node;Leopoldstadt;meierei;restaurant;;regional;May-Aug Mo-Su 11:00-22:00;;;
11076911882;node;Leopoldstadt;Bliss;cafe;;;Mo-Fr 08:00-20:00;;;
11076911989;node;Leopoldstadt;Cafe HB;cafe;;;;;48.2271751;16.3815776
11079538748;node;Leopoldstadt;Couch Potato;bar;;;Mo off;;;
11085071688;node;Leopoldstadt;TeaCo;restaurant;;chinese;;;;
11093763515;node;Leopoldstadt;Hofladerle;restaurant;;;Mo-Fr 15:00-23:00;;;
11107540832;node;Leopoldstadt;Uno Momento;restaurant;;pizza;Su-Th 08:00-24:00, Fr,Sa 08:00-01:00;;48.2274154;16.3881321
11107907214;node;Leopoldstadt;Cafe TGM;cafe;;;;;48.2364763;16.3713785
11165400132;node;Leopoldstadt;Cafe Espresso Bobby;cafe;;;;;48.2149923;16.4167836
11172175409;node;Leopoldstadt;Olive;fast_food;;;Su-Fr 11:00-23:30, Sa 11:00-00:30;;48.2417399;16.433302
11172175414;node;Leopoldstadt;Running Sushi Restaurant;restaurant;;sushi;;;48.2417826;16.4332381
11172175415;node;Leopoldstadt;Italien Bar & Restaurant;restaurant;;italian;;;48.2422306;16.4334409
11172175416;node;Leopoldstadt;Akakiko;restaurant;;sushi;Mo-Su,PH 11:00-22:00;;48.2423271;16.4332904
11172175417;node;Leopoldstadt;Vapiano;restaurant;;italian;Mo-Sa 11:00-22:30;;;
11172175418;node;Leopoldstadt;Ginza;restaurant;;asian;Mo-Su,PH 11:00-22:00;;48.2421848;16.4334379
11172175419;node;Leopoldstadt;Susi Bräu;restaurant;;;;;48.2419033;16.4337969
11172175420;node;Leopoldstadt;Honu;fast_food;;;;;48.2420131;16.4336517
11172175421;node;Leopoldstadt;Boba Bar;cafe;;bubble_tea;;;48.242045;16.4333149
11172175422;node;Leopoldstadt;Mio - A Piece of Neapel;restaurant;;italian;;;48.2419743;16.4330442
11172175426;node;Leopoldstadt;Donmono;fast_food;;japanese;Mo-Su,PH 11:00-22:00;;48.241837;16.4331667
11172175427;node;Leopoldstadt;Pho Ever;restaurant;;vietnamese;Mo-Su,PH 11:00-22:00;;48.2419212;16.4330812
11174949132;node;Leopoldstadt;The rollin‘ cat - pizza & Billard;fast_food;;pizza;;;48.2425094;16.433024
11196192475;node;Leopoldstadt;Onkel BoBs;fast_food;;;;;48.2297474;16.3750453
11208427637;node;Leopoldstadt;Meister Langos & Lemon;fast_food;;hungarian;Mo-Su 13:00-21:00;;48.2167201;16.3990187
11250785846;node;Leopoldstadt;prokopp's Vegetaría;restaurant;;;Mo-Fr 11:00-16:00;;48.2439417;16.4331135
11250785851;node;Leopoldstadt;Noodle King;fast_food;;noodle;Mo-Su 11:00-22:00;;48.244556;16.4331891
11257879246;node;Leopoldstadt;Latidos;bar;;;Mo-Th 18:00-02:00;;;
11267327553;node;Leopoldstadt;l'autentico;fast_food;;pizza;;;48.240124;16.3856822
11267327562;node;Leopoldstadt;Kaiser's;fast_food;;;;;48.2404411;16.3852651
11275535804;node;Leopoldstadt;Canteen;restaurant;;;Mo-Fr 11:30-13:30;;48.242216;16.3849157
11295320984;node;Leopoldstadt;café exchange;cafe;;coffee_shop;Mo-Fr 09:00-17:30;;;
11308552075;node;Leopoldstadt;The District Kebab;fast_food;;turkish;;https://www.districtkebab.com/;48.2123627;16.3733655
11349337616;node;Leopoldstadt;PSV Beisl;restaurant;;regional;;https://www.psvbeisl.at/;48.2247258;16.4285611
11405425918;node;Leopoldstadt;rosebar centrala;restaurant;;polish;We-Sa 17:30-23:00;https://www.centrala.at/;48.2305094;16.3761181
11422599969;node;Leopoldstadt;Pizza Preferita;restaurant;;italian;;;;
11432383773;node;Leopoldstadt;SELLENY'S Bar;restaurant;;regional;;https://sellenys-bar.at/;48.2063199;16.3831186
11494579325;node;Leopoldstadt;Café Elias;cafe;;;Mo-Fr 08:00-17:00;;;
11499960769;node;Leopoldstadt;Empanadas Blitz;restaurant;;argentinian;Mo-Fr 11:30-22:00;;;
11505906735;node;Leopoldstadt;OXBO Vienna Waterfront;restaurant;;international;;;;
11541220826;node;Leopoldstadt;404 at the Leo Grand;restaurant;;;Mo-Su 09:00-24:00;https://dontaskwhy.at/;48.2093911;16.3709708
11544775669;node;Leopoldstadt;Walter CEWAPI;restaurant;;balkan;Mo-Su 11:00-22:00;https://cewapi.at/;48.2064066;16.3843264
11586917569;node;Leopoldstadt;Schalom Food;fast_food;;kebab;Su-Th 07:00-23:00;https://www.schalom-food.at/;48.2175468;16.3828818
11598699447;node;Leopoldstadt;Bojito;bar;;;;;48.2102611;16.3755702
11677605764;node;Leopoldstadt;Café Fokus;cafe;;;Tu-Fr 07:30-17:00;;;
11682241801;node;Leopoldstadt;Pizzeria Mari;restaurant;;pizza;;;48.2215205;16.3741275
11694858869;node;Leopoldstadt;Donnersmarkt Restaurant & Bar;restaurant;;;;;48.204272;16.3770095
11708725862;node;Leopoldstadt;Drei Bögen;cafe;;;Tu-Th 16:00-24:00, Fr,Sa 16:00-02:30;;;
11730081710;node;Leopoldstadt;M* Kantine;restaurant;;;Mo-Fr 11:00-15:00;;48.2333329;16.3844878
11749860278;node;Leopoldstadt;Mehr Als Fischladen;fast_food;;fish_and_chips;;;48.2150745;16.3760193
11750315918;node;Leopoldstadt;Glasswing;restaurant;;fine_dining;Mo-Su,PH 07:00-23:00;https://www.glasswing-restaurant.com/de/kontakt.html;48.2016934;16.3711268
11879023369;node;Leopoldstadt;JOLA;restaurant;;;We-Su 18:00-23:00;https://www.jola.wien/;48.2131905;16.3713132
11879368875;node;Leopoldstadt;Valberg;restaurant;;;;;48.2068993;16.3704211
11889352069;node;Leopoldstadt;InterContinental;bar;;;Mo-Su 18:00-01:00;;48.2019665;16.3789594
11889405669;node;Leopoldstadt;The Hoxton;bar;;;Mo-Fr 17:00-01:00;;;
11959988972;node;Leopoldstadt;Wittelsbach Kebap;fast_food;;kebab;Mo-Fr 10:00-21:00;;;
12001365069;node;Leopoldstadt;l'arte;restaurant;;italian;;;;
12020342353;node;Leopoldstadt;Juice & Smoothies Bar;fast_food;;juice;;;48.2427124;16.4379632
12039986209;node;Leopoldstadt;Ichi Go Ichi E;restaurant;;ramen;Tu-Su 11:00-15:00,17:00-22:00;;48.2102764;16.3821943
12061867805;node;Leopoldstadt;WOA;restaurant;;asian;Mo-Su 11:30-22:00;;48.2084108;16.3706174
12104510501;node;Leopoldstadt;Chop Chop Guys;fast_food;;asian;;;;
12104654356;node;Leopoldstadt;Sky Garden;bar;;;Mo-Sa 17:00-24:00;;48.2115028;16.371859
12123693701;node;Leopoldstadt;Čewapi by Walter;restaurant;;balkan;Mo-Su 10:00-22:00;https://cewapi.at;48.2402043;16.3857656
12165921950;node;Leopoldstadt;daylounge café.bistro.bar;restaurant;;coffee;Mo-Fr 08:00-22:00;;;
12175011198;node;Leopoldstadt;Trzesniewski;restaurant;;;Mo-Fr 09:00-19:30;;;
12184398144;node;Leopoldstadt;Turm Restaurant;restaurant;;;;https://www.donauturm.at/gastronomie-and-shop/turm-restaurant/;48.2402308;16.4100434
12184398145;node;Leopoldstadt;Turm Café;cafe;;;;https://www.donauturm.at/de/gastronomie-and-shop/turm-cafe/;48.240231;16.4100509
12204791403;node;Leopoldstadt;Heines;cafe;;;Tu-Fr 14:00-22:00;;;
12208482413;node;Leopoldstadt;Chattanooga;cafe;;international;;;;
12209615559;node;Leopoldstadt;trude und töchter: trude;restaurant;;regional;Tu-Su 09:00-23:00;https://www.trudeund.at;48.1990344;16.3729088
12303959356;node;Leopoldstadt;Das Goldstück;cafe;;;Mo-Fr 07:30-17:00;;48.2069506;16.3889037
12305680304;node;Leopoldstadt;Matto Pizza Gourmet;restaurant;;pizza;;;48.2016746;16.3893662
12380340487;node;Leopoldstadt;Wok Sushi Time;fast_food;;chinese;Mo-Fr 11:00-22:00;;;
12387879606;node;Leopoldstadt;JAFFA Street Food;fast_food;;;Mo-Su 10:00-22:00;;48.2307213;16.3756231
12390061741;node;Leopoldstadt;Nagano;restaurant;;japanese;;;;
12463489078;node;Leopoldstadt;Aqui;fast_food;;mexican;;;48.2420833;16.4336419
12473381329;node;Leopoldstadt;Burger Schnitzel Haus;fast_food;;burger;;;48.1988843;16.3999877
12488336144;node;Leopoldstadt;VeAhavta!;restaurant;;;Mo-Th,Su 09:00-21:30;;;
12580470174;node;Leopoldstadt;StehAchterl;bar;;;;;48.2116844;16.3735356
12595879048;node;Leopoldstadt;Panorama Restaurant;restaurant;;;;;48.2146118;16.4128129
12595879049;node;Leopoldstadt;Uptown Restaurant;restaurant;;;"""während Veranstaltungen""";;48.2156918;16.4091768
12595879050;node;Leopoldstadt;Atrium Lounge & Bar;bar;;;"""während Veranstaltungen""";;48.216923;16.4086961
12597726457;node;Leopoldstadt;Pigalle;bar;;;Tu-Th 18:00-01:30;;;
12626404942;node;Leopoldstadt;ÖBB Bahn Bistro;restaurant;;;Mo-Fr 11:00-14:00;https://bahnbistro.digiattack.net/;48.2218769;16.3948268
12673098138;node;Leopoldstadt;Josefins;restaurant;;;;https://www.josefins.at/;48.2092326;16.3704409
12782867540;node;Leopoldstadt;Hundertwasser Village Cafe Bar;cafe;;;Mo-Su 09:00-19:00;;48.207957;16.394171
12788240502;node;Leopoldstadt;Mama Leone;restaurant;;italian_pizza;Mo-Su 12:00-23:00;https://mama-leone.at/;48.2039369;16.3748993
12797653701;node;Leopoldstadt;Sha Guo 22;restaurant;;asian;Su-Th 11:30-00:00;;;
12816798505;node;Leopoldstadt;Bao & Tea;fast_food;;asian;;;;
12852975993;node;Leopoldstadt;Safran;fast_food;;kebab;Mo-Su 08:00-22:00;https://safran-pizzakebap.com/;48.245549;16.4387806
12878819101;node;Leopoldstadt;Seven Botanicals Bar&Kitchen;restaurant;;international;;https://www.sevenbotanicals.com/;48.2340902;16.4210166
12956967928;node;Leopoldstadt;Kaffee Süssmund;cafe;;coffee_shop;;https://suessmund-kaffee.com;48.205913;16.3722639
12986147336;node;Leopoldstadt;Cannaregio;bar;;;Mo-Sa 16:00-23:00;https://www.bar-cannaregio.com/;48.2146954;16.404208
12996335301;node;Leopoldstadt;Langos;fast_food;;hungarian;;;48.2176228;16.3945618
13017063043;node;Leopoldstadt;Neapolis Pizzeria;restaurant;;;;;48.2168067;16.3805975
13019580030;node;Leopoldstadt;dean&david;fast_food;;salad;;;;
13050391767;node;Leopoldstadt;Kvetch;fast_food;;burger;;;48.2168671;16.3805956
13063743600;node;Leopoldstadt;Ganko;restaurant;;japanese;Tu-Su 11:00-15:00,17:00-22:00;;;
13069518698;node;Leopoldstadt;Lighthouse Café;cafe;;;10:00-22:00;;48.2287917;16.4096048
13116627555;node;Leopoldstadt;Santos;restaurant;;mexican;Su-Th 11:00-00:00, Fr-Sa 11:00-01:00;https://www.santos-bar.com/;48.2138634;16.3833966
13116828301;node;Leopoldstadt;Peng Peng by Randale Pizzeria;restaurant;;italian_pizza;;;;
13119602190;node;Leopoldstadt;Der schöne Ernst;cafe;;breakfast;;;;
13157217091;node;Leopoldstadt;Five Guys;fast_food;;burger;Sa-Su 11:00-23:00;;48.2083188;16.3708828
13164869702;node;Leopoldstadt;Merk & Würdig;restaurant;;;Tu-Sa 08:00-22:00;https://merkundwuerdig.at/;48.218172;16.4057834
13175335399;node;Leopoldstadt;Tea Plus;cafe;;bubble_tea;;;48.2401635;16.3855322
13175335400;node;Leopoldstadt;Dunkin';fast_food;;donut;;;;
13233766884;node;Leopoldstadt;INKA Bar & Food;cafe;;;;;48.2316609;16.4055574
13243688790;node;Leopoldstadt;SpoonFood;restaurant;;;Mo-Fr 11:00-18:00;https://www.spoonfood.at;48.203251;16.3919272
13272834101;node;Leopoldstadt;Sluka;cafe;;regional;Mo-Sa 09:00-18:00;;;
13273678401;node;Leopoldstadt;Apapika Bowls;fast_food;;american;Mo-Su 11:00-22:00;https://www.apapika.at;48.2137429;16.3823912
13275971977;node;Leopoldstadt;Bar Lounge All'Italiana;bar;;italian;Mo-Su 10:00-23:00;https://www.allitaliana.at;48.2009237;16.3931606
13275971978;node;Leopoldstadt;Tenno Sushi;restaurant;;japanese;Mo-Su 11:00-21:00;;48.2008125;16.3930216
13282820313;node;Leopoldstadt;Joia;fast_food;;;;;48.2168403;16.3968077
13361933049;node;Leopoldstadt;small batch café;cafe;;;;https://www.instagram.com/smallbatch.cafe/;48.2178863;16.3794897
13371756924;node;Leopoldstadt;Ototo;cafe;;;Mo-Fr 08:00-19:00;;;
13392944163;node;Leopoldstadt;Gold Papa – Coffee & Beans;cafe;;coffee_shop;Th-Su 08:00-16:00;;;
13431986502;node;Leopoldstadt;Spaghetteria il mercato 2.0;restaurant;;italian;;;48.2160766;16.4120296
13438258173;node;Leopoldstadt;Sieben Zwerge;cafe;;;;;48.2282351;16.3910908
13455863201;node;Leopoldstadt;Kao Soi Thaï bistro;restaurant;;thai;Tu-Su 11:00-18:00;https://www.kaosoi.at/;48.2063511;16.3775858
13466312901;node;Leopoldstadt;Truth coffee;cafe;;;;;48.2094751;16.3747882
13507439167;node;Leopoldstadt;The Popp;bar;;;;https://www.thepopp.at/;48.2149455;16.4029853
13519328110;node;Leopoldstadt;Taquería La Ventana;restaurant;;mexican;We-Sa 12:00-14:30,17:00-22:00;;;
13525652144;node;Leopoldstadt;HUHU Hotpot;restaurant;;chinese;11:30-22:00;;48.2060527;16.3960465
13533948602;node;Leopoldstadt;Brenner;cafe;;;Mo-Su 07:00-22:00;https://www.superbude.com/hotel-wien/prater/brenner/;48.2162533;16.4032253
13540522201;node;Leopoldstadt;District 22 Rooftop Bar;bar;;austrian;Mo-Su 16:00-23:00;;48.2440185;16.4331743
13542096101;node;Leopoldstadt;Kaiser's – Kaiser'schmarrn;fast_food;;austrian;Mo-Fr 10:00-20:00;;;
13593089237;node;Leopoldstadt;Premium;restaurant;;pizza;Mo-Su 11:30-21:00;;48.2155727;16.3864771
13603403400;node;Leopoldstadt;Apapika;restaurant;;hawaiian;Mo-Su 11:00-21:00;https://www.apapika.at/;48.2329177;16.4139525
13605953441;node;Leopoldstadt;Sattlerei;restaurant;;;;;48.2203639;16.3864928
13641112807;node;Leopoldstadt;Theros;cafe;;coffee_shop;;;;
13681113501;node;Leopoldstadt;Potions Vienna;bar;;;Th-Sa 18:00-02:00;;;
13699042601;node;Leopoldstadt;Garten Cafe;cafe;;;Mo-Su 08:30-00:00;https://www.viennamarriott-restaurants.com/garten-cafe;48.2052111;16.3764596
13699043901;node;Leopoldstadt;Atelier 7 The Café;cafe;;;Mo-Su 08:00-18:00;;48.2073418;16.377088
13720115987;node;Leopoldstadt;Beandependent;cafe;;coffee_shop;Mo-Fr 07:30-16:00;https://www.beandependent.com/;48.2236231;16.384934
13721168110;node;Leopoldstadt;The Catch;restaurant;;fish;;;;
13721551711;node;Leopoldstadt;Bolet;fast_food;;;Mo-Su 09:00-22:00;;48.2437051;16.3797302
13746038877;node;Leopoldstadt;Café Gelato;cafe;;;;;48.2277058;16.3889835
13746112821;node;Leopoldstadt;Umi;restaurant;;;Mo-Fr 11:00-20:00;;;
13749706758;node;Leopoldstadt;Bros. Pizza;restaurant;;pizza;Tu-Sa 11:30-22:00;;48.226004;16.3924188
13752116577;node;Leopoldstadt;Spitzer;bar;;;"""Siehe Website""";https://im-spitzer.net;48.2139614;16.3807131
13790059581;node;Leopoldstadt;Mamas Café;cafe;;;;;48.2088993;16.3742162
13811407101;node;Leopoldstadt;Lieben Wir;cafe;;;Mo-Fr 09:00-18:00;;;
13814910275;node;Leopoldstadt;Abaco's Steakhouse;restaurant;;steak_house;11:00-23:00;;48.2327609;16.4100305
13814910276;node;Leopoldstadt;ZushiMarket;restaurant;;japanese;Mo-Su 11:00-22:00;;48.232549;16.4108417
13814910277;node;Leopoldstadt;Paco Ribera;restaurant;;mexican;Mo-Sa 11:30-23:00;https://pacoribera.at;48.2327036;16.4106478
13814994095;node;Leopoldstadt;D'arepa;fast_food;;;;;48.2323457;16.4092326
13814994097;node;Leopoldstadt;Nam Nam;restaurant;;indian;;;48.2314002;16.4103894
13814994099;node;Leopoldstadt;Moby Dick;bar;;;;;48.2309974;16.4107776
13814994100;node;Leopoldstadt;Lillet;bar;;;;;48.230854;16.4109947
13815008601;node;Leopoldstadt;Pfuscheria Flamingo;bar;;;;;48.2303529;16.4117969
13815008602;node;Leopoldstadt;Extra Würstel;fast_food;;sausage;;;48.230483;16.4117224
13815008603;node;Leopoldstadt;Dampha Kitchen;fast_food;;mexican;;;48.2306484;16.4115958
13917170768;node;Leopoldstadt;Alexandra;bar;;;;;48.2068179;16.3703617
13930600201;node;Leopoldstadt;Leon 29 Coffee & Bakery;cafe;;breakfast;;;;
13930600203;node;Leopoldstadt;Leon 29 Coffee & Bakery;cafe;;breakfast;;;;
13930602601;node;Leopoldstadt;Leon 29 Coffee & Bakery;cafe;;breakfast;;;;
13936476301;node;Leopoldstadt;Reiskorn Schellinggasse;restaurant;;asian;Mo-Th 12:00-15:00, 17:00-23:00;;;
13959976601;node;Leopoldstadt;Ciao Lara;restaurant;;italian;;;;
13968631659;node;Leopoldstadt;Billa Markt Küche;fast_food;;;;;48.2090394;16.4231931
13968631660;node;Leopoldstadt;Rakki Sushi;restaurant;;sushi;;;48.2093955;16.4236547
13968631664;node;Leopoldstadt;Sajado;restaurant;;japanese;;;48.2100439;16.421795
13982731318;node;Leopoldstadt;Finn;restaurant;;;Mo-Fr 11:30-22:00;;;
28687244;way;Leopoldstadt;Cafemima;restaurant;;;Mo-Fr 08:30-22:00;;;
28687247;way;Leopoldstadt;Pizzaquartier;restaurant;;pizza;Mo-Fr 10:30-23:00;;;
28949603;way;Leopoldstadt;Kantine Stadion;fast_food;;;;;48.2063737;16.4224242
29222661;way;Leopoldstadt;Würstelstand Stadion;fast_food;;sausage;Mo-Fr 07:00-20:00;;;
29695878;way;Leopoldstadt;Café Engländer Praterstern;restaurant;;regional;;;;
31472469;way;Leopoldstadt;Oide Donau;restaurant;;regional;Mo-Fr 07:30-23:00;;;
32908441;way;Leopoldstadt;McDonald's;fast_food;;burger;Su-We 06:00-24:00, 00:00-02:00;;;
33437255;way;Leopoldstadt;Schützenhaus;restaurant;;;Mo-Fr 16:00-23:00;https://www.geschichtewiki.wien.gv.at/Sch%C3%BCtzenhaus;48.2177907;16.3726509
45760203;way;Leopoldstadt;Restaurant Zum Schinakl;restaurant;;regional;;;;
89094508;way;Leopoldstadt;Zur Alten Kaisermühle;restaurant;;char-grilled;;;;
89535514;way;Leopoldstadt;Sonnendeck Alte Donau;restaurant;;regional;;;;
93893073;way;Leopoldstadt;Coffee & Dogs;fast_food;;german;Mo-Fr 07:30-17:00;;48.2141946;16.4139074
141104069;way;Leopoldstadt;Prater Dome;bar;;;Fr-Sa 22:00-06:00;https://praterdome.at;48.2174076;16.3974035
152235190;way;Leopoldstadt;Cafe Pavillion;cafe;;;"""während Veranstaltungen""";;48.2165574;16.4087376
152235213;way;Leopoldstadt;Cafe Modern Times;cafe;;;;;48.2156273;16.4105462
154332008;way;Leopoldstadt;Mat's Würstelstand;fast_food;;sausage;Mo-Fr 10:00-04:00, Sa,Su,PH 17:00-04:00;;48.2172652;16.3908401
159314351;way;Leopoldstadt;Der Garten;restaurant;;burger;;;;
161845516;way;Leopoldstadt;Schutzhaus Heustadlwasser;restaurant;;regional;Mo-Tu off;;;
174269664;way;Leopoldstadt;Restaurant am Weststrand;restaurant;;;;;48.233104;16.4286434
174269670;way;Leopoldstadt;Donaubrise;restaurant;;;;;48.2287506;16.4311626
177696120;way;Leopoldstadt;Üçler Imbiss;fast_food;;kebab;;;48.223605;16.4042118
183616032;way;Leopoldstadt;NENI am Wasser;bar;;;Mo-Sa 17:00-24:00;;;
184516507;way;Leopoldstadt;U Snack;fast_food;;;;;48.2324751;16.4155466
191072127;way;Leopoldstadt;s'Biergart'l im Stadtpark;restaurant;;local;;https://www.biergartlimstadtpark.com/;48.2032597;16.3786393
199116911;way;Leopoldstadt;Schweizerhaus;restaurant;;regional;Mar 15-Oct 31 Mo-Su,PH 11:00-23:00;https://www.schweizerhaus.at/;48.213919;16.4016219
202890378;way;Leopoldstadt;Selbstverständlich Strandbeisl;restaurant;;regional;Mo-Su,PH 11:30-23:00;https://www.strandbeisl.at/;48.2221172;16.4366216
203994881;way;Leopoldstadt;Estancia Santa Cruz;restaurant;;mexican;Apr-Oct: Th-Fr 16:00-23:00;;;
204014378;way;Leopoldstadt;China Sichuan Restaurant;restaurant;;chinese;Mo-Fr 11:30-14:30,17:30-23:00;;;
223635003;way;Leopoldstadt;wake_up;restaurant;;;May-Aug Mo-Su 09:30-24:00;;;
226936341;way;Leopoldstadt;Imbiss zum Seestern;fast_food;;sausage;;;48.2132202;16.43896
233705732;way;Leopoldstadt;drunter & drüber;restaurant;;;Mo-Su 10:00-19:00;;48.243003;16.413649
274826205;way;Leopoldstadt;Mensa der mdw;fast_food;;;Mo-Fr 08:00-17:00;;48.2025847;16.3858476
285543647;way;Leopoldstadt;Santo;restaurant;;;We-Fr 14:00-22:00;;;
291233013;way;Leopoldstadt;Meister Langos Austria;fast_food;;;;;48.2161167;16.397688
291278297;way;Leopoldstadt;Ponykarussell;cafe;;;Mo-Su,PH 09:00-18:00;https://www.ponykarussell.at/;48.2144623;16.4018423
291288041;way;Leopoldstadt;Praterbuffet;fast_food;;regional;;;48.2149941;16.4041756
304847636;way;Leopoldstadt;zur Kernigen;restaurant;;;Mo-Sa 11:00+;;;
326510989;way;Leopoldstadt;Würstelstand Zum Hohen Markt;fast_food;;sausage;09:00-04:00;;48.211214;16.3723162
330596991;way;Leopoldstadt;Pizza/Kebap am Kai;fast_food;;kebab;;;;
334190260;way;Leopoldstadt;Bitzinger;fast_food;;sausage;Mo-Su 12:00-22:00;;48.2176985;16.394146
342113777;way;Leopoldstadt;Friedlich;restaurant;;;Mo-Su 10:00-18:00;https://friedlich.wien/;48.2112222;16.3935419
344657319;way;Leopoldstadt;Summer Station;bar;;;Mo-Su,PH 11:00-22:00;;48.2398117;16.3957116
351409451;way;Leopoldstadt;Imbiss Santo;fast_food;;kebab;;;;
361672179;way;Leopoldstadt;Badeschiff;restaurant;;;Mo-Su 10:00-01:00;;48.2117991;16.3815923
362319470;way;Leopoldstadt;Brioche und Brösel;fast_food;;burger;PH,Mo-Su 11:30-22:00;;48.2108895;16.3751644
368897674;way;Leopoldstadt;Ginza;restaurant;;sushi;Tu-Su 11:00-22:00;;;
368897675;way;Leopoldstadt;Ku'damm;fast_food;;kebab;;;48.2189478;16.393177
368897678;way;Leopoldstadt;Beef Meister;fast_food;;;;;48.2188672;16.3932712
368952931;way;Leopoldstadt;McDonald's;fast_food;;burger;24/7 closed;;48.2180506;16.3920183
368952932;way;Leopoldstadt;McDonald's;restaurant;;;Mo-Th 06:00-24:00, Fr 06:00-01:00, Sa 05:00-01:00, Su,PH 05:00-24:00;;48.2183194;16.3919261
393966934;way;Leopoldstadt;Zum Scharfen René;fast_food;;sausage;;https://vomscharfenrene.at/;48.2003449;16.37459
404077786;way;Leopoldstadt;Marina Imbiss;fast_food;;;PH,Mo-Su 09:00-23:30;;48.2061602;16.4307956
406629636;way;Leopoldstadt;Hot Dog Schnitzel Leberkäse Kebap;fast_food;;kebab;;;48.2107882;16.3900977
410955436;way;Leopoldstadt;Salonplafond;restaurant;;;Mo-Su 10:00-00:00;http://salonplafond.wien/de/;48.2078847;16.3819194
417527680;way;Leopoldstadt;Ginza Point;fast_food;;sushi;Mo-Sa 11:00-21:30;;48.208041;16.3715213
425373973;way;Leopoldstadt;Kebap Paradies;fast_food;;kebab;;;;
425425281;way;Leopoldstadt;Strandbar Herrmann;bar;;;Sa,Su,PH 10:00-02:00, Mo-Fr 14:00-02:00;https://www.strandbarherrmann.at/;48.2119148;16.385765
493669393;way;Leopoldstadt;Interspar Market Kitchen;restaurant;;mexican;;;;
493669403;way;Leopoldstadt;Max & Benito;restaurant;;mexican;Mo-Fr 11:30-21:30;;;
493669404;way;Leopoldstadt;Fat Monk;fast_food;;;Mo-Su 11:00-20:00;;48.2064192;16.3843852
493680685;way;Leopoldstadt;Vapiano;restaurant;;italian;Mo-Sa 11:00-22:00;;;
529243162;way;Leopoldstadt;Vienna City Beach Club;bar;;;;https://www.vcbc.at;48.2176326;16.4291024
534722718;way;Leopoldstadt;Würstelstand;fast_food;;sausage;;;48.2011691;16.3749122
538500458;way;Leopoldstadt;Tasty Meals;fast_food;;;;;48.2178703;16.3953714
541515901;way;Leopoldstadt;Kaiserzeit;fast_food;;sausage;;;;
548570038;way;Leopoldstadt;Restaurant UNO;restaurant;;;;;48.2319189;16.417504
586100021;way;Leopoldstadt;GustoLab;fast_food;;;;;48.206628;16.3843261
586100026;way;Leopoldstadt;Chi Chi;cafe;;;Mo-Sa 10:30-21:00;;;
586100034;way;Leopoldstadt;Costa;cafe;;coffee_shop;Mo-Fr 07:00-20:00;;;
586100037;way;Leopoldstadt;ChiChi Shop and Eat;restaurant;;noodle;;;48.2074352;16.3860374
586100038;way;Leopoldstadt;Teeamo;cafe;;bubble_tea;Mo-Fr 09:00-20:00;;;
587189002;way;Leopoldstadt;Vapiano;restaurant;;italian;Mo-Sa 11:00-22:00;;;
587189005;way;Leopoldstadt;KFC;fast_food;;chicken;Mo-Fr 11:00-00:00;;;
587189006;way;Leopoldstadt;ra'mien go;restaurant;;asian;PH,Mo-Su 11:00-21:30;https://ramiengo.at/wienmitte/;48.2062807;16.3851566
587189007;way;Leopoldstadt;ra'mien go;fast_food;;asian;Mo-Su,PH 11:00-21:30;https://ramiengo.at/wienmitte/;48.2064085;16.3852477
587189008;way;Leopoldstadt;Sternzeichen;fast_food;;asian;Mo-Su,PH 11:00-22:00;;48.2065129;16.3843636
587189010;way;Leopoldstadt;McDonald's;fast_food;;burger;Mo-Su,PH 06:00-24:00, Sa,Su 00:00-00:30;;48.2066918;16.3845072
587189026;way;Leopoldstadt;Sushi Cross;restaurant;;sushi;Mo-Fr 11:00-21:00;;48.2064501;16.3849885
603721013;way;Leopoldstadt;Extra Würstel;fast_food;;sausage;Mo-Su,PH 11:30-24:00;https://www.extra-extra.at/;48.218774;16.3810802
623725143;way;Leopoldstadt;Mar y Sol;restaurant;;mexican;;;48.2318676;16.4098366
623725144;way;Leopoldstadt;Rembetiko;restaurant;;greek;;;48.2320385;16.4096284
627745617;way;Leopoldstadt;Abra Kebapra;fast_food;;kebab;;;48.2242991;16.4013839
633610319;way;Leopoldstadt;VOLEE;restaurant;;;Mo-Fr 11:00-21:00;;;
674873833;way;Leopoldstadt;SUESS'KIND;restaurant;;;Mo-Fr 11:00-15:00;https://www.das-suesskind.bio;48.2067074;16.3837675
689001170;way;Leopoldstadt;Wiener Würstelstand;fast_food;;sausage;24.���;;48.2069486;16.380883
758455631;way;Leopoldstadt;Brass Monkey;cafe;;coffee_shop;Mo-Su 09:00-22:00;;48.2014316;16.4004342
803033960;way;Leopoldstadt;Meierei;cafe;;sandwich;;;;
824080580;way;Leopoldstadt;GYROS to go;fast_food;;greek;May-Sep 11:00-22:00;;48.2306389;16.4071934
1013775833;way;Leopoldstadt;Luftburg Kolarik;restaurant;;regional;;;;
1028483790;way;Leopoldstadt;Am Nordpol;fast_food;;sausage;;;48.2268896;16.382139
1070361471;way;Leopoldstadt;Beachbar;bar;;;Mo-Th 16:00-20:00;;;
1135371099;way;Leopoldstadt;Burger King;fast_food;;burger;Fr 13:00-23:00;;;
1140381277;way;Leopoldstadt;Original Wiener Leverkas;fast_food;;regional;;;;
1184653263;way;Leopoldstadt;Aras;fast_food;;kebab;;;48.2023645;16.3701381
1184653264;way;Leopoldstadt;Wiener Würstelstand;fast_food;;sausage;;;48.2022969;16.3704189
1190883072;way;Leopoldstadt;Hanswurstl;fast_food;;sausage;;;48.2176662;16.4013066
1204720242;way;Leopoldstadt;Cafe Konstantin;restaurant;;regional;Mo-Su,PH 10:00-21:00;https://www.cafekonstantin.at/;48.2093414;16.4060791
1275453385;way;Leopoldstadt;Wiener Würstelstand;fast_food;;hot_dog;;;;
1275453386;way;Leopoldstadt;Türkis;fast_food;;turkish;Mo-Su 09:00-24:00;https://tuerkis.at/;48.2176717;16.3923879
1275453387;way;Leopoldstadt;QuickWu;restaurant;;running_sushi;Mo-Fr 11:00-22:00;;;
1275453388;way;Leopoldstadt;Café Bar Bier & Zeit;pub;;;10:00-04:00;;48.2173523;16.3922489
1275453389;way;Leopoldstadt;Kate's Cafe Bar;cafe;;;Mo-Su 08:00-01:00;http://kates.at;48.2174088;16.3922574
1275453392;way;Leopoldstadt;McDonald's;restaurant;;;Mo-Th 06:00-24:00, Fr 06:00-01:00, Sa 05:00-01:00, Su,PH 05:00-24:00;;48.2182013;16.3919371
1275453395;way;Leopoldstadt;Hendricks Sportsbar;bar;;;Mo-Fr 08:00-02:00;;;
1275453396;way;Leopoldstadt;oses;fast_food;;;Su-Th 11:30-01:00, Fr 10:30-05:00, Sa 14:00-05:00;https://www.osescigkoeftepratersternwien.at/;48.2183216;16.3925414
1430577016;way;Leopoldstadt;Heisses Eck;fast_food;;;;;48.2342282;16.3854162
1442249777;way;Leopoldstadt;It's Amore;restaurant;;italian;Mo-Su 11:00-23:00;;48.2299189;16.4081059
1537580171;way;Leopoldstadt;Würstelstand;fast_food;;snack;We-Su 19:00-00:00;;48.2274965;16.3883326
76469807;node;Leopoldstadt;Hundertwasserhaus;;attraction;;;;48.2073844;16.3939411
76653086;node;Leopoldstadt;Museum des Blindenwesens;school;museum;;;https://www.bbi.at/museum;48.2063691;16.3992724
250063134;node;Leopoldstadt;Kaisergruft;crypt;attraction;;10:00-18:00;https://www.kapuzinergruft.com/;48.2057727;16.3701652
262932599;node;Leopoldstadt;Johann Strauß;;artwork;;;;48.203804;16.379166
276372849;node;Leopoldstadt;Hill Arches;;artwork;;;;48.1990612;16.3716187
323060663;node;Leopoldstadt;Wiener Kriminalmuseum;;museum;;We-Su,PH 10:00-17:00;http://www.kriminalmuseum.at;48.2182253;16.3784885
348094045;node;Leopoldstadt;Fiaker;;attraction;;;https://www.fiaker.co.at/fiaker-carriage-tours-vienna.html;48.208845;16.3730079
412510725;node;Leopoldstadt;Arnold Schönberg Center;library;museum;;;https://www.schoenberg.at/;48.1991054;16.3776481
478856085;node;Leopoldstadt;Literaturmuseum;;museum;;Tu,We,Fr-Su 10:00-18:00;;;
567084279;node;Leopoldstadt;Neidhart-Festsaal;;museum;;Fr-Su 10:00-13:00, Fr-Su 14:00-17:00;https://www.wienmuseum.at/neidhart_festsaal;48.2108548;16.3712141
567330259;node;Leopoldstadt;Bonartes;;gallery;;;https://www.bonartes.org;48.2048885;16.3742716
844546176;node;Leopoldstadt;Bezirksmuseum Landstraße;;museum;;;https://www.bezirksmuseum.at/de/bezirksmuseum_3;48.2012763;16.3879449
902496927;node;Leopoldstadt;Wiener Aktionismus Museum;;gallery;;We-Su 11:00-18:00;https://wieneraktionismus.at/en/;48.2051708;16.3758453
923938965;node;Leopoldstadt;Marokkanerbrunnen;;artwork;;;;48.1990748;16.3799983
957072036;node;Leopoldstadt;Emil Jakob Schindler;;artwork;;;;48.2044468;16.3803021
957072045;node;Leopoldstadt;Vogeltränke-Brunnen;fountain;artwork;;;;48.2045082;16.3787173
957072082;node;Leopoldstadt;Donauweibchen-Brunnen;fountain;artwork;;;;48.2041816;16.379705
957072085;node;Leopoldstadt;Befreiung der Quelle-Brunnen;fountain;artwork;;;;48.2048461;16.3807173
957072123;node;Leopoldstadt;Blumenuhr;clock;artwork;;;;48.2040065;16.378639
957072151;node;Leopoldstadt;Sebastian-Kneipp-Brunnen;fountain;artwork;;;;48.2030499;16.3806184
957072154;node;Leopoldstadt;Labetrunkbrunnen;fountain;artwork;;;;48.2038623;16.3817773
957072175;node;Leopoldstadt;Friedrich von Amerling;;artwork;;;;48.2054953;16.3799288
957695892;node;Leopoldstadt;Galerie Widder;;gallery;;;;48.2048773;16.3732213
1014014673;node;Leopoldstadt;Andromedabrunnen;fountain;artwork;;;;48.2120589;16.3710519
1193847577;node;Leopoldstadt;Darstellung des Alten Praters;;artwork;;;;48.2181515;16.4060758
1203016181;node;Leopoldstadt;Erlebnis Europa;;museum;;Mo-Sa 08:00-18:00;;48.210451;16.3743437
1238507270;node;Leopoldstadt;1. Wiener Kindergalerie Lalibela;;gallery;;;www.lalibela.at;48.2229234;16.3744447
1262234512;node;Leopoldstadt;Stock im Eisen;;attraction;;;;48.2079241;16.3716725
1397102725;node;Leopoldstadt;Basilio Calafati;;artwork;;;;48.2167895;16.3992933
1462381172;node;Leopoldstadt;stones, art;;artwork;;;;48.2072145;16.3936117
1462407103;node;Leopoldstadt;Fälschermuseum;;museum;;Tu-Th 10:00-16:00;;;
1462408804;node;Leopoldstadt;art design Raum Kunst Viena;;artwork;;;;48.2057541;16.3925576
1462409655;node;Leopoldstadt;Raum, Kunst Viena;;artwork;;;;48.2057469;16.392563
1462411452;node;Leopoldstadt;Design Kunst;;artwork;;;;48.2052714;16.394521
1462413055;node;Leopoldstadt;Creativstudio;;artwork;;;;48.205014;16.3946229
1467290056;node;Leopoldstadt;Grafik Studio;;artwork;;;;48.2283688;16.3731537
1723197167;node;Leopoldstadt;Pratermuseum;;museum;;Tu-Su 11:00-18:00;https://www.wienmuseum.at/pratermuseum;48.2169385;16.3968882
1922535091;node;Leopoldstadt;DialogART;;artwork;;;;48.20551;16.3990601
1957540447;node;Leopoldstadt;Peace Museum Vienna;;museum;;Mo-Fr 11:00-18:00;;;
1958085082;node;Leopoldstadt;Römermuseum;;museum;;PH,Tu-Su 09:00-18:00;http://www.roemermuseum.at/;48.2106907;16.3728003
2144264134;node;Leopoldstadt;Don José de San Martin;;artwork;;;;48.2408242;16.4109861
2144264136;node;Leopoldstadt;"Ernesto ""Che"" Guevara";;artwork;;;;48.2410204;16.4113684
2144264137;node;Leopoldstadt;José Martí;;artwork;;;;48.240764;16.4108578
2144264138;node;Leopoldstadt;Simon Bolivar;;artwork;;;;48.240917;16.4112388
2165828839;node;Leopoldstadt;Sonnenstrahl im Tropfenschauer;;artwork;;;;48.2417435;16.4353333
2442661748;node;Leopoldstadt;Planet der Pendler mit den drei Zeitmonden;;artwork;;;http://www.koer.or.at/cgi-bin/koer/index.pl?id=389&year=&cat=&district=&koer=&permanent=&searchstr=&artist=&lang=de;48.205844;16.384574
2442661749;node;Leopoldstadt;Planet der Pendler mit den drei Zeitmonden;;artwork;;;https://www.wienerlinien.at/eportal3/ep/channelView.do/channelId/-48651#:~:text=Kurt%20Hofstetter&text=Der%20Pendler%2DPlanet%2C%20das%20Zentralgestirn,Computer%20mit%20minimalem%20Stromverbrauch%20gesteuert.;48.2058597;16.3853685
2442661750;node;Leopoldstadt;Planet der Pendler mit den drei Zeitmonden;;artwork;;;https://www.wienerlinien.at/eportal3/ep/channelView.do/channelId/-48651;48.2059293;16.3842564
2670820063;node;Leopoldstadt;Ministerienbrunnen;fountain;artwork;;;;48.2097053;16.3826305
2670820064;node;Leopoldstadt;Ministerienbrunnen;fountain;artwork;;;;48.2101869;16.3827604
2901211995;node;Leopoldstadt;Dom Museum Wien;;museum;;We,Fr-Su 10:00-18:00;;;
3127815333;node;Leopoldstadt;Türmerstube;;viewpoint;;09:00-17:30;;48.2082241;16.3731127
3127879237;node;Leopoldstadt;Adlerturm;;viewpoint;;Jan-Jun: 08:15-16:30;;;
3315437961;node;Leopoldstadt;Wiener Trio;;artwork;;;http://www.viennatouristguide.at/Ring/Denkmal_Bild/z_trio.htm;48.2176581;16.3705645
3437649721;node;Leopoldstadt;Johann-Strauß-Wohnung;;museum;;Tu-Su 10:00-13:00,14:00-17:00;https://www.wienmuseum.at/;48.21599;16.38738
3490627782;node;Leopoldstadt;Dokumentationsarchiv des Österreichischen Widerstandes;;museum;;Mo-We,Fr 09:00-17:00;;;
3490628598;node;Leopoldstadt;Flower Power;;artwork;;;;48.2120915;16.3708715
3491438829;node;Leopoldstadt;Galerie;;gallery;;"""temporarily closed""";;48.2110405;16.3934248
3517608297;node;Leopoldstadt;Der Ackerbau;;artwork;;;;48.199112;16.3724107
3517608298;node;Leopoldstadt;Der letzte Mensch;;artwork;;;;48.1990258;16.3724608
3517608299;node;Leopoldstadt;Die Treue der österreichischen Nation gegen Kaiser und Vaterland;;artwork;;;;48.1992161;16.3725762
3518545681;node;Leopoldstadt;Schatzkammer des Deutschen Ordens;;museum;;;https://www.deutscher-orden.at/;48.2076806;16.3733578
3602727273;node;Leopoldstadt;Tuchmacherbrunnen;fountain;artwork;;;;48.2101769;16.370502
3648349525;node;Leopoldstadt;Das goldene Kalb - Die Technik als Apokalypse;;artwork;;;;48.2397306;16.4129766
3666488100;node;Leopoldstadt;Rhino-ART;;gallery;;Mo-Fr 11:00-19:00;;;
3758774847;node;Leopoldstadt;Machfeld Studio;;gallery;;;;48.2194087;16.3997906
3975727901;node;Leopoldstadt;Atelier Suterena;;gallery;;;http://www.suterena.com/;48.2058806;16.3904552
4090295935;node;Leopoldstadt;studio b.art.ok;;gallery;;;http://members.chello.at/~bartok/bartok.at/;48.1992085;16.3888192
4092661783;node;Leopoldstadt;Art Room Vienna;;artwork;;;;48.2017989;16.3895307
4226216527;node;Leopoldstadt;Wellenbrecher;;artwork;;;;48.2287388;16.4292675
4283737199;node;Leopoldstadt;Bär;;artwork;;;;48.1992669;16.3932651
4310406095;node;Leopoldstadt;Marsyas II;;artwork;;;;48.2397857;16.3769026
4310406097;node;Leopoldstadt;Johann Koplenig;;artwork;;;;48.2398232;16.3769508
4326661409;node;Leopoldstadt;Riss-Kunz Galerie;;gallery;;;;48.2036461;16.385679
4345474852;node;Leopoldstadt;Wächter;;artwork;;;;48.2096741;16.3938318
4450879084;node;Leopoldstadt;Räumlich-plastische Entfaltung einer Skulptur;;artwork;;;;48.2421989;16.3753082
4543035416;node;Leopoldstadt;Hundertwasser Fassade;;attraction;;;;48.2095102;16.394142
4543089891;node;Leopoldstadt;Stephansdom Krypta;;attraction;;;;48.2082849;16.3729562
4562514616;node;Leopoldstadt;Sarkophag und Grabmalfigur für Adrienne Neumann;;artwork;;;;48.1991308;16.3726458
4562514617;node;Leopoldstadt;Figur 100 K;;artwork;;;;48.1991826;16.3726163
4581186745;node;Leopoldstadt;Trauer der Ruinen;;artwork;;;;48.2052207;16.3777417
4581186747;node;Leopoldstadt;Triumph der Materie;;artwork;;;;48.2052731;16.3777991
4581186751;node;Leopoldstadt;Apollo gengen Dionysos;;artwork;;;;48.2052403;16.3777016
4581186754;node;Leopoldstadt;Überraschung für Hellas;;artwork;;;;48.2052531;16.3778423
4581186756;node;Leopoldstadt;Weltensäule;;artwork;;;;48.2052943;16.377757
4581186765;node;Leopoldstadt;Säule den Antagonismen;;artwork;;;;48.205199;16.3777826
4830522272;node;Leopoldstadt;Bezirksmuseum Leopoldstadt;;museum;;We 16:00-18:30;;;
4845834861;node;Leopoldstadt;Planet der Pendler mit den drei Zeitmonden;;artwork;;;http://www.koer.or.at/cgi-bin/koer/index.pl?id=389&year=&cat=&district=&koer=&permanent=&searchstr=&artist=&lang=de;48.2066732;16.3847088
4892925059;node;Leopoldstadt;Ferryman;;artwork;;;;48.2099787;16.3813991
5284417755;node;Leopoldstadt;Museum Simon Wiesenthal;;museum;;Mo-Fr 10:00-18:00;;;
5332107721;node;Leopoldstadt;Zeitweise;;artwork;;;;48.2318198;16.4044708
5531918833;node;Leopoldstadt;Komposition in Eisen;;artwork;;;;48.2126425;16.3835301
5717928543;node;Leopoldstadt;Madame Tussauds Wien;;museum;;;https://www.madametussauds.com/wien/;48.2174368;16.3964846
5838419495;node;Leopoldstadt;Offener Raum;;artwork;;;;48.2426594;16.3741599
6036965198;node;Leopoldstadt;Metro Kinokulturhaus;;museum;;Mo-Su 14:00-21:00;https://www.filmarchiv.at;48.2049335;16.3720013
6428826180;node;Leopoldstadt;Traum;;artwork;;;;48.2157826;16.3796552
6635095671;node;Leopoldstadt;Hauptallee – Pratercorso;;artwork;;;;48.2152943;16.3832875
7252011789;node;Leopoldstadt;Atelier Augarten;;museum;;;;48.2250996;16.3817687
7571612414;node;Leopoldstadt;Familie;;artwork;;;;48.199418;16.3937181
7929046461;node;Leopoldstadt;Jagd;;artwork;;;;48.2224449;16.3877362
8048190538;node;Leopoldstadt;St. Ruprecht;;artwork;;;;48.2123247;16.3743308
8048190539;node;Leopoldstadt;Nordansicht von Wien von 1490;;artwork;;;;48.2122816;16.3745938
8296523022;node;Leopoldstadt;Warten auf Vögel IV;;artwork;;;https://www.koer.or.at/projekte/warten-auf-voegel-iv-neuaufstellung/;48.2026128;16.3925676
8399176124;node;Leopoldstadt;Stylit;;artwork;;;;48.2072089;16.3808204
8596035903;node;Leopoldstadt;Müllergruppe;;artwork;;;;48.2274327;16.4184898
8679340745;node;Leopoldstadt;Friedensrätsel;;artwork;;;;48.2448401;16.3901643
8721520363;node;Leopoldstadt;Emanuel Layr;;gallery;;We-Fr 12:00-18:00;;;
8829725821;node;Leopoldstadt;Gärtnerin – Pomona;;artwork;;;;48.2266154;16.4024457
8906927786;node;Leopoldstadt;Galerie V&V;;gallery;;We-Fr 13:00-19:00;;;
9111379517;node;Leopoldstadt;Atelier Lori Rosenberg;;gallery;;Tu-Th 10:00-13:00,15:00-17:00;;48.2008809;16.3954431
9146788392;node;Leopoldstadt;Die Badende;;artwork;;;;48.203062;16.405741
9183729777;node;Leopoldstadt;Mutter und Kind;;artwork;;;;48.2402244;16.4301857
9183729779;node;Leopoldstadt;Aufspringendes Pferd;;artwork;;;;48.2407357;16.4311952
9548203288;node;Leopoldstadt;Wienfluss-Portal;;attraction;;;;48.2026249;16.3787851
9835956869;node;Leopoldstadt;Galerie Augustin;;gallery;;Tu-Fr 10:30-18:30;https://www.galerie-augustin.com/de/;48.2099494;16.3752543
9851406386;node;Leopoldstadt;Vasen von der Ohmann'schen Wienflussverbauung;;artwork;;;;48.2433202;16.429013
9851406408;node;Leopoldstadt;Leherb-Mosaik;;artwork;;;;48.2435104;16.4314444
9851414548;node;Leopoldstadt;Österreichisches Gartenbaumuseum;;museum;;Mo-Fr 08:00-15:00;;;
9983513676;node;Leopoldstadt;Albertina modern;;museum;;Mo-Su 10:00-18:00;https://www.albertina.at/en/albertina-modern/;48.2006466;16.3716055
10119642847;node;Leopoldstadt;Ca Contemporary;;gallery;;;;48.206003;16.3737368
10130867580;node;Leopoldstadt;Mythos Mozart;;museum;;Mo-Fr 10:00-20:00;;;
10138397168;node;Leopoldstadt;Haus der Musik;;museum;;Mo-Su 10:00-22:00;https://www.hausdermusik.com/;48.203792;16.3731547
10168903201;node;Leopoldstadt;Volare;;attraction;;;;48.2170485;16.3987647
10608723708;node;Leopoldstadt;Große Figur;;artwork;;;;48.233065;16.4113978
10616181547;node;Leopoldstadt;Böhmerwaldmuseum Wien;;museum;;Su 09:00-12:00;https://www.boehmerwaldmuseum.at/;48.2039972;16.3854786
10737697748;node;Leopoldstadt;Altösterreichisches Staatswappen;;artwork;;;;48.2169755;16.3961031
10922325163;node;Leopoldstadt;Raising Hands;;artwork;;;https://www.raisinghands.net;48.1987146;16.3759289
10990087410;node;Leopoldstadt;Gedenkstätte für die Opfer der Gestapo Wien;;museum;;"""Auf Anfrage""";;48.2135828;16.3736875
11148398014;node;Leopoldstadt;Zeichen des Jahrhunderts;;artwork;;;https://www.wien.gv.at/kulturportal/public/grafik.aspx?FeatureByID=91822&FeatureClass=kunstkultur&ThemePage=4;48.2396445;16.4100547
11150632086;node;Leopoldstadt;Gedenkstätte Karajangasse;;museum;;Th 16:00-20:00;https://www.gymnasium-am-augarten.at/gedenkstaette/;48.2293676;16.3745201
11210347368;node;Leopoldstadt;Salon Hofmannsthal;;museum;;Mo, We 10:00-14:00;;;
11626502130;node;Leopoldstadt;Kinder helfen Kinder;;artwork;;;;48.2025854;16.3796806
11650999171;node;Leopoldstadt;Landstrasse;;artwork;;;;48.1999871;16.3961946
11697497069;node;Leopoldstadt;OK;;artwork;;;;48.2086018;16.3826615
11915964859;node;Leopoldstadt;STADTRAUM Nordwestbahnhof;;museum;;;;48.2333233;16.3772569
12082906805;node;Leopoldstadt;Alex DeLarge;;artwork;;;;48.201819;16.3770716
12201006183;node;Leopoldstadt;Sussudio;;gallery;;"""Nach Vereinbarung""";https://www.sussudio.at;48.2191433;16.3994504
12285168501;node;Leopoldstadt;Galerie Lisa Kandlhofer;;gallery;;;https://www.kandlhofer.com/;48.1990955;16.3745425
12543305682;node;Leopoldstadt;STRABAG Kunstforum;;gallery;;;https://www.strabag-kunstforum.at/;48.2329133;16.412563
12668813522;node;Leopoldstadt;Goldener Gorilla;;artwork;;;;48.2108245;16.4056646
12736861335;node;Leopoldstadt;Porzellanmuseum;;museum;;Mo-Sa 10:00-17:00;https://www.augarten.com/de/content/museum.html;48.2236754;16.378483
12778209906;node;Leopoldstadt;Galerie Krinzinger;;gallery;;Tu-Fr 12:00-18:00;;;
12871423368;node;Leopoldstadt;Chromotop;;artwork;;;;48.1991866;16.372004
12872266547;node;Leopoldstadt;Chromotop;;artwork;;;;48.1991955;16.3721627
12872266548;node;Leopoldstadt;Chromotop;;artwork;;;;48.1992358;16.3720228
12888761391;node;Leopoldstadt;Wagramer Brunnen;;artwork;;;;48.2444287;16.4376071
13050638887;node;Leopoldstadt;Donauweibchen;;artwork;;;;48.219036;16.4079761
13050638888;node;Leopoldstadt;Attraktionen im Wiener Prater;;artwork;;;;48.2184286;16.4069456
13050672634;node;Leopoldstadt;Jüdischer Tempel;;artwork;;;;48.2135067;16.3851358
13050731610;node;Leopoldstadt;Jägerzeile im 16 Jh.;;artwork;;;;48.2163311;16.386753
13050731611;node;Leopoldstadt;Historisches 1650, 1723, 1814, 1683, 1946, 1955;;artwork;;;;48.2231012;16.3814153
13050747887;node;Leopoldstadt;Calafati;;artwork;;;;48.218156;16.4051624
13076142337;node;Leopoldstadt;St. Ruprecht anno 1783;;artwork;;;;48.2121855;16.3746639
13106290801;node;Leopoldstadt;Das Wallenstein;;gallery;;;https://www.daswallenstein.wien/;48.2294721;16.3721161
13242960384;node;Leopoldstadt;Figur mit zwei Scheiben;;artwork;;;;48.2330017;16.4113567
13242960385;node;Leopoldstadt;Große Skulptur;;artwork;;;;48.2337682;16.4140741
13306418394;node;Leopoldstadt;Lukas Feichtner;;gallery;;Tu-Sa 13:00-18:00;;48.2037164;16.3734814
13306485613;node;Leopoldstadt;Sky Frame;;gallery;;Mo-Fr 10:00-13:00, Mo-Th 13:30-18:00, Fr 13:30-16:00;;;
13306506274;node;Leopoldstadt;Barvinsky;;gallery;;Tu-Fr 12:30-18:30;;;
13306511775;node;Leopoldstadt;Galerie Elisabeth & Klaus Thoman;;gallery;;Tu-Fr 12:00-18:00;;;
13307141589;node;Leopoldstadt;Arbeit in Auslage;;gallery;;24.���;http://www.babsidaum.at/arbeitinauslage.htm;48.2187016;16.4009332
13328485953;node;Leopoldstadt;URBAN JUNGLE 2.0;;artwork;;;;48.2073473;16.384735
13328485956;node;Leopoldstadt;Melting Borders;;artwork;;;;48.2024422;16.3969925
13328485958;node;Leopoldstadt;3 Brothers;;artwork;;;;48.2135448;16.4160523
13507291336;node;Leopoldstadt;Zweiter Calafati;;artwork;;;;48.2142666;16.402739
13593121499;node;Leopoldstadt;Farmini Art & Wine;;gallery;;;;48.2126964;16.381176
13665325435;node;Leopoldstadt;Jesuitenfoyer;;gallery;;;;48.2086706;16.3769049
13752434897;node;Leopoldstadt;Stuweratelier / Lena Rosa Händle;;gallery;;;https://lenarosahaendle.de;48.2188936;16.4002112
13790046547;node;Leopoldstadt;Dom Atelier;;museum;;;;48.2087666;16.3743589
8097149;way;Leopoldstadt;Karlskirche;place_of_worship;attraction;;;https://karlskirche.at/;48.1982797;16.3717985
8097153;way;Leopoldstadt;Wien Museum Karlsplatz;;museum;;Sa,Su 10:00-18:00;;;
9703218;way;Leopoldstadt;Urania;;attraction;;;;48.2115525;16.3837746
25577405;way;Leopoldstadt;Musikverein;theatre;attraction;;;https://www.musikverein.at/;48.2004924;16.372759
25577419;way;Leopoldstadt;Künstlerhaus Wien;;museum;;Mo-Su 10:00-18:00;https://www.k-haus.at/;48.2007772;16.371716
30322134;way;Leopoldstadt;Graben;;attraction;;;;48.208515;16.3702628
44337530;way;Leopoldstadt;AquaScope;;museum;;Th,Fr 14:00-18:00, Sa,Su,PH 13:00-18:00;;48.2271039;16.4306007
46965660;way;Leopoldstadt;Donauturm;;attraction;;Mo-Su 10:00-24:00;https://www.donauturm.at/;48.2402486;16.4100561
97979331;way;Leopoldstadt;Riesenrad;;attraction;;;https://www.wienerriesenrad.com/;48.2166476;16.395893
106609620;way;Leopoldstadt;Haus Wittgenstein;;attraction;;;http://www.haus-wittgenstein.at;48.2034548;16.3942731
109308716;way;Leopoldstadt;Basiliskenhaus;;attraction;;;;48.2096486;16.3775489
110548902;way;Leopoldstadt;Haas-Haus;;attraction;;;;48.2083593;16.3715308
129241327;way;Leopoldstadt;Ankeruhr;clock;attraction;;;;48.2107594;16.3736753
169186435;way;Leopoldstadt;Mozarthaus Vienna;;museum;;Mo-Su 10:00-19:00;https://www.mozarthausvienna.at/;48.2082099;16.3749348
172591502;way;Leopoldstadt;DDSG Ponton Pavillon;;artwork;;;;48.2101295;16.3950683
180889602;way;Leopoldstadt;Bermudadreieck;;attraction;;;http://bermudadreieckwien.at;48.2116846;16.3745979
182918364;way;Leopoldstadt;Karl-Borromäus-Brunnen;fountain;artwork;;;;48.2013775;16.3889088
186172556;way;Leopoldstadt;Zur schönen Laterne;;attraction;;;;48.2094005;16.3773247
187339557;way;Leopoldstadt;Die Passanten;;artwork;;;;48.2318798;16.4046189
212496461;way;Leopoldstadt;Stephansdom;place_of_worship;attraction;;Mo-Sa 06:00-22:00;;;
328630899;way;Leopoldstadt;Museum für Angewandte Kunst;;museum;;;https://www.mak.at/;48.207442;16.3818018
334628051;way;Leopoldstadt;Praterturm;;attraction;;;https://www.praterwien.com/attraktionen/details/praterturm;48.2145158;16.4013972
337435341;way;Leopoldstadt;Otto-Wagner-Pavillon;;museum;;Apr-Oct Tu-Su 10:00-18:00;;;
342007264;way;Leopoldstadt;Bezirksmuseum Innere Stadt;;museum;;Tu,Th 16:00-18:00;https://www.bezirksmuseum.at/de/bezirksmuseum_1;48.2122221;16.3708413
342113774;way;Leopoldstadt;Museum Hundertwasser;;museum;;Mo-Su 10:00-18:00;https://www.kunsthauswien.com/;48.2110893;16.3933198
342113775;way;Leopoldstadt;Garage;;gallery;;;;48.2112787;16.3933898
342113776;way;Leopoldstadt;KunstHausWien;;gallery;;"""temporarily closed""";;48.2110893;16.3933198
346399780;way;Leopoldstadt;Schönlaterngasse;;attraction;;;;48.2093143;16.3783754
356439127;way;Leopoldstadt;Stadtschriften;;artwork;;;;48.2158383;16.378272
369009819;way;Leopoldstadt;Heiligenkreuzerhof;;attraction;;;;48.2099026;16.3767726
388758689;way;Leopoldstadt;Virgilkapelle;;museum;;"closed ""Vorübergehend geschlossen""";https://www.wienmuseum.at/virgilkapelle;48.2083319;16.3722307
411932024;way;Leopoldstadt;Agora;;museum;;24.���;;48.2122581;16.3812118
485310799;way;Leopoldstadt;Domschatz;;museum;;Mo-Sa 09:00-17:00;;;
546340540;way;Leopoldstadt;Belvedere;;attraction;;;https://www.belvedere.at/;48.1932822;16.3805075
548145007;way;Leopoldstadt;Schönlaterngasse;;attraction;;;;48.2093907;16.3777403
566231728;way;Leopoldstadt;Karl Lueger;;artwork;;;;48.207537;16.3797626
566231998;way;Leopoldstadt;Vermählungsbrunnen;fountain;artwork;;;;48.2108827;16.3729815
603469190;way;Leopoldstadt;Bezirksmuseum Brigittenau;;museum;;;https://www.bezirksmuseum.at/de/bezirksmuseum_20;48.2342534;16.3830171
672650382;way;Leopoldstadt;Circus- & Clownmuseum Wien;;museum;;;https://www.circus-clownmuseum.at/;48.2194236;16.4055948
938019885;way;Leopoldstadt;50 Jahre Republik Österreich;;artwork;;;;48.2346545;16.4114444
993479341;way;Leopoldstadt;Stadtschrift;;artwork;;;https://www.stadtschrift.at/;48.2168469;16.3779043
993479342;way;Leopoldstadt;Maestros;;artwork;;;;48.2170224;16.3779163
1019789627;way;Leopoldstadt;Stage Set;;artwork;;;https://www.mak.at/sammlung/sammlung/mak-sammlung_artikel?article_id=1341408469382;48.203578;16.3809557
1293754845;way;Leopoldstadt;Unisono di colori;;artwork;;;;48.2004259;16.3706072
1320671228;way;Leopoldstadt;Schönlaterngasse;;attraction;;;;48.2094783;16.3785576
1441679493;way;Leopoldstadt;Woman with Dove;;artwork;;;https://www.callelibre.at/unitednations;48.233389;16.41669
60648368;node;Neubau;Phönixhof;restaurant;;;Sa, Su 18:00-24:00;;;
244496511;node;Neubau;Nguyens Phở House;restaurant;;vietnamese;Mo 11:30-22:00;;;
244497161;node;Neubau;Amerlingbeisl;restaurant;;regional;Mo-Su 12:00-02:00;https://www.amerlingbeisl.at/;48.203105;16.3543901
244497172;node;Neubau;Centimeter II;restaurant;;;Mo-Th 09:00-24:00;;;
244497186;node;Neubau;Wirr;restaurant;;;Mo,Tu,We,Su 08:00-02:00;;;
256669740;node;Neubau;Café Erdgeschoss;cafe;;turkish;Mo-Sa 17:00-24:00;;;
256669781;node;Neubau;Caffè Latte;cafe;;regional;;;;
256669819;node;Neubau;Plutzer Bräu;restaurant;;;Mo-Sa 11:00-23:00;;;
256669972;node;Neubau;Shebeen;pub;;;Mo-Fr 15:00-00:00, Sa-Su 12:00-00:00, Su,PH 17:00-01:00;https://www.shebeen.at/;48.2063736;16.3489494
295811116;node;Neubau;BackBone Irish Pub;pub;;;Mo-Fr 17:00-18:00+, Fr-Su 15:00-18:00+;;48.2044132;16.3432618
311536058;node;Neubau;Papaya Restaurant;restaurant;;thai;Sa, Su, PH 12:30-22:30;;;
315333560;node;Neubau;Hausmair's Gaststätte;restaurant;;;Tu-Fr 11:00-23:00;https://hausmair.at/;48.2069936;16.3455353
315337583;node;Neubau;Lana;restaurant;;pizza;Mo-Fr 11:00-22:00;;;
315987356;node;Neubau;Ulrich;restaurant;;regional;Mo-Fr 07:30-25:00;;;
318023660;node;Neubau;Durchhaus;restaurant;;regional;Tu-Sa 17:00-24:00;https://www.durchhaus.at/;48.2054605;16.3532394
333655633;node;Neubau;Schwein;restaurant;;;Mo-Su 09:00-00:00;;48.2020207;16.3516882
333655634;node;Neubau;I Carusi;restaurant;;italian;11:30-23:30;;;
333655635;node;Neubau;I Terroni;restaurant;;pizza;;;;
334236925;node;Neubau;Bombay;restaurant;;indian;Tu-Su 11:00-15:00, Mo-Su 18:00-23:00;https://www.restaurant-bombay.at/;48.2053507;16.3489667
345623344;node;Neubau;Marla;cafe;;oriental;;;;
365305618;node;Neubau;Hidori;restaurant;;japanese;Mo-Sa 18:00-00:00;;;
415409740;node;Neubau;Fräuleins;bar;;;Tu-Sa 16:00-02:00;;48.2069555;16.3460762
415409756;node;Neubau;Ribelli;restaurant;;italian;Mo-Su 12:00-24:00;https://ribelli-restaurant.at/;48.2065489;16.3546343
415906772;node;Neubau;Kreuzberg;cafe;;;Mo-Fr 09:00-22:00;;;
417751930;node;Neubau;Schilling;restaurant;;regional;Mo-Su 11:30-23:00;https://www.schilling-wirt.at/;48.2042237;16.3414202
417751931;node;Neubau;Natsu;restaurant;;sushi;We-Mo,PH 11:00-23:00;;48.204168;16.3467727
421728768;node;Neubau;McDonald's;fast_food;;burger;Su-Th,PH 07:00-01:00;;;
432692936;node;Neubau;Espresso Benzin & Groove;pub;;;Mo-Fr 18:00-02:00;;48.2014832;16.345828
441230552;node;Neubau;Gaon;restaurant;;korean;;;48.1981143;16.3419296
442443224;node;Neubau;froemmel's;cafe;;;Mo-Fr 07:30-18:00;;;
442564943;node;Neubau;Tata7;restaurant;;vietnamese;Mo-Fr 11:30-23:00;;;
442567405;node;Neubau;podium;restaurant;;;Mo-Fr 11:00-01:00, Sa 17:00-01:00;https://www.restaurant-podium.at/;48.201739;16.3414082
442567957;node;Neubau;Zypresse;restaurant;;;Mo-Fr 11:00-24:00;;;
442568337;node;Neubau;Schreiners Gastwirtschaft;restaurant;;;Tu-Fr 18:00-24:00;;48.2019099;16.3416983
442569612;node;Neubau;Kaoo;restaurant;;asian;Mo-Fr 11:30-22:30;;;
442570132;node;Neubau;Mitzitant';restaurant;;austrian;;;;
442571315;node;Neubau;Vevi 1070;restaurant;;vietnamese;Mo-Su,PH 11:00-22:00;https://vevirestaurant.at/;48.1986681;16.3419201
442571782;node;Neubau;Radio - The Label-Bar;pub;;;Mo-Th 18:00-02:00, Fr,Sa 17:00-02:00+;;48.1983476;16.3432741
442573169;node;Neubau;Bummelhof;restaurant;;;Mo-Fr 11:30-22:00;;;
442579134;node;Neubau;Café Ritter;cafe;;coffee_shop;;;;
442579784;node;Neubau;Lindenstüberl;restaurant;;austrian;Mo-Fr 09:00-23:00;;;
442585871;node;Neubau;7Sternbräu;restaurant;;austrian;;;;
442586670;node;Neubau;Landia;restaurant;;;Mo-Sa 09:00-22:00;https://www.landia.at/;48.2004018;16.3476548
442587345;node;Neubau;Rinkhy;restaurant;;fish;;https://www.rinkhy.com/;48.2007349;16.3448654
442587405;node;Neubau;Neubauschenke;restaurant;;austrian;Mo-Su 10:00-00:00;;48.2002446;16.3448784
442588977;node;Neubau;Il mare;restaurant;;italian;Mo-Sa 12:00-15:00,17:00-24:00;https://www.ilmare.at/;48.1989311;16.3449801
442588993;node;Neubau;Caspian;restaurant;;persian;Mo-Sa 11:30-22:00;;;
442972884;node;Neubau;Bierbaron;pub;;;We-Sa 19:00-02:00;;48.2027087;16.3457249
442972885;node;Neubau;Café Kandl;cafe;;;;https://cafekandl.at/;48.202874;16.3442901
442972887;node;Neubau;Grünauer;restaurant;;regional;Mo-Fr 18:00-24:00;;48.2033419;16.3474536
442981695;node;Neubau;Schnitzelwirt;restaurant;;regional;Tu-Sa 11:00-21:30;https://www.schnitzelwirt.co.at/;48.2024913;16.3492305
442981702;node;Neubau;Aida;cafe;;cake;Mo-Fr 08:00-19:00, Sa 09:00-19:00, Su,PH 09:00-19:00;https://aida.at/;48.203267;16.3491634
442981719;node;Neubau;Plus43;bar;;;Tu-Th 20:00-02:00;;;
442981725;node;Neubau;Da Michele;restaurant;;italian;Mo-Sa 12:00-15:00,18:00-23:00;;48.2038757;16.3512648
442981736;node;Neubau;Pizzeria Da Giovanni;restaurant;;pizza;Mo-Th 17:00-23:00;;;
442981741;node;Neubau;Beisl;restaurant;;;Mo-Fr 10:30+;;48.2035422;16.3535181
442997731;node;Neubau;Cafe - Konditorei A. Blocher;cafe;;cake;Mo-Fr 06:00-20:00;;;
442997809;node;Neubau;Gogi Chicken;fast_food;;korean;;;;
442997840;node;Neubau;SAPA;restaurant;;vietnamese;Mo-Th 11:30-24:00;;;
442997852;node;Neubau;Café Europa Lager;cafe;;;Mo-Su 09:00-05:00;https://www.cafeeuropa.at/;48.1998733;16.3509
443013000;node;Neubau;Chez Bernard Restaurant et Bar;restaurant;;;;https://www.chezbernard.at/;48.1982641;16.3505986
443013020;node;Neubau;Le Chéri;cafe;;;Mo-Sa 08:00-22:00;;;
443025463;node;Neubau;Lolo & Lola;restaurant;;philippines;;;;
443025470;node;Neubau;Zum Moghulhof;restaurant;;indian;Mo-Su 11:30-14:30,17:30-22:00;;48.2042656;16.3547843
452422529;node;Neubau;Konoba Dalmatia;restaurant;;;Mo-Su 10:00-23:00;https://konoba.at/;48.2069766;16.346756
520277930;node;Neubau;Cafe Espresso;cafe;;;Mo-We 07:30-24:00, Th,Fr 07:30-01:00, Sa 10:00-01:00, Su 10:00+;https://espresso-wien.at/;48.2041056;16.3501435
631533980;node;Neubau;La Grece;restaurant;;greek;Mo-Fr 10:00-18:00;https://www.lagrece.at/;48.2064293;16.3510707
659823599;node;Neubau;Cafe Zipp;bar;;;Mo-Fr 18:00-04:00, Sa,Su,PH 20:00-04:00;https://www.cafezipp.at/;48.2043752;16.3477659
683569941;node;Neubau;Café Voodoo;pub;;;We-Sa 20:00-02:00+;;48.2021466;16.3506666
728538341;node;Neubau;Yi Pin Bu Yi;restaurant;;asian;Mo-Su 11:00-15:00, 17:30 - 23:00;;48.2018686;16.3467929
761213100;node;Neubau;Ammutsøn Craft Beer Dive;pub;;;Mo-Th 16:00-02:00, Fr 16:00-04:00, Sa 14:00-04:00, Su 14:00-24:00;https://www.ammutson.com;48.1985666;16.3539331
767358619;node;Neubau;Erich;bar;;;Mo-Su 09:00-02:00;;48.205143;16.3526468
767358625;node;Neubau;Pinocchio;restaurant;;pizza;Mo-Fr 11:00-14:00,17:00-20:00;;;
767358632;node;Neubau;La Mia;restaurant;;italian;Mo-Su 11:00-24:00;https://www.lamia.at/;48.2064147;16.3531142
767358656;node;Neubau;Morgenstern;pub;;;Mo 16:00-02:00;;;
767384563;node;Neubau;Cafe Volkstheater;cafe;;;Mo-Th 09:00-20:00;;;
872404403;node;Neubau;Xu's Cooking;restaurant;;chinese;Th-Mo 11:30-15:00, 17:30-22:00;;;
913272967;node;Neubau;futuregarden;pub;;;;;48.1980275;16.3534382
915649837;node;Neubau;Die Burgermacher;fast_food;;burger;Tu-Fr 17:00-23:00;;;
915649838;node;Neubau;Café Nil;restaurant;;arab;Tu-Fr 11:00-24:00, Sa 10:30-24:00, Su 10:30-18:00;https://www.cafenil.at/;48.2021071;16.350092
919481751;node;Neubau;die drahtwarenhandlung;restaurant;;;"""nach Vereinbarung""";https://lokal.drahtwarenhandlung.at/;48.2052687;16.3496
964363605;node;Neubau;Tonis Kulinarium 7;restaurant;;fish;Tu-Sa 17:00-23:00, Su 11:00-23:00;;48.2023732;16.3536127
1068145208;node;Neubau;bestens. die bar;pub;;;Tu-Th 18:00-01:00;;;
1129440899;node;Neubau;Elefant & Castle;fast_food;;curry;Mo-Fr 11:00-16:00;;48.2025151;16.3489161
1129441602;node;Neubau;Happy Vietnam;fast_food;;vietnamese;Sa 12:00-20:00;;;
1145179257;node;Neubau;Orient;cafe;;oriental;Mo-Fr 11:30-16:00;https://www.cafeorient.at/;48.2035316;16.3488464
1145179280;node;Neubau;DAS Biero;pub;;;Mo-Fr 16:00-02:00;;;
1260488291;node;Neubau;Wiener;restaurant;;;Mo-Su,PH 16:00-24:00;https://restaurant-wiener.at/;48.2031002;16.3470658
1291414393;node;Neubau;Petit Maroc;restaurant;;moroccan;Mo-Fr 12:00-15:00,18:00-24:00;;;
1311610871;node;Neubau;Pierre;cafe;;french;Mo-Th,Su,PH 09:00-24:00;;;
1324804238;node;Neubau;Sette Wien;restaurant;;italian;Mo-We 17:30-23:00, Th,Fr 17:30-02:00, Sa 12:00-02:00;;;
1371534685;node;Neubau;Tian Bistro;restaurant;;;Mo 17:30-22:00;;;
1402225026;node;Neubau;China Bar;restaurant;;chinese;Mo-Fr 12:00-24:00;https://chinabar.at/;48.2043884;16.3466312
1460955453;node;Neubau;Dunkin';fast_food;;donut;;;;
1460958327;node;Neubau;Bocan's Café;cafe;;;Mo-Fr 10:00-22:00;;;
1460958817;node;Neubau;Radatz;fast_food;;regional;Mo-Fr 07:30-18:30;;;
1460969654;node;Neubau;Mia Cucina;restaurant;;pizza;;;48.1978986;16.3476808
1467003732;node;Neubau;Smolinka;cafe;;cake;Mo-Fr 08:00-18:00;;;
1467003735;node;Neubau;Berliner Döner;fast_food;;kebab;Su-Th 09:30-24:00, Fr,Sa 09:30-01:00;https://berliner-doener-wien.cook-maestro.com/de/;48.2016881;16.3449066
1467040036;node;Neubau;flash Mädchencafé;cafe;;;Mo-Tu,Su off;;;
1467189828;node;Neubau;Boho Crust;restaurant;;;Mo-Sa 11:30-22:00;;;
1467262888;node;Neubau;Stehcafe & Teekontor;cafe;;;We-Fr 07:30-19:00;;;
1467287774;node;Neubau;Naturkost St. Josef;restaurant;;;Mo-Fr 11:00-15:30;;;
1467319602;node;Neubau;Sajado;restaurant;;asian;PH,Mo-Su 11:30-22:30;;48.2004897;16.3507203
1467319604;node;Neubau;Gastro Fish Brac;restaurant;;seafood;Tu-Th 10:00-18:00;;;
1467319608;node;Neubau;ST.ART;cafe;;;;;48.1997636;16.3509436
1467593683;node;Neubau;Lobo y Luna;restaurant;;spanish;Tu-Sa 15:00-23:00;;;
1467593688;node;Neubau;ostwind;restaurant;;asian;Mo-Sa 11:30-15:00,17:30-22:30;;;
1510779819;node;Neubau;Akakiko;restaurant;;japanese;;;;
1541917300;node;Neubau;Meeru;bar;;;We-Sa 18:00-02:00;;48.2022382;16.3539821
1569606743;node;Neubau;Chinatown;restaurant;;chinese;Mo-Fr 12:00-14:30,18:00-23:00, Sa,Su 18:00-23:00;https://www.restaurant-chinatown.at/;48.2042183;16.3480887
1600655313;node;Neubau;Gaststätte Adlerhof;restaurant;;regional;PH,Su-Th 08:00-24:00, Fr,Sa 08:00-02:00;;48.2040776;16.3506801
1770421165;node;Neubau;Marks;restaurant;;;Tu-Sa 10:00-24:00;;;
1825516566;node;Neubau;Hanoi Food;restaurant;;vietnamese;"""wegen Renovierung geschlossen""";;48.2042558;16.3535607
1903909191;node;Neubau;Café 7*stern;pub;;;Tu-Sa 10:00-23:00;;;
1912003408;node;Neubau;Nosh;restaurant;;;;https://noshvienna.at/;48.2054525;16.351979
2005150064;node;Neubau;Zur Stadt Krems;restaurant;;regional;Mo-Fr 11:00-23:30;https://www.zurstadtkrems.com/;48.2022009;16.3448654
2083468740;node;Neubau;Jiu Ding Lou;restaurant;;chinese;;;48.1988427;16.3412368
2217042367;node;Neubau;Cafe-Bar Blue Box;cafe;;;;https://www.facebook.com/Goldies.BlueBox/;48.1993604;16.3482483
2315665961;node;Neubau;Atlas Bar and Gallery;bar;;regional;Mo-Th 16:00-01:00;;;
2382842975;node;Neubau;La Pausa;restaurant;;pizza;Mo-Sa 11:00-23:00;;;
2445796108;node;Neubau;Shamrock Vienna;pub;;;Mo-Th 20:00-01:00, Fr 20:00-02:00, Sa 20:00-24:00;https://shamrock-vienna.at/;48.1998654;16.3525815
2467188689;node;Neubau;l'autentico;restaurant;;pizza;;;48.1989021;16.3433971
2484073313;node;Neubau;Arnes;restaurant;;greek;Mo-Sa 11:00-23:00;;;
2531301389;node;Neubau;Aida;cafe;;coffee_shop;Mo-Fr 07:00-19:00;;;
2532609162;node;Neubau;Pho Hang;restaurant;;asian;;;;
2540418216;node;Neubau;NGÔ's kitchen;restaurant;;vietnamese;Mo-Fr 11:30-23:00, Sa 18:00-23:00;https://ngoskitchen.com/;48.2053143;16.3542858
2552618331;node;Neubau;Tiffin;restaurant;;indian;Mo-Su,PH 11:00-22:00;;48.2023197;16.3430476
2552629742;node;Neubau;stellas;restaurant;;;Tu-Sa 17:00-01:00;https://www.stellas.at/;48.2032107;16.3451454
2605311708;node;Neubau;Rauch Juice Bar;fast_food;;juice;Mo-Fr 08:00-18:00;;;
2613518523;node;Neubau;Sharky;cafe;;;Mo-Su,PH 09:00-20:00;;48.1977414;16.3531198
2613518524;node;Neubau;Ocean'sky;restaurant;;;Mo-We, Fr-Su 10:00-18:00;;;
2669050201;node;Neubau;Wein & Co;bar;;;Mo-Sa 10:00-2:00;;;
2701010146;node;Neubau;Starbucks;cafe;;coffee_shop;Mo-Th 06:30-21:00;;;
2737141631;node;Neubau;Chili & Pfeffer;restaurant;;chinese;Mo-Fr 11:30-14:30, 17:00-24:00;;;
2887404176;node;Neubau;Meyhane Viyana;bar;;;;;48.199846;16.3451752
2896228563;node;Neubau;Epos;restaurant;;kurdish;Mo-Su,PH 10:00-24:00;http://www.restaurantepos.at/;48.2022469;16.3542038
2960971943;node;Neubau;Liebling;cafe;;;;;48.1996955;16.3509696
2973708601;node;Neubau;Brandauer im Gerngroß;restaurant;;austrian;Mo-Su 10:00-24:00;https://www.bierig.at/;48.199895;16.3531042
2976440916;node;Neubau;Sri-Nataraja;restaurant;;indian;Tu-Th 11:30-15:30,17:30-22:00;;;
2990971599;node;Neubau;Dancing Shiva Superfoods;restaurant;;;Mo-Fr 11:00-19:00;;;
3016770833;node;Neubau;KÖÖ 7;pub;;;Mo-Su 10:00-02:00;http://www.billardcafe.at/de/lokale/1070-kirchengasse.html;48.2045545;16.3513894
3235042362;node;Neubau;Tredici Gradi;bar;;;Mo-Sa 10:30-01:00;;;
3263833718;node;Neubau;Grandmother food;restaurant;;chinese;Tu-Su,PH 11:30-15:00,17:30-22:30, Mo 11:30-15:00;http://www.grandmotherfood.at/;48.2042429;16.3417958
3316480735;node;Neubau;*tart'a tata;cafe;;french;Mo-Sa 10:00-18:00;https://tarte.at;48.2001459;16.3510382
3344134380;node;Neubau;Westpol;restaurant;;;Mo-Fr 11:00-23:00, Sa 09:00-23:00, Su,PH 09:00-22:00;https://www.westpol-wien.at/;48.206956;16.3457363
3370516708;node;Neubau;Saint George Cocktail Bar;bar;;;;;48.2058141;16.3443762
3425469742;node;Neubau;Der Fuchs und die Trauben;restaurant;;international;Tu-Sa 17:00-01:00;http://www.derfuchsunddietrauben.com/;48.2028823;16.3437277
3425553021;node;Neubau;Toma Tu Tiempo;restaurant;;spanish;Tu-Th 17:00-23:00;;;
3517376631;node;Neubau;Kaffätscherl;cafe;;;Tu-Fr 08:00-17:00;;;
3586247775;node;Neubau;kaffemik;cafe;;coffee_shop;;;;
3605242564;node;Neubau;Fritto1070;fast_food;;chicken;;;;
3682024831;node;Neubau;Die Parfümerie;bar;;;Tu-Th 18:00-01:00;;;
3730835599;node;Neubau;Café Zehnsiebzig;cafe;;;Mo-Fr 08:00-22:00;;;
3786175962;node;Neubau;Fürth Kaffee;cafe;;;Tu-Fr 08:00-18:00;;;
3804822012;node;Neubau;Happy Lamb;restaurant;;chinese;12:00-23:00;https://happylamb.at/;48.1984635;16.3537746
4065498107;node;Neubau;KOLBE;restaurant;;;Tu-Su,PH 11:00-23:00;;;
4068343022;node;Neubau;Cafe Komet;cafe;;;Tu-Fr 08:00-18:00;;;
4068343023;node;Neubau;The Lizard - Pub & Billards;bar;;;Tu-Sa 17:00-02:00, Su,Mo 17:00-24:00;https://www.lizardpub.at/;48.2043113;16.3513618
4068343030;node;Neubau;Momo Pizza Gourmet;restaurant;;pizza;Su-We 17:00-23:00;;;
4068398775;node;Neubau;Pixel Pizza;fast_food;;;;;48.2021596;16.3511226
4088648567;node;Neubau;Saftis;cafe;;;;;48.200617;16.34087
4088714395;node;Neubau;Formosa;cafe;;taiwanese;Mo-Sa 11:00-21:00;;48.2042003;16.3429976
4088782472;node;Neubau;Fortuna;bar;;;;;48.2040983;16.3416728
4097479158;node;Neubau;Pizzi*s and Cream;restaurant;;pizza;Mo-Th 11:30-23:00, Su 11:30-23:00, Fr,Sa 11:30-24:00;;;
4097496289;node;Neubau;Pizzi's & Cream;restaurant;;ice_cream;;;;
4098511098;node;Neubau;Boheme;restaurant;;;Mo-Fr 16:00-24:00, Sa-Su 11:00-24:00;;48.2039313;16.3549737
4100006592;node;Neubau;Sette;restaurant;;pizza;Mo-Su,PH 11:00-23:00;;48.2044086;16.3428141
4100026438;node;Neubau;Acabar;bar;;;Tu-Sa 17:00-01:00;;48.2042084;16.3412277
4100026450;node;Neubau;Laternderl;pub;;;Mo-Sa 16:00-22:00+;;48.2042174;16.3411164
4100027617;node;Neubau;Peep Show;bar;;;Mo-Sa 10:00-23:00;;;
4100077924;node;Neubau;Café Journal;bar;;;Su-Th,PH 18:00-01:00, Fr,Sa 18:00-02:00;;48.202646;16.340498
4100091290;node;Neubau;Grand Cru Cafe;cafe;;;Tu-Fr 12:00-19:00, Sa 10:00-18:00;http://grandwhisky.at;48.203665;16.3400206
4101792157;node;Neubau;Maison Naya Vienna;cafe;;;Mo-Sa 08:00-17:00;;;
4210781134;node;Neubau;La Mezcaleria;restaurant;;mexican;;https://www.lamezcaleria.at;48.2050966;16.3545782
4444704341;node;Neubau;Burggasse 24;cafe;;;Mo-Su 10:00-22:00;;48.2043803;16.3522197
4474066145;node;Neubau;Gold Fisch;restaurant;;fish;Tu-Fr 09:30-19:00;;;
4524252207;node;Neubau;Sosaku;restaurant;;japanese;Mo-Sa, PH 18:00-23:00;;;
4551006234;node;Neubau;Der Dachboden im 25hours Hotel beim MuseumsQuartier;bar;;;Mo-Su 15:00-01:00;https://www.25hours-hotels.com/restaurants-bars/wien/dachboden;48.2063708;16.3546782
4608653383;node;Neubau;Bros. Pizza;restaurant;;pizza;Mo-Sa 12:00-21:00;;;
4608653384;node;Neubau;Bao Bar;restaurant;;asian;Mo-Sa 11:30-20:00;https://www.baobar.at/;48.1992336;16.3512476
4640744570;node;Neubau;Smashbox;fast_food;;burger;Mo-Su 12:00-22:00;https://www.smashbox-burger.at/;48.1994338;16.349605
4645636014;node;Neubau;Figar;cafe;;;Mo-We 08:00-24:00;;;
4692410949;node;Neubau;Door No. 8;restaurant;;steak_house;;https://door8.at/;48.1989697;16.3497994
4754572221;node;Neubau;Ganz Wien;bar;;;Mo-Th 16:00-24:00;;;
4780939638;node;Neubau;Le Troquet;cafe;;french;Mo-Sa 11:00-02:30, Su 17:00-01:00, PH 17:00-02:30;;48.2011329;16.3523268
4780939646;node;Neubau;Govinda Kulturtreff;restaurant;;indian;Mo-Sa 10:00-17:00;;48.2013901;16.3544633
4807769232;node;Neubau;J. Hornig Kaffeebar;cafe;;;Mo-Fr 08:00-19:00;;;
4909372462;node;Neubau;Cafe Augenblick;cafe;;;Mo-Sa 15:00-01:00, PH 15:00-01:00;http://augenblick-1070.at/;48.2068908;16.3434022
5088959436;node;Neubau;Ototo;cafe;;;Mo-Fr 08:00-19:00;;;
5313200261;node;Neubau;Il Tavoliere Caffè Ristorante;cafe;;italian;Mo-Fr 12:00-23:00;;;
5332175424;node;Neubau;Rinkhy Delikatessin Bar;bar;;tapas;Mo-Sa 17:00-24:00;https://www.rinkhy.com/;48.2023032;16.3448585
5409593151;node;Neubau;Forno;cafe;;;Tu-Fr 10:30-19:30;;;
5477352521;node;Neubau;Pho 84;restaurant;;vietnamese;Th-Tu,PH 11:30-22:00;;;
5548620020;node;Neubau;schadekgasse 12;bar;;;Mo-Sa 10:00-02:00;;;
5624916021;node;Neubau;Tsutenkaku;restaurant;;japanese;;;;
5646202423;node;Neubau;Kvetch Smashed Burgers;fast_food;;burger;Th-Su 12:00-15:30, 16:30-21:00;https://www.25hours-hotels.com/restaurants-bars/wien/kvetch-smashed-burgers;48.2061761;16.3547254
5666216621;node;Neubau;Spazio;restaurant;;;Mo-Sa 10:00-20:00;;;
5773323975;node;Neubau;Berliner Restaurant & Bar;restaurant;;grill;;;48.2019272;16.3448931
5960936301;node;Neubau;Joseph Brot;cafe;;;Tu-Sa 07:30-18:00;;;
6015488142;node;Neubau;Jonas Reindl;cafe;;;Mo-Su 09:30-17:30;https://www.jonasreindl.at/;48.2017366;16.3453756
6019440887;node;Neubau;jia;restaurant;;;Tu-Fr 11:30-15:00,18:00-23:00;;;
6019712904;node;Neubau;Pizzeria La Spiga;restaurant;;pizza;Mo-Fr 11:30-14:30, 17:30-22:30;;;
6019712906;node;Neubau;Agent Oscar;bar;;;Mo,Tu 16:00-23:00;;;
6019712910;node;Neubau;Saint George Cocktail Bar;bar;;;Tu-Th 18:00-01:00;;;
6188291485;node;Neubau;Gundis Café & Restaurant;restaurant;;breakfast;;;;
6336080709;node;Neubau;Cafe Roza;bar;;;Tu-Th 14:00-24:00;;;
6368867597;node;Neubau;Tredici e Mezzo - 13.5°;bar;;;Mo-Sa 16:00-01:00;;48.1994307;16.3465606
6397265280;node;Neubau;Lupetto Bar;restaurant;;italian;Th-Fr 12:00-14:30, 17:30-23:00;;;
6428467034;node;Neubau;Domino's;fast_food;;pizza;Mo-Th 11:00-22:00;;;
6700873285;node;Neubau;Florentin;cafe;;chicken;;;;
6746771324;node;Neubau;Süssmund;cafe;;;;;48.2040249;16.3451554
7022370186;node;Neubau;Sibel's;restaurant;;turkish;Th-Tu 10:00-22:00;;;
7128166485;node;Neubau;Gustav Emil Paula Paula;cafe;;;Mo-Fr 07:30-19:00, Sa 07:30-14:00;https://www.gepp.wien/;48.2010565;16.3501811
7177529985;node;Neubau;Thai Imbiss;restaurant;;thai;Mo-Sa 11:00-22:00;https://thai-imbiss.at/;48.2050456;16.3491755
7188954255;node;Neubau;Spazio Coffee&Waffle;cafe;;waffle;Mo-Fr 10:00-20:00;;;
7646988362;node;Neubau;O'pal;cafe;;;Mo-Sa 09:00-23:00;;;
7799415985;node;Neubau;sous-bois café;cafe;;;Tu-Th 09:00-19:00;;;
8121226860;node;Neubau;Lin's veggie Dumplin';restaurant;;sushi;Tu-Th 11:00-15:00, 17:30-21:00;;;
8121226864;node;Neubau;Camillo;bar;;;;;48.2032599;16.3488754
8121226865;node;Neubau;PopUp by Camillo;cafe;;;;;48.2032251;16.3488776
8121226878;node;Neubau;Dos Y Dos;restaurant;;mexican;;;48.2023745;16.3491807
8179801571;node;Neubau;Nana7;restaurant;;sushi;Mo-Fr 11:00-14:30,17:30-23:00;https://www.nana7.at/;48.206213;16.3512517
8201863423;node;Neubau;Jazzcafe Sofa;bar;;;Mo-Sa 17:00-02:00;https://www.jazzcafesofa.at/;48.20125;16.3546072
8201883618;node;Neubau;R&;bar;;;We-Sa 16:00-23:00;;48.2012582;16.3546477
8253375411;node;Neubau;the LaLa;restaurant;;american;Mo-Su 09:00-20:00;https://www.the-lala.com/;48.205266;16.3530426
8568060417;node;Neubau;Seven North;restaurant;;french;;;;
8592858521;node;Neubau;Tapas Mayas;restaurant;;mexican;Tu-Sa 17:00-23:30;http://www.tapasmayas.homepage.eu;48.2010114;16.3407835
8807279912;node;Neubau;Ramen Makotoya MAHÜ;restaurant;;ramen;Mo off;;;
8814825322;node;Neubau;Makom;restaurant;;israeli;;;;
9116623248;node;Neubau;Truth Coffee;cafe;;coffee_shop;Tu-Fr 09:00-17:00;;;
9177716364;node;Neubau;milyn - Fudionhouse;restaurant;;;Mo-Fr 16:00-23:00;;;
9498232253;node;Neubau;Café Domino;restaurant;;;Mo-Sa 16:00-24:00;;48.2064855;16.3480456
9532937360;node;Neubau;Das Vivet;restaurant;;;Fr,Sa 08:00-01:00, PH,Su 08:00-18:00;;;
9550361735;node;Neubau;Arket Cafe;cafe;;;Mo-Sa 10:00-18:00;;;
9658671917;node;Neubau;P‘AM;cafe;;;Mo-Su 07:50-17:00;https://www.pam1070.com/;48.201595;16.3518745
9750929683;node;Neubau;Nordsee;fast_food;;seafood;Mo-Fr 09:00-20:00;;;
9874823247;node;Neubau;Luster;bar;;;Mo,Su,PH off;;;
9901835810;node;Neubau;Berkmen's;fast_food;;;;;48.205594;16.3453567
9924871919;node;Neubau;Ströck;cafe;;coffee_shop;;;;
10133117357;node;Neubau;Honu;fast_food;;bowls;Mo-Fr 11:00-20:00;;;
10133117395;node;Neubau;Uncle Lee's;fast_food;;chinese;11:00-20:30;;48.1995861;16.3540298
10169918776;node;Neubau;Tenha;restaurant;;;Tu-Sa 17:00-23:00;https://www.tenha.at;48.2031741;16.347452
10171877191;node;Neubau;Lenz;bar;;;We,Th 18:00-24:00;;;
10210154885;node;Neubau;daylounge;cafe;;;;;48.1998755;16.3535061
10210154897;node;Neubau;Lucky Noodles;fast_food;;asian;Mo-Sa 11:00-20:00;;48.1996857;16.3529564
10210154908;node;Neubau;Cinnamood;fast_food;;dessert;Mo-Fr,Su 09:00-20:30;;;
10277971609;node;Neubau;Soya Noodles;restaurant;;asian;Mo-Sa 10:30-23:00;;;
10772696375;node;Neubau;Coffee Junkie;cafe;;coffee_shop;;;;
10780026705;node;Neubau;Karma Food;restaurant;;;Mo-Fr 11:00-14:30;https://karmafood.at/;48.2052124;16.350911
10899894659;node;Neubau;Wiener Genussladen;fast_food;;;Tu-Sa 09:00-18:00;;48.1986962;16.3519365
10899894660;node;Neubau;Shodai;cafe;;bubble_tea;Su-Th 12:00-21:00;;;
10925272336;node;Neubau;Bome Café;cafe;;;Mo-Su 09:30-18:00;https://www.bome-coffee.com/;48.2011834;16.3544049
10957646005;node;Neubau;Urban Bistro;pub;;;;;48.1976956;16.3475201
11047242965;node;Neubau;Rauwolf Rosthaus Brewbar;cafe;;breakfast;;;;
11165602986;node;Neubau;Bernard Stüberl;restaurant;;;Mo-Fr 10:00-23:00;;48.2066062;16.3435605
11279731677;node;Neubau;Das Bock;fast_food;;burger;;;48.1997398;16.3494854
11328998830;node;Neubau;XO Grill;fast_food;;burger;Mo-Su,PH 12:00-22:00;https://xo-grill.at/;48.204147;16.3490837
11359772809;node;Neubau;Moby Dick;bar;;;;https://www.mobydickvienna.at/;48.2054113;16.3521555
11405179969;node;Neubau;Chap In MI;restaurant;;vietnamese;;;48.1982755;16.3420782
11438593044;node;Neubau;Wildkaffee;cafe;;;;;48.2024255;16.3467869
11439276501;node;Neubau;Needle Vinyl Bar;bar;;;Mo-Fr 11:00-00:00;;;
11550881464;node;Neubau;Jin's Zieglergasse;restaurant;;chinese;Mo-Sa 11:30-22:00;https://www.jins.at/jins1070;48.1986943;16.3450482
11751140628;node;Neubau;Citrus Vienna;restaurant;;italian;Tu-Fr 10:30-21:00;;;
11831598760;node;Neubau;Soulmate Bar;bar;;;;https://soulmatebar.com;48.2022391;16.3494328
11931330427;node;Neubau;"""Cafe Old Vienna""";cafe;;;;;48.2001266;16.3449081
11961641713;node;Neubau;Zum Wiener Würstl;fast_food;;hotdog;;;;
11994912988;node;Neubau;Scout 7;pub;;;;;48.1984844;16.3433156
12104435420;node;Neubau;Matteo;restaurant;;italian;Tu-Th 18:00-23:00;;;
12609294004;node;Neubau;Café Essenz;cafe;;;Tu-Th 09:00-15:00;;;
12790367171;node;Neubau;La Paninoteca;bar;;italian;Tu-Th 16:00-23:00;;;
12924321524;node;Neubau;Diego's - Street food Napoletano;restaurant;;italian;Mo-Fr 07:00-23:00, Sa 07:00-23:30;https://diegos.at/;48.2017231;16.3436765
12963994913;node;Neubau;Don Taco;restaurant;;mexican;Tu-Fr 11:30-13:30;;;
13018782563;node;Neubau;Fitzcarraldo Speakeasy;bar;;;Tue–Thu 18:00–00:00;;;
13026499233;node;Neubau;Matcha Komatchi Lerchenfelder Straße;restaurant;;;;;48.2063931;16.3487586
13063082340;node;Neubau;FEIN;fast_food;;kebab;;;;
13131530806;node;Neubau;Agora;cafe;;;;;48.2065817;16.3488716
13131540711;node;Neubau;Taberna de la mancha;restaurant;;;;;48.2068542;16.3474246
13159552397;node;Neubau;Brasserie De La Marie;restaurant;;;Tu-Sa 17:00-23:00;;48.1976246;16.3504842
13255098905;node;Neubau;Coconut Curry;restaurant;;;Tu-Sa 11:00-23:00;https://coconut-curry.at/;48.2043647;16.3478966
13316129068;node;Neubau;Epos Café;cafe;;coffee_shop;Mo-Th 07:00-18:00;;;
13326954001;node;Neubau;Coconut Curry;restaurant;;curry;;;;
13342613389;node;Neubau;Damani;cafe;;;;http://www.damani.at/;48.1996679;16.3507381
13414466506;node;Neubau;The Coffee Neubaugasse;cafe;;coffee_shop;Mo-Fr 08:00-19:00;;;
13448962201;node;Neubau;Binter;bar;;;Mo, We-Th 10:00-23:00;;;
13449551460;node;Neubau;Papa Duck;restaurant;;;;;48.1981127;16.3542271
13598468703;node;Neubau;Sake;restaurant;;sushi;Mo,We-Sa 11:00-22:00;;48.2047663;16.3398147
13623486313;node;Neubau;1211 Café;cafe;;bowls;;;;
13725706566;node;Neubau;Do&Mi;fast_food;;;;;48.2055976;16.3452318
13725718871;node;Neubau;Cult. cafe;cafe;;;;;48.2054279;16.3462387
13746114839;node;Neubau;l'autentico;bar;;;;;48.1989445;16.343436
13750457902;node;Neubau;Soula;restaurant;;austrian;We-Th 11:00-22:00;;;
146834180;way;Neubau;Wandel;restaurant;;regional;;;;
495648515;way;Neubau;Nordsee;fast_food;;seafood;Mo-We 10:00-20:00;;;
495648517;way;Neubau;Nordsee;fast_food;;seafood;Mo-Fr 10:00-20:00;;;
749276322;way;Neubau;Xtra Wurst;fast_food;;sausage;Mo-Tu 11:00-22:00;;;
1467319607;node;Neubau;Rodler Gschwenter Gallery;;gallery;;;;48.2006335;16.3504327
2577280330;node;Neubau;Spielmann mit Kindern;;artwork;;;;48.2017173;16.3489016
4088663777;node;Neubau;zs art galerie;;gallery;;;http://www.zsart.at/;48.2017074;16.3420032
4780892914;node;Neubau;Bezirksmuseum Neubau;;museum;;;https://www.bezirksmuseum.at/de/bezirksmuseum_7;48.2030396;16.3544109
5641979522;node;Neubau;Space Invader;;artwork;;;;48.2041765;16.3540016
6264770687;node;Neubau;Museum der Mechitharisten-Congregation;;museum;;;https://mechitharisten.org/;48.2060826;16.3541613
6627474004;node;Neubau;Zwei kämpfende Ritter;;artwork;;;;48.2043162;16.3490524
7221245804;node;Neubau;Welthandel;;artwork;;;;48.2054377;16.3463555
7221245805;node;Neubau;Zweite Türkenbelagerung 1683, das Zelt von Kara Mustafa;;artwork;;;;48.2052527;16.3509187
8592824106;node;Neubau;Buchvitrine;;artwork;;;;48.2002047;16.3451003
11272298469;node;Neubau;AMART Gallery;;gallery;;Th-Sa 11:00-19:00;https://www.amart.at/;48.2048732;16.3414017
12111647001;node;Neubau;dito;;gallery;;;https://ditodito.xyz/;48.2021593;16.3470193
13076092039;node;Neubau;Bauen Vertrauen;;artwork;;;;48.2002651;16.3485626
13107723358;node;Neubau;Bauarbeiter;;artwork;;;;48.1989939;16.3431234
13107723359;node;Neubau;Von morgens bis abends;;artwork;;;;48.1989767;16.3429936
13328401671;node;Neubau;Hard Light;;artwork;;;;48.2022468;16.3538947
13556416781;node;Neubau;k48;;gallery;;;;48.2050945;16.3516577
13638039500;node;Neubau;space invader;;artwork;;;;48.20224;16.3536917
346974755;way;Neubau;Westlicht;;museum;;Tu,We,Fr 14:00-19:00;;;
1237297463;way;Neubau;Retro Gaming Museum;;museum;;Mo-Su,PH 10:00-19:00;https://www.gamingmuseum.at/;48.1978838;16.3523451
